state,latitude,longitude,city,name,status,founded_at,first_funding_at,last_funding_at,age_first_funding_year,age_last_funding_year,age_first_milestone_year,age_last_milestone_year,relationships,funding_rounds,funding_total_usd,milestones,state_code,category_code,has_VC,has_angel,has_roundA,has_roundB,has_roundC,avg_participants,is_top500,id,funding_duration_first,funding_duration_last,broad_category,funding_category
California,37.796843,-122.400346,San Francisco,Demandbase,operating,2006-01-01,2008-08-25,2013-03-28,2.65,7.24,4.38,7.17,19,3,33000000,3,CA,analytics,0,0,0,1,1,4.33,1,2,967,2643,Software,High
California,37.775196,-122.419204,San Francisco,Wikinvest,operating,2006-01-01,2007-10-01,2007-10-01,1.75,1.75,4.5,6.33,7,1,2500000,2,CA,web,0,0,1,0,0,1.0,1,3,638,638,Software,Medium
California,36.116203,-119.681564,San Francisco,Jogabo,closed,2011-01-01,2011-11-04,2011-11-04,0.84,0.84,1.92,1.92,5,1,40000,1,CA,games_video,0,1,0,0,0,1.0,1,4,307,307,Software,Low
California,37.384239,-122.012475,Sunnyvale,iCharts,closed,2008-01-01,2012-02-29,2012-02-29,4.16,4.16,1.61,4.16,5,1,3100000,3,CA,analytics,0,0,1,0,0,4.0,1,5,1520,1520,Software,Medium
New York,42.165726,-74.948051,New York,ChatID,operating,2011-04-01,2011-07-01,2013-05-31,0.25,2.17,1.76,1.76,9,3,3268000,1,NY,mobile,0,1,0,0,0,6.0,1,6,91,791,software,Medium
California,37.555962,-122.288006,San Mateo,Brand.net,operating,2007-01-01,2007-11-12,2010-06-22,0.86,3.47,5.0,5.0,13,3,27000000,1,CA,advertising,0,0,1,1,1,2.0,1,7,315,1268,Service,High
Kansas,39.028882,-94.634808,Fairway,C2FO,operating,2008-02-01,2012-09-05,2013-07-23,4.6,5.48,4.6,4.6,1,2,27100000,1,KS,software,0,0,1,1,0,2.5,1,8,1678,1999,Software,High
California,34.054259,-118.414064,Los Angeles,Quant the News,operating,2007-01-01,2007-01-01,2007-01-01,0.0,0.0,1.69,1.69,2,1,150000,1,CA,web,0,1,0,0,0,2.0,0,9,0,0,Software,Low
Washington,47.6254784,-122.3564234,Seattle,Foodista,operating,2008-02-01,2009-04-16,2010-04-08,1.21,2.18,1.22,1.22,3,2,1300000,1,WA,hospitality,1,0,1,0,0,1.0,0,10,440,797,Service,Low
California,37.421621,-122.137444,San Mateo,Funny Or Die,operating,2007-03-01,2007-04-01,2008-12-23,0.08,1.82,5.76,6.49,16,4,18000000,2,CA,games_video,1,0,1,1,0,1.67,1,11,31,663,Software,High
Ohio,40.388783,-82.764915,Cincinnati,SoMoLend,operating,2011-05-11,2011-09-10,2013-03-06,0.33,1.82,1.29,1.29,4,5,5395000,1,OH,finance,0,1,0,0,0,3.67,1,12,122,665,Service,Medium
California,36.116203,-119.681564,San Mateo,Guavus,operating,2006-02-01,2011-10-09,2013-06-10,5.69,7.36,6.52,6.98,4,5,80512816,2,CA,analytics,0,0,0,1,1,3.25,1,13,2076,2686,Software,High
California,37.7929789,-122.4212424,San Francisco,Happy Inspector,closed,2011-10-01,2012-07-18,2012-07-18,0.8,0.8,0.0,0.0,3,1,895000,1,CA,mobile,0,1,0,0,0,2.0,1,14,291,291,software,Low
California,36.116203,-119.681564,Sebastopol,Webvanta,closed,2007-09-01,2008-01-01,2013-01-03,0.33,5.35,2.54,2.54,7,4,1682618,1,CA,public_relations,1,1,1,0,0,1.0,0,15,122,1951,Service,Low
California,34.156971,-118.493484,Encino,uSamp,operating,2008-04-01,2008-04-01,2013-07-15,0.0,5.29,2.23,5.68,15,4,29540000,3,CA,web,0,0,1,1,1,2.0,1,16,0,1931,Software,High
Wisconsin,44.268543,-89.616508,Green Bay,Aver Informatics,operating,2010-06-04,2010-10-27,2013-03-29,0.4,2.82,0.09,0.09,2,3,2475000,1,WI,analytics,0,1,0,0,0,8.0,0,17,145,1029,Software,Medium
Texas,30.355703,-97.797117,Austin,SailPoint Technologies,operating,2005-12-01,2006-01-01,2013-11-29,0.08,8.0,7.42,7.42,10,4,25830908,1,TX,enterprise,0,0,1,1,1,4.0,1,19,31,2920,Software,High
California,36.116203,-119.681564,Mountain View,Bitcasa,operating,2011-01-01,2011-01-01,2013-11-11,0.0,2.86,2.72,2.86,5,4,19500000,2,CA,enterprise,0,1,1,0,0,3.25,1,20,0,1045,Software,High
California,36.116203,-119.681564,Foster City,Balluun,operating,2009-08-14,2013-07-23,2013-07-23,3.94,3.94,2.38,4.19,5,1,8700000,2,CA,ecommerce,0,0,0,1,0,1.0,0,21,1439,1439,Software,Medium
Massachusetts,42.230171,-71.530106,Boston,FitnessKeeper,operating,2008-01-01,2009-11-30,2011-11-21,1.92,3.89,2.92,4.23,6,3,11510000,4,MA,health,1,1,0,1,0,2.67,1,22,699,1420,Service,High
Arkansas,34.969704,-92.373123,Bentonville,Collective Bias,operating,2009-05-11,2009-01-01,2013-04-02,-0.36,3.9,3.75,4.06,22,3,11000000,3,AR,social,0,1,1,0,0,1.0,1,23,-130,1422,Software,Medium
Massachusetts,42.3391849,-71.0367443,Boston,Pingup,operating,2010-05-01,2012-11-20,2012-11-20,2.56,2.56,1.34,1.34,5,1,4000000,1,MA,web,0,0,1,0,0,1.0,1,24,934,934,Software,Medium
Florida,27.766279,-81.686783,Miami Beach,Billfish Software,operating,2007-10-15,2010-10-15,2010-10-15,3.0,3.0,-0.04,-0.04,1,1,500000,1,FL,enterprise,0,1,0,0,0,1.0,0,25,1096,1096,Software,Low
Illinois,40.349457,-88.986137,Carbondale,orderbolt,closed,2011-07-31,2012-01-22,2012-01-22,0.48,0.48,0.42,0.59,7,1,48501,2,IL,software,0,1,0,0,0,4.0,0,26,175,175,Software,Low
California,37.477008,-122.151599,Menlo Park,Personalis,operating,2011-08-01,2011-08-15,2013-10-07,0.04,2.19,1.42,1.42,12,2,42000000,1,CA,biotech,0,0,1,1,0,3.0,1,28,14,798,software,High
Washington,47.6077158,-122.3397906,Seattle,Buck,operating,2007-01-01,2011-04-06,2011-06-21,4.26,4.47,4.5,5.13,9,3,6865000,2,WA,mobile,1,0,0,1,0,2.5,1,29,1556,1632,software,Medium
Florida,28.757202,-81.334464,Lake Mary,Spectrum Bridge,operating,2007-03-01,2008-09-05,2011-09-13,1.52,4.54,1.52,1.52,8,4,23326001,1,FL,network_hosting,0,0,0,1,0,3.33,1,30,554,1657,Software,High
Massachusetts,42.230171,-71.530106,Southborough,Credorax,operating,2008-01-01,2011-09-19,2013-08-27,3.72,5.66,3.0,3.0,1,3,40000000,1,MA,ecommerce,1,0,0,0,0,1.0,1,31,1357,2065,Software,High
New York,40.7388319,-73.9815337,New York,"LeadSpend, Inc.",closed,2008-11-01,2011-08-01,2011-08-01,2.75,2.75,2.5,2.5,3,1,250000,1,NY,messaging,0,1,0,0,0,3.0,0,32,1003,1003,Software,Low
New York,42.165726,-74.948051,New York,Plastyc,operating,2006-01-01,2011-02-06,2011-02-06,5.1,5.1,5.09,6.58,10,1,2000000,2,NY,finance,0,0,0,1,0,1.0,0,34,1862,1862,Service,Low
Massachusetts,42.355077,-71.056928,Boston,Xactly Corp,operating,2005-03-01,2006-03-24,2012-10-01,1.06,7.59,1.84,1.84,17,6,73870000,1,MA,analytics,1,0,0,1,1,4.0,1,35,388,2771,Software,High
Utah,40.234939,-111.658494,Provo,i.TV,operating,2008-10-01,2013-08-12,2013-12-09,4.87,5.19,3.5,5.1,7,2,9197854,2,UT,games_video,1,0,0,0,0,1.0,0,36,1776,1895,Software,Medium
California,37.78985,-122.400683,San Francisco,Expensify,operating,2008-05-01,2009-05-01,2010-09-07,1.0,2.35,1.63,4.02,7,2,6700000,3,CA,software,0,1,1,0,0,4.0,1,37,365,859,Software,Medium
Kentucky,37.66814,-84.670067,Lexington,BuildingLayer,closed,2011-01-01,2011-06-01,2011-06-01,0.41,0.41,0.41,0.41,4,1,20000,1,KY,software,0,1,0,0,0,2.0,1,38,151,151,Software,Low
New York,42.165726,-74.948051,New York,Pricing Engine,operating,2011-06-06,2011-06-06,2013-03-27,0.0,1.81,-0.01,2.39,2,3,1725000,2,NY,advertising,0,1,0,0,0,1.0,1,40,0,660,Service,Low
California,41.889832,-87.626718,Palo Alto,Inadco,operating,2008-04-01,2009-01-01,2013-06-26,0.75,5.24,3.84,5.24,12,3,17000000,3,CA,advertising,0,1,1,1,0,2.33,1,42,275,1912,Service,High
New York,40.733928,-73.991334,New York,Buzzd,operating,2007-11-01,2008-04-24,2011-08-11,0.48,3.78,2.44,3.46,9,4,4000000,2,NY,mobile,0,0,1,0,0,3.0,1,43,175,1379,software,Medium
California,36.116203,-119.681564,San Jose,Nimble Storage,operating,2008-01-01,2010-12-08,2012-09-10,2.94,4.7,4.59,5.8,14,3,81700000,3,CA,enterprise,0,0,0,0,1,4.0,1,44,1072,1714,Software,High
California,36.116203,-119.681564,Mountain View,Hall,operating,2011-01-01,2011-10-17,2013-07-23,0.79,2.56,2.68,2.68,7,2,6080000,1,CA,messaging,0,1,1,0,0,3.5,1,45,289,934,Software,Medium
California,37.553743,-122.300246,San Mateo,Veodia,operating,2006-01-01,2008-05-12,2008-05-12,2.36,2.36,2.25,3.52,4,1,8300000,3,CA,games_video,0,0,1,0,0,2.0,1,46,862,862,Software,Medium
California,37.5758867,-122.3277578,Manhattan Beach,DealBase Corporation,closed,2008-06-01,2009-05-08,2009-05-08,0.93,0.93,0.92,3.75,9,1,1000000,2,CA,web,0,1,0,0,0,3.0,1,47,341,341,Software,Low
Florida,30.310978,-81.657707,Jacksonville,Cliqset,closed,2008-08-08,2008-09-14,2009-06-01,0.1,0.81,2.34,3.06,4,2,2000000,2,FL,web,0,1,0,0,0,1.0,0,48,37,297,Software,Low
California,36.116203,-119.681564,El Segundo,JustFab,operating,2010-02-01,2011-09-21,2013-09-26,1.64,3.65,0.92,3.55,2,3,149000000,3,CA,fashion,0,0,1,1,1,3.67,1,49,597,1333,Business,High
Massachusetts,42.230171,-71.530106,Marlborough,Bridge Energy Group,operating,2006-01-01,2011-09-19,2011-10-03,5.72,5.76,5.0,5.0,12,2,11000000,1,MA,consulting,1,0,1,0,0,1.0,1,50,2087,2101,Business,Medium
New York,42.165726,-74.948051,New York,Startapp,operating,2010-12-01,2012-03-27,2012-03-27,1.32,1.32,1.05,1.63,0,1,4300000,2,NY,mobile,0,0,1,0,0,2.0,1,51,482,482,software,Medium
Wisconsin,43.090002,-89.5227621,Middleton,Alice.com,operating,2008-06-01,2010-10-10,2012-01-31,2.36,3.67,0.0,3.67,4,2,21827665,3,WI,ecommerce,0,0,1,0,0,2.0,0,52,861,1339,Software,High
New York,40.621591,-73.960717,New York,Payoneer,operating,2005-04-01,2005-01-01,2008-07-24,-0.25,3.32,6.05,7.92,13,3,14000000,2,NY,other,0,0,1,1,0,2.67,1,53,-90,1210,Business,High
Massachusetts,42.230171,-71.530106,Lexington,FirstFuel Software,operating,2011-09-01,2011-09-22,2013-12-10,0.06,2.28,1.0,1.0,6,3,20900000,1,MA,analytics,1,0,1,1,0,3.0,1,54,21,831,Software,High
Georgia,33.040619,-83.643074,Atlanta,SalesLoft,closed,2011-09-12,2011-09-12,2012-05-17,0.0,0.68,0.68,1.55,5,2,18000,2,GA,software,0,1,0,0,0,1.5,1,55,0,248,Software,Low
California,37.804619,-122.371203,San Francisco,Brightstorm,closed,2008-04-01,2008-10-21,2008-10-21,0.56,0.56,0.0,1.72,2,1,6000000,2,CA,games_video,0,0,1,0,0,1.0,0,56,203,203,Software,Medium
California,37.787954,-122.399347,San Francisco,PacketTrap Networks,operating,2006-01-01,2007-08-01,2007-08-01,1.58,1.58,1.16,1.16,6,1,5500000,1,CA,software,0,0,1,0,0,1.0,1,57,577,577,Software,Medium
Minnesota,45.694454,-93.900192,Minnetonka,FieldSolutions,closed,2006-01-01,2010-07-01,2010-07-01,4.5,4.5,5.5,5.5,5,1,1500000,1,MN,hardware,1,0,0,0,0,1.0,0,58,1642,1642,Hardware,Low
California,37.383526,-122.012808,San Jose,RiseSmart,operating,2007-02-01,2008-12-09,2012-02-01,1.85,5.0,1.67,4.86,12,4,12600000,4,CA,enterprise,1,0,1,0,0,1.5,1,59,677,1826,Software,High
California,36.116203,-119.681564,Redwood City,Trion Worlds,operating,2006-01-01,2007-07-09,2013-04-01,1.52,7.25,5.29,7.01,24,4,190120000,3,CA,games_video,1,0,0,1,1,3.75,1,60,554,2647,Software,High
Pennsylvania,40.590752,-77.209755,Philadelphia,CloudMine,operating,2011-05-01,2011-09-01,2013-03-21,0.34,1.89,1.89,2.0,10,4,1105000,2,PA,enterprise,1,1,0,0,0,1.0,1,61,123,690,Software,Low
California,36.116203,-119.681564,San Francisco,World Golf Tour,operating,2007-02-01,2008-05-01,2012-10-01,1.25,5.67,1.68,5.22,5,3,21000000,3,CA,sports,1,0,0,1,1,2.33,1,62,455,2069,Service,High
California,30.268735,-97.745209,San Francisco,GameSalad,closed,2007-08-27,2010-07-14,2011-03-31,2.88,3.59,4.2,4.93,20,2,7100000,2,CA,games_video,0,0,1,0,0,9.5,1,64,1052,1312,Software,Medium
Nevada,32.7801399,-96.8004511,Las Vegas,OrderWithMe,operating,2011-03-01,2011-12-08,2013-12-04,0.77,2.76,1.35,2.59,5,2,9000000,2,NV,software,0,0,1,1,0,4.0,1,65,282,1009,Software,Medium
California,37.51821,-122.044025,Newark,Lumenergi,operating,2008-01-01,2008-02-14,2012-03-13,0.12,4.2,2.65,4.12,1,3,26400000,2,CA,cleantech,0,0,1,1,0,2.0,1,66,44,1533,Business,High
Washington,47.6778363,-122.1979178,Kirkland,Buddy,operating,2011-09-22,2011-12-28,2012-05-30,0.27,0.69,1.44,2.07,13,2,1175000,3,WA,enterprise,0,1,0,0,0,3.0,1,67,97,251,Software,Low
Texas,32.800325,-96.820064,Dallas,Big In Japan,closed,2008-07-01,2008-09-18,2008-09-18,0.22,0.22,1.67,1.67,3,1,700000,2,TX,mobile,0,1,0,0,0,1.0,0,68,79,79,software,Low
Washington,47.614761,-122.198904,Bellevue,Finsphere,operating,2007-01-01,2008-06-06,2013-12-10,1.43,6.95,5.0,5.0,22,4,30700000,1,WA,mobile,1,0,1,0,0,2.0,1,69,522,2535,software,High
California,37.779624,-122.391236,San Francisco,Smule,operating,2008-01-01,2008-01-01,2011-10-31,0.0,3.83,3.58,5.75,24,4,25500000,2,CA,music,1,0,1,0,1,2.5,1,70,0,1399,Service,High
California,36.116203,-119.681564,San Francisco,Unmetric,operating,2011-02-01,2012-04-13,2013-09-01,1.2,2.58,1.65,2.63,11,2,8700000,3,CA,analytics,0,0,1,1,0,1.5,1,71,437,943,Software,Medium
California,37.388095,-122.08276,Mountain View,TrialPay,operating,2006-02-09,2007-02-20,2012-01-31,1.03,5.98,5.9,7.33,25,3,55800000,2,CA,advertising,0,0,1,1,1,7.33,1,72,376,2182,Service,High
New Jersey,40.913231,-73.959033,Tenafly,BitWine,operating,2005-12-01,2008-10-05,2008-10-05,2.85,2.85,0.08,5.27,4,2,22500000,4,NJ,mobile,1,0,1,0,0,1.0,0,73,1039,1039,software,High
California,37.3323666,-121.8917656,San Jose,Modria,operating,2011-04-01,2012-11-15,2013-07-01,1.63,2.25,2.25,2.25,23,2,7500000,1,CA,legal,0,0,1,0,0,2.5,1,74,594,822,Service,Medium
Utah,40.250096,-111.643179,Provo,FamilyLink,operating,2006-06-01,2007-08-01,2008-02-25,1.17,1.74,5.48,6.93,12,2,3650000,2,UT,web,0,0,1,1,0,2.0,1,75,426,634,Software,Medium
New York,40.741266,-73.990753,New York,eXelate,operating,2007-01-01,2007-10-01,2012-09-24,0.75,5.73,1.37,6.01,26,3,32000000,4,NY,advertising,0,0,1,1,1,2.67,1,76,273,2093,Service,High
California,34.030685,-118.464223,Los Angeles,Savings.com,operating,2007-01-01,2005-01-01,2008-11-12,-2.0,1.87,2.75,4.16,17,4,10000000,3,CA,web,0,0,1,1,0,1.0,1,78,-730,681,Software,Medium
California,37.503959,-122.249085,San Carlos,Livingly Media,operating,2006-01-01,2007-08-01,2012-05-01,1.58,6.33,6.59,6.67,6,2,15700000,2,CA,advertising,0,0,1,1,0,4.0,1,79,577,2312,Service,High
Florida,27.766279,-81.686783,Tampa,Synergy Hub,operating,2010-01-01,2011-03-06,2011-03-06,1.18,1.18,3.75,3.75,2,1,50000,1,FL,consulting,0,1,0,0,0,1.0,0,81,429,429,Business,Low
California,37.782163,-122.400591,San Francisco,Reframe It,closed,2007-02-01,2008-10-08,2010-01-08,1.68,2.94,1.68,3.39,12,2,3000000,3,CA,web,0,1,0,0,0,2.0,0,82,615,1072,Software,Medium
New York,40.738143,-74.008159,New York,Sailthru,operating,2008-06-01,2010-07-26,2013-02-11,2.15,4.7,4.7,5.28,18,3,28000000,2,NY,public_relations,0,1,1,1,0,5.67,1,83,785,1716,Service,High
New York,42.165726,-74.948051,Great Neck,DoesThatMakeSense.com,operating,2009-09-01,2009-09-01,2009-09-01,0.0,0.0,0.0,2.75,2,1,250000,2,NY,education,0,1,0,0,0,1.0,0,84,0,0,Service,Low
Pennsylvania,40.0018743,-75.2747196,Conshohocken,Poptent,operating,2007-03-01,2010-10-21,2012-07-12,3.64,5.37,1.61,6.26,11,2,8500000,2,PA,photo_video,1,0,1,0,0,1.0,1,85,1330,1960,Software,Medium
California,37.444098,-122.161287,Santa Clara,Nexenta Systems,operating,2005-09-26,2012-01-18,2013-02-27,6.32,7.43,6.32,7.43,13,4,49860000,3,CA,software,1,0,0,0,1,4.25,1,86,2305,2711,Software,High
California,37.458766,-122.172519,Palo Alto,Britely,operating,2007-01-01,2007-01-01,2009-09-03,0.0,2.67,2.42,5.33,7,3,3900000,2,CA,web,0,1,1,0,0,2.5,1,88,0,976,Software,Medium
California,37.786906,-122.397672,San Francisco,Disqus,operating,2007-05-05,2007-06-01,2011-05-04,0.07,4.0,3.54,6.03,22,4,20500000,4,CA,web,0,1,1,0,1,2.0,1,89,27,1460,Software,High
California,37.7864012,-122.4052321,San Francisco,Lift Worldwide,operating,2011-08-22,2011-08-22,2012-11-28,0.0,1.27,2.09,2.09,3,2,2500000,1,CA,web,0,1,1,0,0,1.5,1,90,0,464,Software,Medium
Indiana,39.849426,-86.258278,Indianapolis,BidPal Network,operating,2008-01-01,2011-07-08,2013-11-14,3.52,5.87,-1.0,-1.0,13,5,10785800,1,IN,nonprofit,0,0,0,1,0,2.0,1,91,1284,2144,Service,Medium
Massachusetts,42.378747,-72.519987,Boston,Dailybreak Media,operating,2008-05-01,2010-03-01,2013-06-11,1.83,5.12,-0.43,5.29,22,4,10510000,4,MA,advertising,1,1,1,0,0,2.67,1,92,669,1867,Service,Medium
California,37.406027,-121.918642,Milpitas,Vuclip,operating,2008-01-01,2009-09-22,2012-11-15,1.73,4.88,5.3,5.45,21,3,27000000,3,CA,photo_video,0,0,0,1,1,2.33,1,94,630,1780,Software,High
California,37.420728,-122.2103414,San Francisco,Booyah,operating,2008-08-01,2008-04-30,2013-03-28,-0.25,4.66,2.04,4.66,16,4,59500000,3,CA,games_video,0,0,1,1,1,2.33,1,95,-93,1700,Software,High
Colorado,39.059811,-105.311104,Boulder,MinuteKey,operating,2008-01-01,2011-09-29,2012-10-04,3.75,4.76,1.67,1.67,2,2,20600000,1,CO,hardware,1,0,0,1,0,2.0,1,96,1367,1738,Hardware,High
California,36.116203,-119.681564,San Mateo,FanSnap,operating,2007-01-01,2008-11-24,2009-08-12,1.9,2.61,4.93,4.94,9,3,15700000,2,CA,web,0,0,1,1,0,2.33,1,98,693,954,Software,High
California,36.116203,-119.681564,San Francisco,Pantheon,operating,2010-09-01,2010-09-01,2012-06-26,0.0,1.82,0.33,2.62,5,3,11300009,3,CA,enterprise,0,1,1,0,0,4.0,1,99,0,664,Software,Medium
California,36.116203,-119.681564,Santa Clara,Salorix,operating,2009-03-01,2011-11-14,2011-11-14,2.71,2.71,2.08,3.79,4,1,3500000,2,CA,advertising,0,0,1,0,0,2.0,1,100,988,988,Service,Medium
California,39.9052263,-86.0547016,San Francisco,Formspring,operating,2009-11-25,2010-01-15,2011-01-11,0.14,1.13,1.35,2.59,13,3,14255000,3,CA,web,1,0,1,0,0,6.5,1,101,51,412,Software,High
North Carolina,36.002893,-78.904075,Durham,ReverbNation,operating,2006-10-23,2006-08-17,2008-10-09,-0.18,1.96,6.52,7.07,13,2,5000000,2,NC,software,0,0,1,1,0,1.5,1,102,-67,717,Software,Medium
California,37.55909,-122.321836,Burlingame,isocket,operating,2009-08-01,2009-08-27,2012-11-01,0.07,3.25,4.19,4.19,24,3,10104119,2,CA,advertising,0,0,1,0,0,8.67,1,103,26,1188,Service,Medium
California,36.116203,-119.681564,San Jose,Sophia Search,closed,2007-07-18,2010-06-25,2013-03-04,2.94,5.63,5.63,6.21,20,2,4900000,2,CA,search,0,1,1,0,0,1.0,0,104,1073,2056,Software,Medium
Massachusetts,42.4535146,-71.4092198,Concord,ShopAdvisor,closed,2011-01-21,2012-05-16,2013-08-16,1.32,2.57,1.7,1.7,4,2,6950000,1,MA,advertising,1,0,0,0,0,5.0,0,105,481,938,Service,Medium
Wisconsin,44.268543,-89.616508,Eau Claire,PictureMe Universe,operating,2010-07-18,2011-04-12,2011-11-11,0.73,1.32,0.85,0.85,3,3,5000,1,WI,photo_video,0,0,0,0,0,1.0,0,106,268,481,Software,Low
California,37.794643,-122.401144,San Francisco,BrightRoll,operating,2006-01-01,2006-11-01,2011-11-15,0.83,5.87,4.38,7.83,23,4,46000000,4,CA,advertising,0,1,1,1,1,4.0,1,107,304,2144,Service,High
North Carolina,35.7998482,-78.8722341,Durham,StatSheet,operating,2007-06-01,2010-08-04,2011-09-12,3.18,4.28,1.12,4.5,4,2,5300000,3,NC,sports,1,0,1,0,0,3.0,1,109,1160,1564,Service,Medium
California,37.781262,-122.394958,San Francisco,Dipity,operating,2007-04-12,2007-09-01,2007-09-01,0.39,0.39,1.48,2.73,12,1,900000,3,CA,web,0,1,0,0,0,3.0,1,111,142,142,Software,Low
California,37.09024,-95.712891,San Francisco,DogTime Media,operating,2006-01-01,2007-09-01,2007-09-01,1.67,1.67,1.0,6.15,3,1,1000000,3,CA,web,0,1,0,0,0,1.0,1,112,608,608,Software,Low
Massachusetts,42.525491,-71.429502,Acton,Azuki Systems,operating,2008-01-01,2007-09-01,2012-10-04,-0.33,4.76,2.92,3.0,16,6,28100000,2,MA,enterprise,1,0,1,1,0,2.0,1,113,-122,1738,Software,High
Maryland,39.276119,-76.612757,Baltimore,Parking Panda,closed,2011-04-17,2011-06-06,2013-03-05,0.14,1.88,1.42,1.55,8,2,4725000,2,MD,transportation,0,1,1,0,0,1.0,1,114,50,688,Business,Medium
Colorado,39.738499,-105.158645,Denver,TrackVia,operating,2006-01-01,2007-06-01,2012-09-24,1.41,6.73,6.73,6.92,7,4,9021221,2,CO,software,1,1,1,1,0,4.0,1,115,516,2458,Software,Medium
New York,40.744618,-73.987764,New York,Yipit,operating,2010-02-10,2010-04-07,2011-06-21,0.15,1.36,0.39,3.18,4,3,7550000,3,NY,web,0,1,1,1,0,6.0,1,118,56,496,Software,Medium
California,37.781262,-122.394958,San Francisco,Virgance,closed,2008-05-01,2009-02-20,2009-02-20,0.81,0.81,1.78,3.16,6,1,750000,2,CA,web,0,1,0,0,0,1.0,1,119,295,295,Software,Low
Washington,47.6196804,-122.3567563,Seattle,Cheezburger,operating,2007-09-27,2007-01-01,2012-12-29,-0.74,5.26,3.27,4.6,10,5,69000000,2,WA,news,1,0,1,0,0,3.4,1,120,-269,1920,Service,High
Florida,27.766279,-81.686783,St. Petersburg,Tower Cloud,operating,2006-01-01,2009-10-19,2013-08-26,3.8,7.65,1.67,1.67,3,4,109046753,1,FL,enterprise,1,0,0,0,0,6.33,1,121,1387,2794,Software,High
California,37.530893,-122.245087,San Mateo,MyBuys,operating,2006-01-01,2007-02-21,2013-10-17,1.14,7.8,4.67,6.89,15,5,38300000,4,CA,advertising,0,1,1,1,1,2.0,1,122,416,2846,Service,High
California,37.7726402,-122.4099154,San Francisco,Podaddies,operating,2006-01-01,2007-10-01,2007-10-01,1.75,1.75,0.0,3.77,1,1,1000000,3,CA,advertising,0,1,0,0,0,2.0,1,123,638,638,Service,Low
Massachusetts,42.230171,-71.530106,Newton,Sonian,operating,2007-05-01,2009-09-15,2013-11-26,2.38,6.58,4.67,6.36,3,4,36200000,4,MA,enterprise,1,0,1,1,1,3.0,1,124,868,2401,Software,High
New York,42.165726,-74.948051,New York,Selectable Media,operating,2011-05-01,2008-11-24,2012-12-11,-2.43,1.62,1.17,1.17,4,3,4570000,1,NY,advertising,1,0,1,1,0,1.33,1,125,-888,590,Service,Medium
New York,37.636288,-122.42689,New York,Yieldex,operating,2007-01-01,2009-02-18,2011-09-28,2.13,4.74,1.89,5.0,10,3,18500000,3,NY,advertising,0,0,0,1,1,3.0,1,126,779,1731,Service,High
Wisconsin,43.068006,-89.39256,Madison,StudyBlue,operating,2009-01-01,2009-06-30,2013-01-04,0.49,4.01,4.01,4.42,13,5,18453939,2,WI,education,1,0,1,0,0,1.0,1,127,180,1464,Service,High
California,36.116203,-119.681564,San Francisco,Lookout,operating,2007-01-01,2009-12-22,2013-10-10,2.98,6.78,3.5,6.78,29,5,131000000,3,CA,security,1,0,1,1,1,4.4,1,128,1086,2474,Service,High
California,36.116203,-119.681564,San Francisco,Wrapp,operating,2011-05-01,2011-11-14,2013-06-13,0.54,2.12,1.42,1.72,7,3,25500000,3,CA,web,0,0,1,1,0,3.67,1,129,197,774,Software,High
California,36.116203,-119.681564,San Francisco,Lovely,operating,2011-03-01,2012-10-01,2013-11-21,1.59,2.73,-1.16,2.78,6,2,2000000,2,CA,real_estate,0,0,1,0,0,5.0,1,130,580,996,Business,Low
California,37.4069445,-121.9797628,Santa Clara,Billeo,operating,2006-01-01,2006-04-01,2012-07-01,0.25,6.5,1.87,5.53,19,3,15260000,3,CA,ecommerce,1,0,1,1,0,3.67,1,131,90,2373,Software,High
California,36.116203,-119.681564,Redwood City,Education.com,operating,2006-09-01,2006-08-01,2012-10-01,-0.08,6.09,5.5,5.5,9,5,30260000,1,CA,education,1,0,1,1,1,2.0,1,132,-31,2222,Service,High
California,37.771706,-122.402683,San Francisco,Liquor.com,operating,2008-11-24,2013-07-17,2013-07-17,4.65,4.65,0.71,2.63,18,1,3100000,2,CA,web,0,0,0,1,0,1.0,0,133,1696,1696,Software,Medium
Maryland,39.063946,-76.802101,Bethesda,Spree Commerce,closed,2011-07-01,2011-10-10,2011-10-10,0.28,0.28,0.5,0.5,2,1,1500000,1,MD,ecommerce,0,0,0,0,0,3.0,1,134,101,101,Software,Low
California,38.6456907,-121.1268303,Folsom,SynapSense,operating,2006-06-01,2006-05-30,2013-07-11,-0.01,7.12,2.84,5.13,22,6,43500000,2,CA,network_hosting,1,0,0,1,1,4.67,1,135,-2,2597,Software,High
California,37.3813444,-122.1802812,Palo Alto,Blueseed,operating,2011-07-31,2011-09-30,2013-06-19,0.17,1.89,1.35,1.81,10,3,450000,3,CA,travel,1,1,0,0,0,3.5,1,136,61,689,Service,Low
California,37.386774,-121.987661,Sunnyvale,Infoaxe,closed,2007-12-13,2008-03-31,2010-08-20,0.3,2.69,4.54,4.54,7,2,3900000,1,CA,search,0,1,1,0,0,2.5,1,137,109,981,Software,Medium
New York,42.4898278,-71.1993106,New York,Eyeview,operating,2007-11-01,2008-06-01,2013-07-25,0.58,5.73,4.19,4.84,12,5,19350001,2,NY,advertising,1,1,1,1,1,3.2,1,138,213,2093,Service,High
California,37.543588,-122.30569,San Mateo,Caring.com,operating,2007-01-01,2007-09-01,2013-05-24,0.67,6.4,3.7,4.84,15,4,23519998,2,CA,health,0,0,1,1,0,2.0,1,139,243,2335,Service,High
California,37.7480094,-122.4185343,San Francisco,Safe Shepherd,closed,2011-10-01,2011-12-06,2013-01-01,0.18,1.25,1.42,1.42,9,2,100000,1,CA,web,0,1,0,0,0,1.0,1,140,66,458,Software,Low
Illinois,40.349457,-88.986137,Chicago,eSpark,operating,2010-05-18,2012-09-03,2012-09-03,2.3,2.3,2.21,2.3,2,1,5700000,2,IL,education,0,0,1,0,0,4.0,1,141,839,839,Service,Medium
Georgia,34.070164,-84.058708,Duluth,Clearleap,operating,2007-07-01,2008-03-01,2013-11-13,0.67,6.38,0.67,6.38,17,6,40806300,2,GA,software,1,0,1,0,1,2.33,1,142,244,2327,Software,High
Massachusetts,42.230171,-71.530106,Boston,Quantopian,operating,2011-01-01,2012-01-23,2013-10-02,1.06,2.75,1.08,1.08,3,3,10949999,1,MA,web,0,0,1,0,0,2.0,1,143,387,1005,Software,Medium
California,36.116203,-119.681564,San Francisco,KIXEYE,operating,2007-01-01,2008-11-18,2011-08-03,1.88,4.59,5.75,6.7,16,2,19000000,2,CA,games_video,0,0,1,0,1,2.0,1,144,687,1675,Software,High
Missouri,38.456085,-92.288368,St. Louis,IDC Projects,operating,2008-09-01,2012-08-01,2012-08-01,3.92,3.92,1.33,1.33,3,1,50000,1,MO,advertising,0,1,0,0,0,1.0,1,145,1430,1430,Service,Low
New York,42.165726,-74.948051,New York,Checkmarx,operating,2006-01-01,2011-10-10,2013-11-12,5.78,7.87,0.33,0.33,4,2,8000000,1,NY,security,1,0,0,0,0,2.0,1,146,2108,2872,Service,Medium
Utah,40.4273613,-111.8967224,Lehi,Kynetx,operating,2007-08-01,2009-10-29,2009-10-29,2.25,2.25,3.17,3.54,8,1,2000000,2,UT,software,0,0,1,0,0,1.0,0,147,820,820,Software,Low
California,36.116203,-119.681564,San Bruno,CheckInOn.Me,operating,2010-11-25,2012-04-01,2012-04-17,1.35,1.39,1.1,1.1,3,2,70000,1,CA,health,0,1,0,0,0,1.0,0,148,493,509,Service,Low
California,37.5578084,-121.9840176,Fremont,KaChing!,operating,2012-01-01,2013-11-01,2013-11-01,1.84,1.84,1.0,1.0,5,1,1500000,1,CA,mobile,0,0,0,0,0,2.0,1,149,670,670,software,Low
Washington,47.651315,-122.3498959,Seattle,Datacastle,operating,2005-10-25,2008-11-19,2012-12-09,3.07,7.13,-0.07,5.13,3,5,14500000,2,WA,enterprise,1,0,1,0,0,1.0,0,150,1121,2602,Software,High
California,36.116203,-119.681564,Burlingame,Cleave Biosciences,operating,2010-01-01,2011-10-11,2013-04-09,1.78,3.27,1.0,1.0,4,3,69476000,1,CA,biotech,0,0,1,0,0,4.33,1,151,648,1194,software,High
Washington,47.603577,-122.335333,Seattle,RescueTime,operating,2007-04-01,2007-10-14,2008-09-01,0.54,1.42,1.08,5.76,13,2,920000,3,WA,web,0,1,1,0,0,3.5,1,152,196,519,Software,Low
Massachusetts,42.230171,-71.530106,Boston,OvaScience,operating,2011-01-01,2011-10-11,2013-03-28,0.78,2.24,0.0,0.0,6,5,83403542,1,MA,biotech,1,0,1,1,1,5.0,1,153,283,817,software,High
California,36.116203,-119.681564,San Francisco,Robot App Store,operating,2011-06-01,2012-12-11,2012-12-11,1.53,1.53,0.0,1.53,0,1,250000,2,CA,mobile,1,0,0,0,0,1.0,0,154,559,559,software,Low
New Jersey,40.7422769,-74.1821745,Newark,Phone.com,operating,2007-09-01,2013-03-12,2013-03-12,5.53,5.53,0.21,5.75,12,1,2000000,3,NJ,mobile,0,0,1,0,0,2.0,1,155,2019,2019,software,Low
New York,42.165726,-74.948051,New York,Taboola,operating,2007-01-01,2007-11-01,2013-02-19,0.83,6.14,4.84,6.68,24,5,40000000,3,NY,photo_video,0,0,1,1,1,1.8,1,156,304,2241,Software,High
California,36.116203,-119.681564,San Mateo,Love With Food,operating,2012-01-01,2011-10-01,2012-07-10,-0.25,0.52,-0.17,0.05,3,2,695000,2,CA,ecommerce,0,1,0,0,0,5.0,1,157,-92,191,Software,Low
Missouri,38.456085,-92.288368,Saint Louis,RollSale,closed,2011-06-01,2011-08-01,2012-05-17,0.17,0.96,0.76,0.76,3,2,150000,1,MO,automotive,0,1,0,0,0,1.0,1,159,61,351,Service,Low
California,36.116203,-119.681564,Sunnyvale,Kuznech,operating,2011-08-01,2011-08-01,2012-08-20,0.0,1.05,0.21,0.21,4,3,1925000,1,CA,search,0,1,0,0,0,2.67,0,160,0,385,Software,Low
Washington DC,38.8951,-77.0364,Washington,Contactually,closed,2011-07-01,2013-03-06,2013-03-06,1.68,1.68,1.82,1.82,3,1,1000000,1,DC,software,0,1,0,0,0,3.0,1,161,614,614,Software,Low
New York,40.7564745,-73.9859448,New York City,SeamlessDocs (bizodo),operating,2011-07-15,2011-02-10,2013-01-01,-0.42,1.47,0.0,1.36,4,5,1510000,2,NY,enterprise,0,1,0,0,0,1.0,1,162,-155,536,Software,Low
California,36.116203,-119.681564,Venice Beach,PromoJam,operating,2009-06-09,2008-07-01,2012-03-21,-0.94,2.78,3.12,3.12,7,2,1700000,1,CA,enterprise,0,1,1,0,0,2.0,1,163,-343,1016,Software,Low
California,37.7618242,-122.3985871,San Francisco,Martini Media Inc,operating,2007-01-01,2008-10-24,2013-08-27,1.81,6.66,4.93,6.74,24,5,41290000,3,CA,advertising,1,0,1,1,0,3.25,1,165,662,2430,Service,High
Texas,31.054487,-97.563461,Austin,Vobi,operating,2011-01-01,2012-12-21,2012-12-21,1.97,1.97,2.01,2.25,3,1,1500000,2,TX,mobile,0,0,1,0,0,1.0,0,166,720,720,software,Low
California,37.444531,-122.163352,Palo Alto,Project Playlist,operating,2006-02-01,2007-09-01,2008-11-10,1.58,2.78,3.5,4.51,18,2,3000000,3,CA,games_video,0,0,1,1,0,2.0,0,167,577,1013,Software,Medium
Connecticut,41.597782,-72.755371,Norwalk,Datto,operating,2007-01-01,2013-09-03,2013-09-03,6.68,6.68,5.64,5.92,9,1,25000000,2,CT,software,0,0,1,0,0,1.0,1,168,2437,2437,Software,High
Massachusetts,42.230171,-71.530106,Boston,SAGE Therapeutics,operating,2011-01-01,2011-10-18,2013-10-16,0.79,2.79,0.67,0.67,6,2,55000000,1,MA,biotech,0,0,1,1,0,1.5,1,169,290,1019,software,High
New York,42.165726,-74.948051,New York,EcoSense Lighting,operating,2008-01-01,2011-01-31,2013-08-27,3.08,5.66,5.01,5.01,4,4,31572684,1,NY,cleantech,1,0,0,1,0,1.0,1,170,1126,2065,Business,High
California,36.116203,-119.681564,Redwood City,Tidemark,operating,2009-01-01,2011-10-18,2013-08-01,2.79,4.58,1.08,4.58,8,3,41000000,2,CA,analytics,0,0,0,1,1,3.0,1,171,1020,1673,Software,High
Washington,47.634377,-122.340781,Seattle,Remitly,operating,2011-05-01,2011-10-27,2013-01-03,0.49,1.68,0.49,1.69,4,4,5000000,3,WA,mobile,1,1,0,0,0,2.75,1,172,179,613,software,Medium
New York,40.756799,-73.9763479,New York,MediaMath,operating,2007-01-01,2008-03-05,2011-03-09,1.18,4.19,4.22,6.07,15,5,26876550,3,NY,advertising,1,0,1,1,0,1.75,1,173,429,1528,Service,High
New York,42.165726,-74.948051,New York,GoChime,operating,2011-01-01,2011-11-01,2011-12-20,0.83,0.97,0.0,0.97,5,2,1048500,2,NY,advertising,0,1,0,0,0,4.0,1,174,304,353,Service,Low
California,36.116203,-119.681564,Redwood City,Dermira,operating,2010-01-01,2011-10-20,2013-06-11,1.8,3.44,3.0,3.0,12,5,118237738,1,CA,biotech,1,0,1,1,1,2.25,1,175,657,1257,software,High
Massachusetts,42.230171,-71.530106,Boston,Boundless,operating,2012-04-01,2012-04-01,2012-04-05,0.0,0.01,0.08,0.99,8,2,9700000,2,MA,education,0,0,1,0,0,4.5,1,176,0,4,Service,Medium
California,36.116203,-119.681564,Cupertino,Ensighten,operating,2009-01-01,2012-09-12,2012-09-12,3.7,3.7,3.31,3.31,0,1,15500000,1,CA,enterprise,0,0,1,0,0,5.0,1,177,1350,1350,Software,High
Washington,47.400902,-121.490494,Seattle,FlexMinder,closed,2011-01-01,2011-11-01,2013-01-30,0.83,2.08,2.0,2.0,5,3,1570000,1,WA,health,0,1,1,0,0,2.5,1,178,304,760,Service,Low
Pennsylvania,40.1136896,-74.8962109,"Bristol,",Asset Vue LLC.,operating,2011-08-11,2011-10-23,2011-10-23,0.2,0.2,-0.03,-0.03,4,1,200000,1,PA,hardware,1,0,0,0,0,1.0,0,179,73,73,Hardware,Low
Massachusetts,42.591704,-71.319348,Chelmsford,OurStage,operating,2006-10-01,2008-04-03,2012-12-06,1.51,6.19,0.58,4.02,4,6,28231937,3,MA,music,1,0,1,1,0,1.0,0,180,550,2258,Service,High
California,36.116203,-119.681564,Palo Alto,WeVideo,operating,2011-04-01,2011-11-02,2012-04-20,0.59,1.05,0.55,1.9,7,2,20304200,3,CA,enterprise,1,0,0,0,0,1.0,0,181,215,385,Software,High
New York,40.7255448,-74.0089706,New York,Trendabl,operating,2012-01-01,2012-05-21,2012-10-10,0.39,0.78,0.67,1.86,5,2,1655000,2,NY,fashion,1,0,0,0,0,4.0,1,182,141,283,Business,Low
Massachusetts,42.230171,-71.530106,Cambridge,InCrowd,closed,2010-10-01,2012-01-12,2012-09-05,1.28,1.93,0.5,1.93,4,2,2501250,3,MA,analytics,0,0,1,0,0,1.5,1,183,468,705,Software,Medium
Oregon,45.5475542,-122.7139442,Portland,Conscious Box,operating,2011-07-01,2013-04-27,2013-04-27,1.82,1.82,1.82,1.82,5,1,400000,1,OR,ecommerce,0,1,0,0,0,1.0,0,184,666,666,Software,Low
Maryland,39.063946,-76.802101,Fulton,Sonatype,operating,2008-01-01,2008-06-30,2012-07-10,0.5,4.53,4.31,5.03,12,3,40900000,3,MD,software,0,0,1,1,1,4.5,1,185,181,1652,Software,High
California,37.803847,-122.402468,San Francisco,GameLayers,operating,2007-07-01,2007-10-01,2008-06-01,0.25,0.92,0.87,3.05,6,2,2000000,3,CA,web,0,1,1,0,0,2.5,1,186,92,336,Software,Low
California,36.116203,-119.681564,San Francisco,Ludei,operating,2011-01-01,2011-01-01,2013-06-26,0.0,2.48,0.16,2.9,4,2,3500000,3,CA,games_video,0,0,0,0,0,2.0,0,187,0,907,Software,Medium
California,37.506475,-122.259932,San Carlos,Zuberance,operating,2007-02-01,2008-11-24,2010-10-26,1.81,3.73,4.6,5.53,11,2,12000000,2,CA,advertising,0,0,1,1,0,2.0,1,188,662,1363,Service,High
California,36.116203,-119.681564,Los Angeles,Mention Mobile,operating,2011-01-01,2011-11-08,2012-04-12,0.85,1.28,0.0,1.26,2,2,250000,3,CA,mobile,1,1,0,0,0,1.0,1,189,311,467,software,Low
California,36.116203,-119.681564,San Francisco,Storenvy,closed,2009-10-26,2011-01-27,2013-02-12,1.25,3.3,3.02,3.12,12,2,6525000,3,CA,ecommerce,0,0,1,0,0,6.5,1,190,458,1205,Software,Medium
California,36.116203,-119.681564,Menlo Park,Progreso Financiero,operating,2005-06-01,2010-07-08,2013-09-10,5.1,8.28,6.59,6.59,4,4,123000000,1,CA,finance,1,0,0,0,0,2.75,1,191,1863,3023,Service,High
Massachusetts,42.230171,-71.530106,Arlington,WindPole Ventures,operating,2008-07-31,2010-01-01,2010-01-01,1.42,1.42,3.24,3.24,1,1,1025000,1,MA,analytics,0,0,1,0,0,3.0,0,192,519,519,Software,Low
Ohio,40.388783,-82.764915,Twinsburg,SpearFysh,operating,2011-05-09,2011-10-27,2013-09-10,0.47,2.34,1.65,1.65,4,2,14050000,1,OH,software,1,0,0,0,0,1.0,1,194,171,855,Software,High
Washington,47.400902,-121.490494,Seattle,Navigating Cancer,operating,2008-01-01,2011-10-27,2012-09-24,3.82,4.73,1.0,1.0,10,2,5250000,1,WA,health,0,0,0,1,0,1.0,1,195,1395,1728,Service,Medium
New York,40.749038,-73.994379,New York,Genesis Media,operating,2010-01-01,2012-09-26,2013-07-17,2.74,3.54,3.52,3.54,8,2,6000000,2,NY,advertising,1,0,1,0,0,2.0,0,196,999,1293,Service,Medium
Washington,47.400902,-121.490494,Seattle,GroupTalent,operating,2011-03-01,2011-11-01,2013-02-14,0.67,1.96,0.0,2.15,5,2,1000000,2,WA,software,0,1,0,0,0,2.0,1,197,245,716,Software,Low
California,37.553743,-122.300246,San Mateo,DNN Corp,operating,2006-09-01,2008-11-21,2012-07-01,2.22,5.84,2.24,6.86,21,3,10338000,3,CA,software,1,0,1,1,0,2.0,1,198,812,2130,Software,Medium
California,36.116203,-119.681564,San Francisco,Mieple,operating,2011-01-01,2013-03-12,2013-03-12,2.19,2.19,0.73,0.83,1,1,1400100,2,CA,web,1,0,0,0,0,1.0,1,199,801,801,Software,Low
New York,42.165726,-74.948051,New York,Levo League,operating,2011-07-01,2012-03-16,2012-03-16,0.71,0.71,0.84,1.13,14,1,1000000,2,NY,other,0,1,0,0,0,3.0,0,200,259,259,Business,Low
Texas,31.054487,-97.563461,Austin,Quarri Technologies,closed,2007-01-01,2010-01-28,2013-11-20,3.08,6.89,-8.01,-8.01,12,4,6577232,1,TX,security,1,0,0,1,1,1.5,0,201,1123,2515,Service,Medium
Maryland,39.063946,-76.802101,Baltimore,SameGrain,closed,2011-01-01,2012-10-01,2013-10-01,1.75,2.75,1.0,2.81,4,2,325000,2,MD,web,0,1,0,0,0,1.0,0,202,639,1004,Software,Low
California,36.116203,-119.681564,Palo Alto,Iddiction,operating,2011-10-01,2011-11-01,2011-11-01,0.08,0.08,0.7,0.7,9,1,3500000,1,CA,games_video,0,0,0,0,0,7.0,1,203,31,31,Software,Medium
New York,40.65,-73.95,New York,Docracy,operating,2011-01-01,2011-11-03,2013-01-03,0.84,2.01,0.39,2.21,4,2,850000,3,NY,web,1,1,0,0,0,4.0,1,204,306,733,Software,Low
California,36.116203,-119.681564,Los Angeles,Nasty Gal,operating,2006-11-01,2012-03-05,2012-08-26,5.35,5.82,5.92,6.39,7,2,49000000,2,CA,fashion,0,0,1,1,0,1.0,1,205,1951,2125,Business,High
Oregon,44.572021,-122.070938,Portland,Hively,operating,2011-05-09,2011-11-04,2011-11-04,0.49,0.49,0.35,0.35,2,1,25000,1,OR,web,0,1,0,0,0,1.0,0,206,179,179,Software,Low
New Hampshire,43.452492,-71.563896,NASHUA,Pneuron,operating,2010-01-01,2011-11-04,2013-03-05,1.84,3.18,1.0,1.0,5,2,7250000,1,NH,enterprise,1,0,0,1,0,1.0,1,207,672,1159,Software,Medium
New York,38.984172,-77.095965,New York,WEbook,operating,2007-01-01,2007-05-01,2008-09-17,0.33,1.71,1.71,3.67,5,2,5000000,3,NY,web,0,1,1,0,0,2.0,1,209,120,625,Software,Medium
New York,42.3872528,-71.2403627,New York,Heartbeat,closed,2011-01-01,2011-05-01,2011-05-01,0.33,0.33,-21.01,-21.01,2,1,20000,1,NY,ecommerce,0,1,0,0,0,1.0,1,210,120,120,Software,Low
California,37.7749295,-122.4194155,San Francisco,Omada Health,operating,2011-01-01,2011-05-01,2013-03-21,0.33,2.22,2.22,2.38,6,3,5520000,2,CA,health,0,1,1,0,0,4.0,1,211,120,810,Service,Medium
New York,42.165726,-74.948051,New York,Docphin,operating,2010-07-01,2012-01-01,2012-09-15,1.5,2.21,-0.08,1.86,3,2,1000000,2,NY,mobile,0,1,0,0,0,1.0,1,212,549,807,software,Low
California,36.116203,-119.681564,Irvine,BuzzMob,operating,2010-12-01,2012-03-15,2012-10-16,1.29,1.88,2.17,2.25,7,2,2000000,2,CA,social,1,0,0,0,0,1.0,0,213,470,685,Software,Low
Maryland,39.063946,-76.802101,Columbia,Uppidy,closed,2011-01-01,2013-03-20,2013-03-20,2.22,2.22,0.0,0.0,3,1,600000,1,MD,mobile,0,1,0,0,0,4.0,1,214,809,809,software,Low
Texas,31.054487,-97.563461,Frisco,Koupon Media,operating,2011-03-01,2011-11-09,2012-04-09,0.69,1.11,1.25,1.25,6,2,6500000,1,TX,mobile,0,0,1,1,0,2.0,1,215,253,405,software,Medium
New Jersey,40.298904,-74.521011,Atlantic Highlands,Hulafrog,operating,2010-05-01,2013-05-22,2013-05-22,3.06,3.06,0.67,0.67,4,1,500000,1,NJ,web,0,1,0,0,0,3.0,0,216,1117,1117,Software,Low
North Carolina,35.836535,-78.687916,Raleigh,Royalty Exchange,closed,2011-08-01,2012-11-30,2013-07-15,1.33,1.96,1.33,1.98,13,2,2202090,2,NC,finance,0,1,1,0,0,1.0,1,217,487,714,Service,Medium
Massachusetts,42.3948825,-71.1457662,Cambridge,MineralTree,operating,2010-01-01,2011-11-09,2012-06-27,1.85,2.49,2.49,3.21,6,2,7800000,3,MA,analytics,1,0,1,0,0,1.5,1,218,677,908,Software,Medium
California,36.116203,-119.681564,San Francisco,Bevalley,operating,2010-03-01,2010-03-01,2010-03-01,0.0,0.0,0.0,1.94,3,1,1700000,2,CA,analytics,0,0,1,0,0,1.0,0,219,0,0,Software,Low
California,36.116203,-119.681564,Burlingame,Nexgate,operating,2011-05-30,2011-07-01,2013-04-09,0.09,1.86,0.9,1.84,2,4,4300000,2,CA,enterprise,0,1,1,0,0,1.25,1,220,32,680,Software,Medium
California,36.116203,-119.681564,Palo Alto,StartX,closed,2009-01-01,2012-08-23,2013-09-04,3.64,4.68,4.1,4.25,11,3,4800000,2,CA,nonprofit,1,0,0,0,0,2.0,1,221,1330,1707,Service,Medium
California,36.116203,-119.681564,San Francisco,Zirtual,closed,2011-01-31,2013-01-14,2013-01-14,1.96,1.96,1.42,1.42,5,1,2000000,2,CA,ecommerce,0,0,1,0,0,3.0,1,222,714,714,Software,Low
California,36.116203,-119.681564,San Francisco,SiteBrains,operating,2010-08-01,2010-08-01,2010-08-01,0.0,0.0,0.0,0.0,1,1,350000,1,CA,software,0,1,0,0,0,2.0,0,223,0,0,Software,Low
Georgia,33.040619,-83.643074,Alpharetta,simplifyMD,operating,2006-01-01,2011-11-14,2013-05-31,5.87,7.42,7.91,7.91,3,2,5800000,1,GA,hardware,1,0,1,0,0,1.0,1,224,2143,2707,Hardware,Medium
California,37.3792486,-122.1151274,San Francisco,Fanminder,closed,2008-10-03,2011-11-01,2011-11-01,3.08,3.08,3.08,3.08,2,1,1000000,1,CA,advertising,0,1,0,0,0,1.0,1,225,1124,1124,Service,Low
California,36.116203,-119.681564,San Francisco,Boundary,operating,2010-12-01,2011-11-15,2012-07-10,0.96,1.61,1.13,2.4,9,3,19100000,3,CA,enterprise,1,0,1,1,0,1.33,1,226,349,587,Software,High
Texas,30.27995,-97.807274,Austin,Virtual Bridges,closed,2006-01-01,2010-01-21,2010-01-21,4.06,4.06,5.76,7.67,18,1,4000000,2,TX,software,0,0,1,0,0,1.0,1,227,1481,1481,Software,Medium
California,36.116203,-119.681564,San Francisco,Brit + Co.,operating,2011-11-01,2012-04-30,2013-06-25,0.5,1.65,0.91,1.17,3,2,7550000,2,CA,ecommerce,0,1,1,0,0,6.5,1,228,181,602,Software,Medium
Pennsylvania,40.590752,-77.209755,Bethlehem,Viddler,operating,2006-02-01,2010-02-03,2012-04-06,4.01,6.18,0.93,4.02,5,2,344638,2,PA,photo_video,1,0,0,0,0,1.0,1,229,1463,2256,Software,Low
New York,42.165726,-74.948051,New York,Surreal Games,operating,2011-08-15,2011-08-15,2011-08-15,0.0,0.0,0.47,0.47,3,1,150000,1,NY,games_video,0,1,0,0,0,1.0,0,230,0,0,Software,Low
California,36.116203,-119.681564,San Francisco,Scripted,closed,2011-05-01,2011-11-29,2013-06-04,0.58,2.1,0.67,0.79,7,3,5500000,2,CA,ecommerce,1,1,1,0,0,4.0,1,231,212,765,Software,Medium
California,36.116203,-119.681564,Los Altos,Catalog Spree,operating,2010-01-01,2011-03-05,2011-11-17,1.17,1.88,2.33,2.8,7,2,7800000,2,CA,ecommerce,0,1,1,0,0,3.0,1,232,428,685,Software,Medium
California,36.116203,-119.681564,San Francisco,Fanitics,operating,2010-09-01,2013-04-01,2013-04-01,2.58,2.58,0.17,0.17,2,1,25000,1,CA,games_video,1,0,0,0,0,1.0,0,233,943,943,Software,Low
California,36.116203,-119.681564,San Francisco,Keen IO,operating,2011-12-01,2012-01-01,2013-10-23,0.08,1.9,1.9,1.93,7,3,3218000,2,CA,analytics,0,1,0,0,0,8.33,1,234,31,692,Software,Medium
New York,40.724933,-73.996577,New York,Bug Labs,operating,2006-01-01,2006-04-09,2011-01-31,0.27,5.08,2.16,7.01,20,4,7500000,4,NY,hardware,1,0,1,0,1,2.0,1,235,98,1856,Hardware,Medium
Connecticut,41.597782,-72.755371,Westport,"deets, Inc.",operating,2011-02-08,2012-11-25,2012-11-25,1.8,1.8,-0.41,1.94,2,1,1500000,3,CT,mobile,0,0,1,0,0,1.0,1,236,656,656,software,Low
California,36.116203,-119.681564,Palo Alto,Revel Touch,operating,2011-04-01,2011-08-01,2012-08-21,0.33,1.39,1.39,1.48,11,2,10000000,2,CA,ecommerce,0,1,1,0,0,2.0,1,237,122,508,Software,Medium
California,36.116203,-119.681564,San Francisco,Gumroad,operating,2011-01-01,2012-02-08,2012-05-07,1.1,1.35,1.35,2.83,6,2,8100000,2,CA,web,0,1,1,0,0,5.0,1,238,403,492,Software,Medium
Connecticut,41.7305287,-72.7999908,Farmington,eVariant,operating,2008-10-29,2011-11-21,2012-06-01,3.06,3.59,3.01,3.11,7,2,7900000,2,CT,medical,1,0,1,0,0,1.0,0,239,1118,1311,Service,Medium
Massachusetts,42.3736158,-71.1097335,Somerville,Formlabs,operating,2011-01-01,2011-11-23,2013-10-24,0.89,2.81,2.81,2.81,4,3,22300000,1,MA,hardware,1,0,1,0,0,4.0,1,240,326,1027,Hardware,High
New York,42.165726,-74.948051,New York,Nomorerack.com,operating,2010-11-03,2012-11-30,2013-10-31,2.08,2.99,1.16,2.99,3,2,52000000,3,NY,ecommerce,0,0,1,1,0,1.5,1,241,758,1093,Software,High
California,36.116203,-119.681564,San Francisco,ClassDojo,closed,2011-06-01,2011-10-06,2012-08-15,0.35,1.21,2.21,2.21,3,2,1600000,1,CA,education,0,1,0,0,0,5.5,1,242,127,441,Service,Low
California,36.116203,-119.681564,PALO ALTO,MOTWIN,operating,2008-02-01,2010-06-01,2013-09-03,2.33,5.59,4.33,5.57,7,3,9403600,2,CA,mobile,0,1,0,1,0,2.5,1,243,851,2041,software,Medium
New Hampshire,43.452492,-71.563896,Nashua,Kona DataSearch,operating,2011-02-15,2011-02-15,2011-02-15,0.0,0.0,-0.04,-0.04,2,1,500000,1,NH,enterprise,0,1,0,0,0,1.0,0,244,0,0,Software,Low
Louisiana,31.169546,-91.867805,New Orleans,Kickboard,operating,2009-01-01,2010-07-01,2013-02-27,1.5,4.16,4.09,4.16,2,2,2100000,2,LA,education,0,1,1,0,0,1.5,0,245,546,1518,Service,Medium
Ohio,40.388783,-82.764915,Cleveland,StreamLink Software,operating,2008-01-01,2013-04-17,2013-04-17,5.3,5.3,1.0,5.43,2,1,1513946,2,OH,software,0,0,1,0,0,1.0,0,246,1933,1933,Software,Low
Texas,29.787991,-95.598441,Houston,Plura Processing,operating,2007-09-01,2008-05-01,2008-05-01,0.67,0.67,5.84,5.84,2,1,750000,1,TX,software,0,1,0,0,0,1.0,0,247,243,243,Software,Low
Pennsylvania,40.590752,-77.209755,Carbondale,Prova Systems,operating,2010-06-15,2011-01-01,2012-10-03,0.55,2.3,0.71,0.71,2,3,135000,1,PA,software,0,0,0,0,0,1.0,1,248,200,841,Software,Low
New York,42.165726,-74.948051,New York,Spling,operating,2011-01-01,2011-02-01,2011-12-05,0.08,0.93,2.0,2.0,7,3,475000,1,NY,advertising,0,1,0,0,0,2.33,1,249,31,338,Service,Low
Florida,27.766279,-81.686783,Miami,Senzari,operating,2010-01-01,2011-12-02,2012-05-10,1.92,2.36,2.67,3.16,1,2,3000000,2,FL,mobile,1,0,0,0,0,1.0,1,250,700,860,software,Medium
Florida,27.766279,-81.686783,Miami,Intellocorp,operating,2011-06-10,2012-05-01,2012-05-01,0.89,0.89,-1.28,-1.28,6,1,300000,1,FL,enterprise,0,1,0,0,0,1.0,0,251,326,326,Software,Low
Pennsylvania,40.590752,-77.209755,Philadelphia,Flirq,operating,2011-09-01,2011-09-12,2012-02-01,0.03,0.42,0.0,0.58,1,2,50000,2,PA,web,0,1,0,0,0,1.0,1,252,11,153,Software,Low
Pennsylvania,40.590752,-77.209755,Philadelphia,Kwelia,closed,2010-10-21,2011-09-08,2011-09-08,0.88,0.88,0.86,0.86,3,1,20000,1,PA,real_estate,0,1,0,0,0,2.0,1,253,322,322,Business,Low
Texas,31.054487,-97.563461,Austin,tweetTV,operating,2011-11-01,2012-03-27,2012-03-27,0.4,0.4,-2.08,-2.08,1,1,750000,1,TX,social,0,1,0,0,0,1.0,0,255,147,147,Software,Low
California,36.116203,-119.681564,San Francisco,Iron.io,operating,2011-07-01,2011-12-07,2011-12-07,0.44,0.44,0.0,0.0,4,1,1620000,1,CA,enterprise,0,0,0,0,0,9.0,1,256,159,159,Software,Low
California,37.477008,-122.151599,Menlo Park,Poshmark,operating,2011-02-01,2011-02-01,2012-12-04,0.0,1.84,0.04,2.78,7,2,15500000,3,CA,fashion,0,0,1,1,0,4.0,1,257,0,672,Business,High
Pennsylvania,40.590752,-77.209755,Philadelphia,OneAway,operating,2011-09-01,2011-09-01,2011-09-01,0.0,0.0,0.0,0.0,3,1,20000,1,PA,mobile,0,1,0,0,0,1.0,1,258,0,0,software,Low
Illinois,40.349457,-88.986137,Chicago,Fooda,operating,2011-01-01,2011-05-01,2011-05-01,0.33,0.33,2.25,2.25,7,1,1000000,1,IL,enterprise,0,1,0,0,0,1.0,1,259,120,120,Software,Low
New York,40.7275169,-74.0057193,New York,BlazeMeter,closed,2011-12-06,2011-12-06,2011-12-06,0.0,0.0,1.07,1.48,6,1,1200000,2,NY,enterprise,0,0,1,0,0,1.0,0,260,0,0,Software,Low
California,37.404903,-122.113167,Mountain View,MindSumo,closed,2011-11-01,2012-03-01,2012-03-01,0.33,0.33,0.0,0.0,4,1,1000000,1,CA,web,0,1,0,0,0,5.0,1,261,121,121,Software,Low
California,34.420316,-119.688412,Santa Barbara,LetsCram,operating,2007-01-01,2007-01-01,2009-01-19,0.0,2.05,0.83,0.83,4,2,655000,1,CA,web,0,1,0,0,0,3.0,0,262,0,749,Software,Low
Massachusetts,42.230171,-71.530106,Cambridge,Lemonwise,operating,2011-07-01,2011-05-13,2011-05-13,-0.13,-0.13,0.0,0.0,1,1,15000,1,MA,web,0,1,0,0,0,1.0,1,263,-49,-49,Software,Low
Illinois,40.349457,-88.986137,Chicago,TradingView,closed,2011-09-01,2013-05-01,2013-05-01,1.67,1.67,-1.0,0.71,3,1,118000,2,IL,web,0,1,0,0,0,1.0,1,264,608,608,Software,Low
Nevada,36.165654,-115.141088,Las Vegas,Fandeavor,operating,2011-08-31,2012-08-01,2012-08-01,0.92,0.92,0.96,0.96,0,1,525000,1,NV,sports,0,1,0,0,0,2.0,0,265,336,336,Service,Low
New York,42.165726,-74.948051,New York,littleBits Electronics,operating,2011-09-01,2011-09-01,2013-11-20,0.0,2.22,2.22,2.22,5,3,15600000,2,NY,hardware,0,1,1,1,0,7.33,1,266,0,811,Hardware,High
New York,40.7281451,-73.9913715,New York,CompStak,operating,2011-07-01,2012-10-18,2013-04-10,1.3,1.78,1.3,1.67,5,2,5020000,2,NY,real_estate,0,1,1,0,0,9.0,1,267,475,649,Business,Medium
New York,42.165726,-74.948051,NY,WISHI,operating,2011-08-01,2011-08-01,2012-10-01,0.0,1.17,0.25,0.25,5,2,200000,1,NY,web,0,1,0,0,0,1.0,1,268,0,427,Software,Low
Massachusetts,42.230171,-71.530106,Maynard,Acacia Communications,operating,2009-01-01,2011-12-12,2013-05-15,2.95,4.37,0.0,0.0,2,2,23000000,1,MA,network_hosting,0,0,1,0,0,4.0,1,269,1075,1595,Software,High
Illinois,41.8969173,-87.6435474,Chicago,Belly,operating,2011-08-01,2011-08-01,2013-08-28,0.0,2.08,1.84,2.08,13,4,24975000,2,IL,advertising,0,1,1,1,0,2.5,1,270,0,758,Service,High
Minnesota,45.694454,-93.900192,Minneapolis,Nitch,operating,2011-03-01,2011-11-01,2011-11-01,0.67,0.67,0.0,0.0,2,1,72000,1,MN,social,0,1,0,0,0,2.0,0,271,245,245,Software,Low
Pennsylvania,40.590752,-77.209755,Havertown,The Deal Fair,operating,2011-03-30,2011-03-30,2011-03-30,0.0,0.0,0.0,0.0,1,1,70000,1,PA,web,0,1,0,0,0,3.0,0,272,0,0,Software,Low
New York,42.165726,-74.948051,New York,BrightFarms,operating,2011-01-01,2011-12-13,2011-12-13,0.95,0.95,-0.59,0.31,9,1,4300000,2,NY,cleantech,0,0,1,0,0,3.0,1,273,346,346,Business,Medium
Massachusetts,42.5592604,-70.885849,Beverly,7AC Technologies,operating,2009-01-01,2011-12-13,2012-07-25,2.95,3.56,4.0,4.0,7,3,7360000,1,MA,cleantech,1,0,0,1,0,1.0,0,274,1076,1301,Business,Medium
Wisconsin,44.268543,-89.616508,Delafield,Montage Talent,operating,2007-01-01,2010-05-11,2013-01-15,3.36,6.04,3.44,3.44,1,3,7349500,1,WI,enterprise,1,0,0,0,0,2.0,1,275,1226,2206,Software,Medium
California,36.116203,-119.681564,San Francisco,BlueSprig,operating,2011-05-01,2011-12-15,2011-12-15,0.62,0.62,0.0,0.62,1,1,10000000,2,CA,software,0,0,1,0,0,1.0,1,276,228,228,Software,Medium
New York,42.165726,-74.948051,New York,Percolate,operating,2011-01-01,2011-12-15,2012-11-14,0.95,1.87,1.87,2.92,6,2,10500000,3,NY,enterprise,0,0,1,0,0,6.0,1,277,348,683,Software,Medium
New York,42.165726,-74.948051,New York,MediaBrix,operating,2011-05-05,2011-05-05,2012-12-01,0.0,1.58,1.84,1.95,17,3,8500000,2,NY,advertising,0,0,1,1,0,1.0,1,278,0,576,Service,Medium
New York,42.165726,-74.948051,New York,Tivity,operating,2010-05-11,2012-05-14,2012-05-14,2.01,2.01,2.01,2.73,5,1,18000,2,NY,sports,0,1,0,0,0,1.0,0,279,734,734,Service,Low
Massachusetts,42.230171,-71.530106,Cambridge,Matchbox,operating,2011-04-28,2011-12-19,2011-12-19,0.64,0.64,0.71,0.76,4,1,2500000,2,MA,enterprise,1,0,0,0,0,3.0,1,280,235,235,Software,Medium
California,36.116203,-119.681564,Menlo Park,ScaleArc,operating,2009-01-01,2011-12-20,2013-01-10,2.97,4.03,2.83,4.03,6,2,17630000,2,CA,software,0,0,0,1,1,2.5,1,281,1083,1470,Software,High
Iowa,42.011539,-93.210526,Des Moines,Appcore,operating,2008-01-01,2009-11-01,2013-03-05,1.84,5.18,4.84,5.18,8,3,11000000,2,IA,enterprise,0,1,1,1,0,3.33,0,282,670,1890,Software,Medium
California,36.116203,-119.681564,Los Angeles,Zumbox,operating,2006-10-01,2008-06-23,2012-07-10,1.73,5.78,5.78,6.17,21,4,28300000,2,CA,web,1,0,0,0,1,3.0,0,283,631,2109,Software,High
California,36.116203,-119.681564,San Francisco,Good Eggs,operating,2011-07-01,2011-08-01,2013-09-26,0.08,2.24,2.17,2.24,5,3,10500000,2,CA,hospitality,1,1,1,0,0,3.0,1,284,31,818,Service,Medium
Massachusetts,42.3472851,-71.0499948,Boston,OwnerIQ,operating,2006-08-01,2007-10-30,2012-07-02,1.25,5.92,3.84,4.42,21,5,28300000,2,MA,advertising,1,0,1,1,1,3.2,1,285,455,2162,Service,High
Michigan,43.326618,-84.536095,Detroit,UpTo,operating,2011-01-01,2011-10-01,2013-07-15,0.75,2.54,0.41,2.53,7,4,3500000,2,MI,web,1,1,1,0,0,2.25,1,286,273,926,Software,Medium
Tennessee,36.107542,-86.8180745,Nashville,edo,operating,2007-05-01,2007-01-01,2012-09-13,-0.33,5.38,2.87,5.09,13,5,50500000,3,TN,advertising,1,0,1,1,1,1.6,1,287,-120,1962,Service,High
California,36.116203,-119.681564,West Hollywood,Unemployment-Extension.Org,operating,2011-07-01,2011-07-15,2011-07-15,0.04,0.04,0.0,0.0,1,1,200000,1,CA,nonprofit,0,1,0,0,0,2.0,0,288,14,14,Service,Low
California,37.384247,-121.992816,Sunnyvale,Glassbeam,operating,2009-01-01,2013-09-19,2013-09-19,4.72,4.72,3.58,4.81,13,1,3319682,2,CA,software,0,0,0,0,0,1.0,0,289,1722,1722,Software,Medium
California,36.116203,-119.681564,Walnut Creek,Beyond Lucid Technologies,operating,2009-05-01,2011-05-01,2012-06-19,2.0,3.14,2.56,2.56,6,3,461500,1,CA,software,0,1,0,0,0,1.5,1,290,730,1145,Software,Low
Georgia,33.7769464,-84.3871412,Atlanta,N4MD,closed,2011-01-01,2011-09-15,2011-09-15,0.7,0.7,0.7,1.0,7,1,25000,2,GA,mobile,0,1,0,0,0,1.0,0,291,257,257,software,Low
Massachusetts,42.230171,-71.530106,Raynham,Medrobotics,operating,2011-01-01,2011-11-21,2013-09-27,0.89,2.74,-1.84,-1.84,3,5,84587904,1,MA,biotech,1,0,0,0,1,1.0,1,292,324,1000,software,High
Massachusetts,42.3693597,-71.1062112,Cambridge,Socrative,operating,2010-01-01,2013-08-01,2013-08-01,3.58,3.58,0.0,3.58,3,1,750000,2,MA,education,0,1,0,0,0,4.0,1,293,1308,1308,Service,Low
Ohio,40.388783,-82.764915,Milford,Venturepax,closed,2008-01-01,2009-09-01,2011-08-01,1.67,3.58,3.67,3.67,5,4,280000,1,OH,web,0,1,0,0,0,1.0,1,294,609,1308,Software,Low
Colorado,39.761673,-104.980799,Denver,ROXIMITY,operating,2012-01-01,2012-05-17,2013-05-31,0.38,1.41,0.66,0.84,7,4,618000,2,CO,mobile,1,1,0,0,0,1.0,1,296,137,516,software,Low
California,36.116203,-119.681564,Palo Alto,Mahoot Games,operating,2011-03-01,2011-01-01,2011-06-24,-0.16,0.32,0.84,0.84,5,2,100000,1,CA,ecommerce,0,1,0,0,0,1.0,0,297,-59,115,Software,Low
California,37.379181,-122.117889,Los Altos,Gauss Surgical,closed,2011-01-01,2011-12-20,2013-02-01,0.97,2.09,1.12,1.12,6,4,5426000,1,CA,biotech,0,1,1,0,0,7.0,0,298,353,762,software,Medium
Texas,31.054487,-97.563461,Austin,Chasm.io (formerly Wahooly),closed,2012-02-01,2012-05-02,2013-05-01,0.25,1.25,-0.42,0.25,2,2,500000,2,TX,social,1,1,0,0,0,2.0,1,299,91,455,Software,Low
California,36.116203,-119.681564,San Francisco,BetterDoctor,operating,2011-04-01,2012-05-01,2013-10-22,1.08,2.56,1.84,2.56,8,2,3125000,2,CA,health,0,1,0,0,0,5.0,1,300,396,935,Service,Medium
California,36.116203,-119.681564,Los Angeles,NearWoo,operating,2012-01-05,2013-08-13,2013-08-13,1.61,1.61,0.56,0.56,5,1,1200000,1,CA,mobile,0,1,0,0,0,1.0,0,301,586,586,software,Low
New York,42.165726,-74.948051,New York,eDealya,operating,2011-01-01,2011-01-01,2013-02-01,0.0,2.09,-0.25,2.16,3,3,950000,2,NY,advertising,0,1,0,0,0,1.0,0,302,0,762,Service,Low
California,36.116203,-119.681564,Santa Monica,GonnaBe,operating,2011-07-24,2013-02-10,2013-02-10,1.55,1.55,1.46,1.63,6,1,200000,2,CA,mobile,0,1,0,0,0,8.0,0,303,567,567,software,Low
Florida,27.766279,-81.686783,Tampa,Save On Medical,closed,2010-12-01,2011-01-01,2011-01-01,0.08,0.08,2.09,2.09,4,1,250000,1,FL,ecommerce,0,1,0,0,0,1.0,0,304,31,31,Software,Low
California,36.116203,-119.681564,Menlo Park,SendHub,operating,2011-12-01,2012-04-26,2013-09-04,0.4,1.76,0.41,1.76,8,3,5000000,2,CA,enterprise,0,1,1,0,0,5.67,1,305,147,643,Software,Medium
Virginia,38.881739,-77.1154024,Arlington,Distil,closed,2011-04-01,2012-01-01,2013-03-18,0.75,1.96,0.0,0.0,4,5,2700000,1,VA,security,0,1,0,0,0,2.0,1,306,275,717,Service,Medium
Arizona,33.729759,-111.431221,Scottsdale,Contatta,operating,2011-01-01,2012-10-11,2013-07-22,1.78,2.56,0.33,0.33,4,3,10189773,1,AZ,software,0,0,0,0,0,2.0,0,307,649,933,Software,Medium
Illinois,40.349457,-88.986137,Skokie,Eved,operating,2010-01-01,2012-01-04,2013-01-31,2.01,3.08,1.41,1.41,10,2,11201619,1,IL,web,0,0,0,1,0,2.0,1,308,733,1126,Software,Medium
California,36.116203,-119.681564,Palo Alto,Sociogramics,operating,2011-01-01,2012-04-20,2012-04-20,1.3,1.3,1.5,1.5,6,1,300000,1,CA,enterprise,0,1,0,0,0,1.0,1,309,475,475,Software,Low
Ohio,39.1100463,-84.520679,Cincinnati,ChoreMonster,closed,2011-08-01,2011-08-01,2013-07-31,0.0,2.0,1.47,1.92,4,4,2650000,2,OH,web,0,1,0,0,0,1.0,1,310,0,730,Software,Medium
Texas,31.054487,-97.563461,McKinney,Biscotti,operating,2008-05-01,2010-10-18,2013-10-15,2.47,5.46,3.67,3.67,4,5,7519109,1,TX,hardware,1,0,1,0,0,1.0,1,311,900,1993,Hardware,Medium
Georgia,33.040619,-83.643074,Atlanta,Remark Media,closed,2007-01-01,2007-01-01,2012-11-29,0.0,5.92,5.53,6.25,8,3,6051497,2,GA,public_relations,1,0,0,0,0,3.0,0,312,0,2159,Service,Medium
New York,42.165726,-74.948051,New York,Shodogg,operating,2011-05-01,2012-09-24,2013-03-27,1.4,1.91,1.71,1.84,7,3,3422000,2,NY,mobile,1,1,0,0,0,2.0,0,313,512,696,software,Medium
California,37.3692341,-121.9199842,San Jose,Skytree,operating,2012-01-01,2012-02-23,2013-04-30,0.15,1.33,1.0,1.0,6,4,21575000,1,CA,analytics,1,0,1,0,0,4.0,1,314,53,485,Software,High
New York,42.165726,-74.948051,New York,Timehop,operating,2010-01-01,2011-01-01,2013-07-25,1.0,3.56,2.52,3.56,5,3,4118000,2,NY,photo_video,0,1,1,0,0,4.33,1,315,365,1301,Software,Medium
New York,42.165726,-74.948051,new york,GlobeTrotr.com,closed,2012-01-01,2012-03-19,2012-03-19,0.21,0.21,0.0,0.0,3,1,50000,1,NY,travel,0,1,0,0,0,1.0,0,316,78,78,Service,Low
Massachusetts,42.230171,-71.530106,Needham,Linkwell Health,operating,2008-01-01,2012-01-06,2013-01-30,4.02,5.08,4.0,5.08,14,2,19300000,2,MA,health,1,0,0,0,1,2.0,1,317,1466,1856,Service,High
California,36.116203,-119.681564,Berkeley,Wallit,operating,2011-08-12,2012-03-06,2012-03-06,0.57,0.57,-0.08,-0.08,4,1,1200000,1,CA,mobile,0,1,0,0,0,2.0,1,318,207,207,software,Low
California,36.116203,-119.681564,Menlo Park,Desti,operating,2011-11-18,2011-10-10,2013-01-11,-0.11,1.15,0.79,0.98,8,2,2000000,2,CA,travel,0,1,0,0,0,2.0,1,319,-39,420,Service,Low
Massachusetts,42.3634466,-71.0825067,Cambridge,Ovuline,operating,2012-06-01,2011-03-01,2013-10-08,-1.25,1.35,0.6,0.6,12,4,2500000,1,MA,analytics,0,1,0,0,0,2.67,1,320,-458,494,Software,Medium
Washington,47.400902,-121.490494,Seattle,Rivet & Sway,closed,2011-07-07,2011-07-07,2013-02-01,0.0,1.58,0.0,0.0,2,2,2350000,1,WA,ecommerce,0,1,0,0,0,2.0,1,321,0,575,Software,Medium
California,36.116203,-119.681564,San Diego,MicroPower Technologies,operating,2008-01-01,2012-01-09,2013-08-05,4.02,5.6,5.01,5.24,4,2,12200000,2,CA,security,1,0,0,0,0,1.0,1,322,1469,2043,Service,High
California,36.116203,-119.681564,Woodland Hills,Fancloud,operating,2011-02-19,2011-11-13,2011-11-19,0.73,0.75,0.0,0.0,3,2,217000,1,CA,sports,0,0,1,0,0,1.0,0,323,267,273,Service,Low
California,34.0182914,-118.4842002,Santa Monica,PaeDae,operating,2012-01-01,2012-03-01,2013-12-10,0.16,1.94,0.0,1.94,10,2,12280000,3,CA,advertising,1,0,0,0,0,3.0,1,324,60,709,Service,High
Washington,47.400902,-121.490494,Seattle,nFluence Media,operating,2011-03-21,2012-01-11,2013-02-01,0.81,1.87,2.12,2.63,11,3,6416965,2,WA,analytics,0,0,0,0,0,1.0,1,325,296,683,Software,Medium
California,36.116203,-119.681564,Palo Alto,Fanplayr,operating,2011-01-01,2011-11-12,2013-01-16,0.86,2.04,2.04,2.42,5,2,2500000,2,CA,software,0,1,0,0,0,1.0,0,326,315,746,Software,Medium
California,36.116203,-119.681564,Sunnyvale,Senova Systems,operating,2007-01-01,2010-01-27,2012-01-12,3.07,5.03,5.78,5.78,2,2,9836249,1,CA,manufacturing,1,0,0,1,0,2.0,1,327,1122,1837,Manufacturing,Medium
California,36.116203,-119.681564,Los Angeles,FoodBox,operating,2011-08-29,2011-09-07,2012-01-13,0.02,0.38,0.0,0.0,1,2,500000,1,CA,social,0,1,0,0,0,1.0,0,328,9,137,Software,Low
Virginia,37.769337,-78.169968,Reston,FullCircle GeoSocial Networks,operating,2010-01-01,2011-03-01,2012-08-06,1.16,2.6,2.0,2.28,1,2,3500000,2,VA,social,0,0,1,0,0,1.0,0,329,424,948,Software,Medium
California,37.8097439,-121.9909454,Palo Alto,MarketRiders,operating,2008-01-15,2008-01-15,2008-01-15,0.0,0.0,1.3,1.3,3,1,200000,1,CA,web,0,1,0,0,0,2.0,0,330,0,0,Software,Low
California,36.116203,-119.681564,Menlo Park,Graphdive,operating,2011-01-01,2011-11-15,2013-09-03,0.87,2.67,0.92,2.67,2,3,3000000,2,CA,analytics,0,1,1,0,0,4.0,1,332,318,976,Software,Medium
Pennsylvania,40.590752,-77.209755,Berwyn,QR Pharma,operating,2008-01-01,2010-01-15,2013-06-20,2.04,5.47,3.0,3.0,1,4,1316103,1,PA,biotech,1,1,0,0,0,1.0,0,334,745,1997,software,Low
Virginia,38.925348,-77.205314,McLean,SpydrSafe Mobile Security,operating,2011-09-01,2012-01-17,2012-07-11,0.38,0.86,0.33,2.07,4,3,100000,2,VA,security,0,1,0,0,0,1.0,0,335,138,314,Service,Low
California,36.116203,-119.681564,Los Altos,Jemstep,operating,2008-01-01,2008-01-01,2013-10-03,0.0,5.76,1.0,5.08,4,3,15000000,2,CA,finance,0,0,1,0,0,1.0,0,336,0,2102,Service,High
Rhode Island,41.680893,-71.51178,Providence,Kuratur,operating,2012-09-20,2012-09-21,2013-01-04,0.0,0.29,0.13,0.28,2,3,121000,2,RI,other,0,1,0,0,0,1.0,1,337,1,106,Business,Low
New York,42.165726,-74.948051,New York,Sonic Notify,closed,2011-10-01,2011-10-01,2012-07-16,0.0,0.79,0.75,0.75,11,2,4550000,1,NY,software,0,1,1,0,0,7.0,0,338,0,289,Software,Medium
California,41.238038,-96.183033,San Francisco,Sojern,operating,2007-09-10,2008-07-15,2012-03-27,0.85,4.55,6.16,6.16,16,3,32500000,1,CA,travel,1,0,1,0,1,3.0,1,339,309,1660,Service,High
California,36.116203,-119.681564,San Diego,Stakeforce,closed,2009-10-10,2012-01-01,2012-01-01,2.23,2.23,1.98,1.98,1,1,10000,1,CA,enterprise,0,1,0,0,0,1.0,0,341,813,813,Software,Low
Illinois,41.895339,-87.636284,Chicago,Whittl,operating,2011-05-01,2013-06-18,2013-06-18,2.13,2.13,2.13,2.13,2,1,1300000,1,IL,ecommerce,1,0,0,0,0,3.0,1,342,779,779,Software,Low
California,36.116203,-119.681564,Palo Alto,Continuuity,operating,2011-11-01,2012-01-25,2012-12-21,0.23,1.14,1.04,1.25,5,3,17500100,2,CA,analytics,1,0,1,0,0,3.33,1,343,85,416,Software,High
Texas,31.054487,-97.563461,Austin,Calxeda,operating,2008-01-01,2010-08-01,2012-10-09,2.58,4.78,2.58,4.77,2,5,99750000,2,TX,software,0,0,1,1,1,6.0,1,344,943,1743,Software,High
California,34.0342355,-118.4535601,Los Angeles,StarGreetz,operating,2010-02-01,2010-02-01,2010-02-01,0.0,0.0,0.08,0.08,6,1,6400000,1,CA,advertising,0,0,1,0,0,1.0,0,345,0,0,Service,Medium
New York,42.165726,-74.948051,New York,BuzzVote,operating,2010-01-23,2010-01-01,2010-01-01,-0.06,-0.06,-0.06,-0.06,1,1,200000,1,NY,social,0,1,0,0,0,1.0,0,346,-22,-22,Software,Low
California,36.116203,-119.681564,Palo Alto,Commerce Sciences,closed,2011-01-01,2012-07-02,2012-07-02,1.5,1.5,1.0,1.79,3,1,1800000,2,CA,ecommerce,0,0,0,0,0,5.0,1,348,548,548,Software,Low
Missouri,38.691084,-90.354532,Saint Louis,Ridemakerz,operating,2006-06-01,2006-06-01,2008-03-01,0.0,1.75,2.65,2.65,2,3,23000000,1,MO,ecommerce,0,0,1,1,0,2.0,0,349,0,639,Software,High
Missouri,38.456085,-92.288368,St. Louis,BusyEvent,operating,2006-08-02,2012-02-01,2013-02-27,5.5,6.58,6.09,6.09,4,2,370000,1,MO,mobile,1,1,0,0,0,2.0,1,351,2009,2401,software,Low
California,36.116203,-119.681564,Venice,StackSocial,operating,2011-09-01,2012-01-17,2012-07-24,0.38,0.9,-0.67,1.92,3,2,800000,2,CA,ecommerce,0,1,0,0,0,2.5,1,352,138,327,Software,Low
Missouri,38.6283027,-90.1906904,St. Louis,Hatchbuck,operating,2011-01-01,2012-04-01,2012-09-19,1.25,1.72,1.58,2.16,1,4,1365000,2,MO,software,0,1,0,0,0,1.0,1,353,456,627,Software,Low
California,37.404903,-122.113167,Mountain View,Think Big Analytics,operating,2010-08-01,2012-07-18,2013-02-05,1.96,2.52,0.08,0.08,2,2,4200010,1,CA,analytics,1,0,0,0,0,2.0,1,354,717,919,Software,Medium
California,37.3393857,-121.8949555,Mountain View,GLIIF,operating,2012-01-05,2013-05-15,2013-05-15,1.36,1.36,-0.94,1.5,1,1,250000,2,CA,advertising,0,1,0,0,0,1.0,0,356,496,496,Service,Low
New York,42.165726,-74.948051,New York,Moveline,operating,2011-12-17,2011-12-22,2012-10-31,0.01,0.87,0.79,1.22,7,3,1750000,2,NY,web,0,1,0,0,0,5.0,1,357,5,319,Software,Low
California,38.655141,-121.069525,El Dorado Hills,Stillwater Supercomputing,operating,2007-03-21,2006-08-01,2006-08-01,-0.64,-0.64,-0.64,-0.64,6,1,250000,1,CA,hardware,0,1,0,0,0,1.0,0,358,-232,-232,Hardware,Low
New Hampshire,42.72851,-71.483402,Nashua,Mosaic Storage Systems,closed,2011-03-07,2013-02-28,2013-02-28,1.98,1.98,0.82,0.82,3,1,875000,1,NH,photo_video,0,0,1,0,0,4.0,1,359,724,724,Software,Low
New York,42.856515,-73.782775,Clifton Park,Apprenda,operating,2007-01-01,2009-11-09,2013-11-20,2.86,6.89,5.59,5.91,14,3,31000000,2,NY,enterprise,0,0,1,1,1,2.67,1,360,1043,2515,Software,High
California,36.116203,-119.681564,San Francisco,Aria Retirement Solutions,closed,2011-01-01,2012-02-03,2013-04-01,1.09,2.25,1.0,1.0,2,2,4650000,1,CA,finance,1,0,0,0,0,1.0,1,361,398,821,Service,Medium
California,34.0895186,-118.3315838,LOS ANGELES,StyleHaul,operating,2010-01-01,2012-02-02,2013-05-14,2.09,3.37,3.0,3.0,1,3,16900000,1,CA,photo_video,0,0,1,1,0,1.0,1,362,762,1229,Software,High
California,36.116203,-119.681564,Santa Monica,Eventup,closed,2011-07-01,2012-06-04,2012-06-04,0.93,0.93,0.5,0.61,4,1,1800000,2,CA,web,0,0,0,0,0,5.0,1,363,339,339,Software,Low
California,36.116203,-119.681564,Los Angeles,Chewse,closed,2011-07-01,2013-04-01,2013-04-01,1.75,1.75,0.08,1.75,2,1,1000000,2,CA,hospitality,0,1,0,0,0,6.0,1,364,640,640,Service,Low
California,36.116203,-119.681564,San Francisco,Grantoo,operating,2011-09-01,2011-06-01,2012-04-07,-0.25,0.6,1.0,1.0,13,2,2475000,1,CA,games_video,0,1,0,0,0,7.0,0,365,-92,219,Software,Medium
California,37.764572,-122.411845,San Francisco,WibiData,operating,2010-01-01,2010-09-16,2013-05-01,0.71,3.33,3.91,3.91,2,3,20000000,1,CA,enterprise,0,1,1,1,0,2.67,1,366,258,1216,Software,High
California,36.116203,-119.681564,San Francisco,TastemakerX,operating,2011-01-01,2012-02-08,2013-03-07,1.1,2.18,1.19,2.72,8,2,3050000,3,CA,games_video,0,0,1,1,0,4.5,1,367,403,796,Software,Medium
New York,42.165726,-74.948051,New York,Paddle8,operating,2010-01-01,2012-02-08,2013-06-06,2.1,3.43,2.1,2.58,6,2,10000000,2,NY,ecommerce,0,0,1,1,0,4.5,1,368,768,1252,Software,Medium
Illinois,40.349457,-88.986137,Oakbrook,Access Media 3,operating,2007-01-01,2012-02-09,2012-02-09,5.11,5.11,-9.01,-9.01,1,1,30000000,1,IL,security,1,0,0,0,0,2.0,0,369,1865,1865,Service,High
California,33.8315296,-118.3157788,Torrance,Cheers,operating,2011-09-01,2013-03-05,2013-03-05,1.51,1.51,-0.67,1.51,7,1,2500000,2,CA,mobile,0,0,1,0,0,4.0,1,370,551,551,software,Medium
Massachusetts,42.230171,-71.530106,Boston,BoardProspects,closed,2011-08-01,2012-02-09,2013-10-15,0.53,2.21,0.54,1.11,11,2,3050000,2,MA,social,0,1,1,0,0,1.0,0,371,192,806,Software,Medium
California,36.116203,-119.681564,Palo Alto,ScriptRock,operating,2012-01-21,2012-01-01,2012-06-01,-0.05,0.36,1.28,1.28,4,2,1225000,1,CA,enterprise,0,1,0,0,0,5.5,1,372,-20,132,Software,Low
California,37.8001663,-122.4550349,San Francisco,Everest,operating,2012-01-01,2012-01-01,2013-11-29,0.0,1.91,0.42,1.12,6,3,2200000,3,CA,mobile,1,1,0,0,0,4.5,1,373,0,698,software,Medium
Pennsylvania,40.590752,-77.209755,Pittsburgh,Kextil,closed,2010-04-01,2010-06-01,2013-03-14,0.17,2.95,1.25,1.25,4,3,370000,1,PA,software,0,1,0,0,0,1.0,1,374,61,1078,Software,Low
California,36.116203,-119.681564,San Carlos,NatureBox,operating,2012-01-01,2012-12-12,2013-07-23,0.95,1.56,1.0,1.56,5,2,10500000,3,CA,ecommerce,0,0,1,0,0,2.5,1,375,346,569,Software,Medium
California,36.116203,-119.681564,Redwood City,OpenLabel,operating,2012-01-01,2012-01-10,2013-10-12,0.02,1.78,0.11,0.33,3,6,760000,2,CA,mobile,0,1,0,0,0,2.8,0,376,9,650,software,Low
California,36.116203,-119.681564,Burlingame,StopTheHacker,operating,2008-01-01,2012-02-13,2012-02-13,4.12,4.12,3.92,4.12,11,1,1100000,2,CA,security,0,0,1,0,0,2.0,1,377,1504,1504,Service,Low
California,36.116203,-119.681564,Culver City,Wittlebee,operating,2012-01-01,2012-04-05,2012-04-05,0.26,0.26,0.77,1.36,5,1,2500000,2,CA,fashion,0,0,0,0,0,6.0,1,378,95,95,Business,Medium
New York,40.745496,-73.992487,New York,Vistar Media,closed,2011-09-01,2013-03-05,2013-05-02,1.51,1.67,-0.17,1.51,4,2,2825000,2,NY,advertising,0,0,0,0,0,1.0,1,379,551,609,Service,Medium
New York,42.165726,-74.948051,Long Island City,Aereo,operating,2011-01-01,2011-04-15,2013-01-08,0.28,2.02,2.58,2.88,1,3,63000000,2,NY,web,0,0,1,1,0,4.33,1,380,104,738,Software,High
California,36.116203,-119.681564,San Jose,Zscaler,operating,2007-01-01,2012-08-30,2012-08-30,5.67,5.67,5.66,5.67,7,1,38000000,2,CA,security,1,0,0,0,0,1.0,1,381,2068,2068,Service,High
California,37.7577251,-122.4259525,San Francisco,Carezone.com,operating,2010-10-01,2012-05-01,2012-05-01,1.58,1.58,0.38,0.38,3,1,13000000,1,CA,medical,1,0,0,0,0,2.0,1,383,578,578,Service,High
Pennsylvania,40.590752,-77.209755,Philadelphia,Ryzing,closed,2009-11-01,2009-10-30,2011-06-24,-0.01,1.64,0.0,0.0,1,2,2653000,1,PA,games_video,1,0,1,0,0,1.0,0,384,-2,600,Software,Medium
Tennessee,35.747845,-86.692345,Franklin,iQuantifi.com,closed,2011-06-20,2011-06-20,2011-06-20,0.0,0.0,1.82,1.82,6,1,200000,1,TN,finance,0,1,0,0,0,1.0,0,385,0,0,Service,Low
California,37.4480203,-122.1587501,Palo Alto,Signifyd,closed,2011-06-01,2012-12-19,2012-12-19,1.55,1.55,1.55,1.59,4,1,2000000,2,CA,software,1,0,0,0,0,7.0,1,386,567,567,Software,Low
California,37.789634,-122.404052,San Francisco,Scribd,operating,2007-01-01,2006-06-01,2011-01-18,-0.59,4.05,3.4,6.75,21,5,25762000,4,CA,news,0,1,1,1,1,3.0,1,387,-214,1478,Service,High
California,36.116203,-119.681564,Palo Alto,My1login,closed,2007-09-01,2012-04-13,2013-06-24,4.62,5.82,5.82,5.82,3,2,1500000,1,CA,security,0,1,0,0,0,3.0,1,388,1686,2123,Service,Low
Wisconsin,43.0833196,-89.3724769,Madison,SnowShoe Stamp,closed,2010-04-01,2011-12-31,2013-05-13,1.75,3.12,1.17,1.17,4,4,1199000,1,WI,mobile,0,1,0,0,0,1.0,1,389,639,1138,software,Low
New York,42.165726,-74.948051,New York,Goodfilms,operating,2011-09-01,2011-09-01,2012-02-01,0.0,0.42,0.42,0.42,2,2,170000,1,NY,social,1,1,0,0,0,1.0,0,390,0,153,Software,Low
California,37.477008,-122.151599,Menlo Park,GuideSpark,operating,2008-01-01,2013-08-27,2013-08-27,5.66,5.66,5.25,5.25,6,1,5000000,1,CA,enterprise,0,0,1,0,0,2.0,1,392,2065,2065,Software,Medium
New York,40.7143528,-74.0059731,New York,Fancy,operating,2009-01-01,2009-06-01,2013-09-09,0.41,4.69,4.13,4.81,13,5,78000000,2,NY,web,0,0,1,1,1,3.4,1,393,151,1712,Software,High
New York,42.165726,-74.948051,New York,DigitalOcean,operating,2011-06-24,2012-05-17,2013-07-15,0.9,2.06,2.01,2.36,7,2,3205800,2,NY,network_hosting,0,1,0,0,0,2.0,1,394,328,752,Software,Medium
New York,40.739867,-73.990024,New York,Modelinia,closed,2008-01-01,2008-04-09,2008-04-09,0.27,0.27,1.83,1.83,9,1,5000000,1,NY,web,0,0,1,0,0,1.0,1,395,99,99,Software,Medium
Connecticut,41.597782,-72.755371,Stamford,Lumesis,closed,2010-01-01,2012-02-22,2013-04-01,2.14,3.25,0.5,0.5,3,2,4481872,1,CT,analytics,0,0,1,0,0,1.0,1,396,782,1186,Software,Medium
California,36.116203,-119.681564,San Francisco,AllTrails,closed,2010-01-01,2010-09-01,2013-04-01,0.67,3.25,0.63,1.67,4,5,2879987,2,CA,sports,1,1,0,0,0,1.25,1,397,243,1186,Service,Medium
California,37.421418,-122.098296,Mountain View,Swipp,operating,2011-04-12,2012-05-23,2013-04-22,1.12,2.03,1.77,2.03,7,4,9001000,2,CA,social,0,0,1,1,0,1.0,0,398,407,741,Software,Medium
California,33.6839473,-117.7946942,Irvine,CrowdStrike,operating,2011-01-01,2011-12-02,2013-09-09,0.92,2.69,1.29,2.69,4,3,56014852,2,CA,security,0,0,1,1,0,1.5,1,399,335,982,Service,High
Massachusetts,42.230171,-71.530106,Westborough,SimpliVity,operating,2009-01-01,2012-01-01,2013-11-18,3.0,4.88,3.73,3.73,6,4,101500000,3,MA,network_hosting,0,0,1,1,1,4.0,1,400,1095,1782,Software,High
California,36.116203,-119.681564,San Francisco,Duetto,operating,2012-02-24,2012-04-19,2012-12-11,0.15,0.8,0.0,0.6,4,2,12200000,2,CA,software,0,0,1,0,0,5.0,1,401,55,291,Software,High
Delaware,39.318523,-75.507141,Wilmington,cloudswave,closed,2012-11-01,2013-05-28,2013-05-28,0.57,0.57,-2.25,-2.25,3,1,500000,1,DE,ecommerce,0,1,0,0,0,2.0,0,402,208,208,Software,Low
New York,42.165726,-74.948051,New York,Poppin,operating,2009-09-09,2012-02-27,2013-05-02,2.47,3.65,3.8,4.06,11,2,17100000,2,NY,ecommerce,0,0,1,1,0,3.5,1,403,901,1331,Software,High
Illinois,40.349457,-88.986137,Chicago,TempoDB,operating,2011-11-01,2012-01-01,2013-10-09,0.17,1.94,0.17,1.81,4,3,4068000,2,IL,analytics,0,1,1,0,0,3.67,1,404,61,708,Software,Medium
California,34.0900091,-118.3617443,West Hollywood,Quarterly,closed,2011-05-01,2013-07-18,2013-07-18,2.22,2.22,1.34,2.18,3,1,1000000,2,CA,web,0,0,1,0,0,6.0,1,405,809,809,Software,Low
California,34.0184893,-118.4892333,Santa Monica,Atlas Powered,closed,2011-08-01,2012-12-01,2012-12-01,1.34,1.34,1.93,1.93,5,1,700000,1,CA,mobile,0,1,0,0,0,7.0,1,406,488,488,software,Low
New York,42.165726,-74.948051,New York City,Plyfe,operating,2011-11-11,2012-03-02,2012-11-29,0.31,1.05,0.14,1.05,6,2,1750000,2,NY,web,0,1,0,0,0,2.0,1,407,112,384,Software,Low
California,36.116203,-119.681564,San Franciso,The Mad Video,operating,2011-01-01,2012-05-23,2013-11-18,1.39,2.88,1.0,2.21,4,2,1540944,2,CA,photo_video,0,1,0,1,0,4.0,0,408,508,1052,Software,Low
Florida,27.766279,-81.686783,Miami,Kairos AR,operating,2012-04-12,2013-11-27,2013-11-27,1.63,1.63,-0.03,-0.03,3,1,500000,1,FL,mobile,0,1,0,0,0,5.0,0,409,594,594,software,Low
Texas,31.054487,-97.563461,Austin,Omni Water Solutions,operating,2010-01-01,2011-06-01,2013-04-22,1.41,3.31,2.0,2.0,5,4,15600325,1,TX,cleantech,1,0,1,0,0,1.0,1,410,516,1207,Business,High
Massachusetts,42.230171,-71.530106,Boston,LevelUp,operating,2011-07-14,2010-12-01,2013-09-26,-0.62,2.21,0.47,1.63,5,2,7500000,3,MA,mobile,1,0,0,0,0,1.0,1,411,-225,805,software,Medium
Colorado,39.059811,-105.311104,Boulder,Captimo,operating,2009-06-01,2010-08-01,2011-01-24,1.17,1.65,3.42,3.42,11,2,1200000,1,CO,mobile,0,1,0,0,0,1.0,1,412,426,602,software,Low
New York,42.165726,-74.948051,New York,Precision Health Media,operating,2007-01-01,2012-03-01,2013-08-29,5.17,6.66,5.25,5.25,2,2,1515000,1,NY,advertising,1,0,0,0,0,6.0,1,413,1886,2432,Service,Low
Florida,26.820375,-80.058401,North Palm Beach,divorce360,operating,2007-05-01,2007-09-01,2007-09-01,0.34,0.34,0.59,0.59,2,1,2500000,1,FL,web,0,0,1,0,0,1.0,1,414,123,123,Software,Medium
Massachusetts,42.376862,-71.14462,Boston,Drync,operating,2008-06-01,2013-06-01,2013-08-14,5.0,5.21,4.25,4.25,4,2,1770000,1,MA,mobile,0,1,0,0,0,3.0,0,416,1826,1900,software,Low
California,36.116203,-119.681564,San Francisco,SocialChorus,operating,2008-01-01,2009-02-23,2013-08-20,1.15,5.64,4.75,4.75,19,2,7500000,1,CA,software,0,0,1,0,0,1.5,0,417,419,2058,Software,Medium
Missouri,38.456085,-92.288368,Saint Louis,Material Mix,closed,2011-02-01,2012-03-05,2012-05-10,1.09,1.27,0.0,1.27,2,2,100000,2,MO,software,0,1,0,0,0,1.0,1,418,398,464,Software,Low
New York,40.7388585,-73.9917578,New York,TripleLift,operating,2012-01-09,2012-01-11,2013-12-08,0.01,1.92,0.39,0.39,6,3,6125000,1,NY,advertising,1,1,0,0,0,4.0,1,419,2,699,Service,Medium
Massachusetts,42.230171,-71.530106,Medford,"Valerion Therapeutics, LLC",operating,2007-01-01,2012-03-05,2012-03-05,5.18,5.18,1.0,1.0,1,1,20000000,1,MA,biotech,0,0,1,0,0,1.0,0,420,1890,1890,software,High
Virginia,37.769337,-78.169968,McLean,Sunnovations,operating,2008-04-01,2012-03-05,2012-03-05,3.93,3.93,1.42,1.42,2,1,200000,1,VA,cleantech,1,0,0,0,0,1.0,1,421,1434,1434,Business,Low
New Jersey,39.9443552,-75.1257381,Camden,Agilence,operating,2006-01-01,2008-11-18,2012-05-11,2.88,6.36,5.28,5.28,9,4,12727468,1,NJ,enterprise,0,0,0,1,1,2.0,1,422,1052,2322,Software,High
Oregon,44.572021,-122.070938,Portland,Celly,operating,2011-04-13,2013-02-20,2013-02-20,1.86,1.86,1.81,1.86,3,1,1400000,2,OR,mobile,0,1,0,0,0,3.0,0,423,679,679,software,Low
California,37.536402,-122.325129,San Mateo,Quantance,operating,2006-01-01,2006-09-15,2013-04-10,0.7,7.28,6.0,6.0,10,6,44750000,1,CA,semiconductor,0,0,1,1,1,3.75,1,424,257,2656,Software,High
New York,42.165726,-74.948051,New York,Thrillist Media Group,operating,2012-02-01,2012-08-16,2012-08-16,0.54,0.54,-1.67,-1.67,1,1,13100000,1,NY,news,0,0,1,0,0,3.0,1,425,197,197,Service,High
California,36.116203,-119.681564,San Francisco,Chute,operating,2011-07-01,2011-08-01,2013-05-07,0.08,1.85,0.08,2.24,4,4,9720000,2,CA,photo_video,0,1,1,0,0,3.0,1,426,31,676,Software,Medium
New York,42.165726,-74.948051,New York,Branch,operating,2011-09-01,2012-03-06,2012-03-06,0.51,0.51,2.22,2.22,9,1,2000000,1,NY,web,0,0,0,0,0,8.0,1,427,187,187,Software,Low
Nebraska,41.12537,-98.268082,Omaha,Cympel,operating,2011-05-10,2013-07-01,2013-07-01,2.15,2.15,1.0,2.15,4,1,125000,2,NE,advertising,0,1,0,0,0,1.0,0,428,783,783,Service,Low
California,36.116203,-119.681564,Los Angeles,DreamCloset.com,closed,2012-01-09,2012-01-17,2012-01-17,0.02,0.02,0.0,0.0,1,1,100000,1,CA,fashion,0,1,0,0,0,1.0,0,429,8,8,Business,Low
New York,42.165726,-74.948051,New York,Budge,operating,2011-06-20,2012-06-30,2012-06-30,1.03,1.03,0.55,1.47,3,1,1016000,2,NY,mobile,0,1,0,0,0,6.0,0,430,376,376,software,Low
Pennsylvania,40.590752,-77.209755,Danville,Cernostics,operating,2008-01-01,2012-03-08,2013-12-03,4.19,5.93,2.42,2.42,5,3,1555000,1,PA,biotech,1,0,0,1,0,1.67,1,431,1528,2163,software,Low
New York,42.165726,-74.948051,Huntington,CooCoo,closed,2009-01-01,2010-10-01,2011-04-01,1.75,2.25,2.83,2.83,6,2,1910000,1,NY,transportation,0,1,1,0,0,1.0,0,432,638,820,Business,Low
Missouri,38.456085,-92.288368,Columbia,adFreeq,closed,2011-07-01,2012-09-19,2013-09-20,1.22,2.22,0.92,0.92,4,3,328000,1,MO,advertising,0,1,0,0,0,1.0,1,433,446,812,Service,Low
California,37.770067,-122.407603,San Francisco,Coveroo,operating,2008-10-01,2009-08-01,2010-07-07,0.83,1.76,-0.2,2.25,7,2,3800000,3,CA,hardware,0,0,1,1,0,4.0,1,434,304,644,Hardware,Medium
New York,42.165726,-74.948051,New York,BuzzTable,operating,2011-06-01,2011-06-06,2013-05-01,0.01,1.92,0.0,2.03,6,3,1025000,2,NY,mobile,0,1,0,0,0,1.0,1,435,5,700,software,Low
Indiana,39.849426,-86.258278,Carmel,Jada Beauty,operating,2010-07-18,2012-02-15,2012-02-15,1.58,1.58,1.96,1.96,5,1,365000,1,IN,ecommerce,0,1,0,0,0,2.0,0,436,577,577,Software,Low
California,36.116203,-119.681564,San Mateo,Rafter,operating,2006-08-01,2009-11-01,2012-10-01,3.25,6.17,5.91,6.42,10,6,86000000,3,CA,education,1,0,1,1,0,2.17,1,437,1188,2253,Service,High
Massachusetts,42.4176557,-71.2589059,Waltham,Adelphic Mobile,operating,2010-01-01,2012-03-13,2012-12-04,2.2,2.93,2.93,3.33,8,2,12000000,2,MA,mobile,0,0,1,0,0,2.0,1,438,802,1068,software,High
California,37.406702,-121.919961,Milpitas,NextPrinciples,closed,2010-12-01,2012-03-13,2013-10-16,1.28,2.88,1.08,1.08,8,3,3174999,1,CA,software,1,1,0,0,0,6.0,0,439,468,1050,Software,Medium
Virginia,37.769337,-78.169968,Reston,AnyPresence,operating,2010-01-01,2011-07-01,2012-08-08,1.5,2.6,2.0,3.47,7,2,7500000,2,VA,enterprise,0,0,1,1,0,1.5,1,440,546,950,Software,Medium
California,36.116203,-119.681564,San Francisco,Pathbrite,operating,2012-01-01,2011-12-01,2013-03-04,-0.08,1.17,0.42,1.17,7,3,8000000,2,CA,education,0,0,1,0,0,2.0,0,441,-31,428,Service,Medium
Colorado,39.059811,-105.311104,Broomfield,Starboard Storage Systems,operating,2012-02-13,2012-05-13,2012-05-13,0.25,0.25,0.3,0.3,9,1,13000000,1,CO,enterprise,0,0,0,1,0,2.0,0,442,90,90,Software,High
Washington,47.400902,-121.490494,Bellevue,ReadyPulse,closed,2010-11-01,2012-04-17,2012-12-31,1.46,2.17,1.42,1.46,4,2,1000000,2,WA,advertising,1,1,0,0,0,1.0,0,443,533,791,Service,Low
California,36.116203,-119.681564,Menlo Park,Yiftee,operating,2011-01-01,2013-01-07,2013-01-07,2.02,2.02,1.84,2.75,5,1,850000,2,CA,web,0,1,0,0,0,1.0,1,444,737,737,Software,Low
New York,40.7143528,-74.0059731,New York,Locality,operating,2011-01-01,2011-06-06,2013-11-21,0.43,2.89,2.5,2.89,8,5,7519999,2,NY,search,0,1,1,0,0,3.0,1,445,156,1055,Software,Medium
California,36.116203,-119.681564,San Francisco,AnyPerk,operating,2012-01-01,2012-01-01,2013-03-11,0.0,1.19,0.23,1.42,2,2,1400000,2,CA,ecommerce,0,1,0,0,0,3.0,1,446,0,435,Software,Low
California,36.116203,-119.681564,San Francisco,Entelo,operating,2011-05-01,2012-07-01,2013-06-19,1.17,2.14,0.17,2.27,3,2,3748000,2,CA,software,1,0,1,0,0,1.5,1,448,427,780,Software,Medium
California,37.7823753,-122.4075668,San Francisco,Watchwith,closed,2012-03-20,2013-06-25,2013-06-25,1.27,1.27,0.0,1.2,5,1,5000000,3,CA,games_video,0,0,1,0,0,4.0,0,449,462,462,Software,Medium
California,36.116203,-119.681564,San Francisco,Dojo,operating,2011-11-01,2011-02-08,2012-04-01,-0.73,0.42,0.0,0.0,2,2,880000,1,CA,social,0,1,0,0,0,1.0,1,450,-266,152,Software,Low
New Jersey,40.298904,-74.521011,South Plainfield,AetherPal,operating,2009-01-01,2013-11-04,2013-11-04,4.84,4.84,4.84,4.84,1,1,6000000,1,NJ,mobile,0,0,1,0,0,2.0,1,451,1768,1768,software,Medium
California,36.116203,-119.681564,Oakland,Mosaic,operating,2011-01-01,2012-05-31,2013-07-29,1.41,2.58,1.08,1.45,6,5,22920000,2,CA,cleantech,1,0,1,1,0,1.0,1,452,516,940,Business,High
California,37.3751134,-121.9199107,San Jose,Averail,closed,2011-01-01,2011-07-26,2012-03-20,0.56,1.22,1.42,3.27,7,2,6250000,2,CA,mobile,0,1,1,0,0,1.5,1,453,206,444,software,Medium
New York,42.165726,-74.948051,Scarsdale,TownWizard,operating,2011-07-01,2011-07-01,2012-07-15,0.0,1.04,1.75,1.75,4,2,246850,1,NY,mobile,0,1,0,0,0,1.0,0,454,0,380,software,Low
New York,42.165726,-74.948051,New York,ClosetDash,closed,2012-09-15,2013-06-03,2013-06-03,0.72,0.72,0.0,0.0,1,1,40000,1,NY,ecommerce,0,1,0,0,0,1.0,1,455,261,261,Software,Low
California,36.116203,-119.681564,West Los Angeles,FreedomPop,operating,2011-01-01,2012-07-10,2013-07-11,1.52,2.53,2.33,2.75,8,3,16800000,2,CA,mobile,0,0,1,0,0,2.0,1,456,556,922,software,High
New York,42.165726,-74.948051,New York,Shoptiques,closed,2011-01-01,2012-03-21,2012-10-04,1.22,1.76,1.22,1.22,1,2,2000000,1,NY,fashion,0,1,0,0,0,3.0,1,457,445,642,Business,Low
New Jersey,40.298904,-74.521011,Toms River,Yashi,operating,2007-08-22,2010-12-17,2013-12-05,3.32,6.29,5.01,5.2,2,4,6250000,2,NJ,advertising,0,1,1,1,0,1.0,1,458,1213,2297,Service,Medium
New York,42.165726,-74.948051,New York,YouGift,operating,2010-01-01,2012-03-22,2012-03-22,2.22,2.22,1.41,1.41,2,1,1200000,1,NY,ecommerce,0,1,0,0,0,2.0,0,459,811,811,Software,Low
California,37.7829746,-122.4079619,San Francisco,VoiceBunny,operating,2012-01-01,2011-09-05,2011-09-05,-0.32,-0.32,0.89,1.25,6,1,750000,2,CA,advertising,0,1,0,0,0,1.0,0,460,-118,-118,Service,Low
Tennessee,35.747845,-86.692345,Memphis,Paytopia,operating,2012-01-28,2012-03-24,2012-03-24,0.15,0.15,0.09,0.09,6,1,15000,1,TN,ecommerce,0,1,0,0,0,1.0,0,461,56,56,Software,Low
Ohio,40.388783,-82.764915,Youngstown,Campus Shift,operating,2011-08-01,2012-03-22,2012-05-01,0.64,0.75,1.84,1.84,3,2,55000,1,OH,education,1,1,0,0,0,1.0,0,462,234,274,Service,Low
Ohio,41.4966513,-81.6937621,Cleveland,Quixby,closed,2010-08-01,2011-11-01,2012-03-23,1.25,1.64,1.58,1.58,8,2,150000,1,OH,software,0,1,0,0,0,1.5,0,463,457,600,Software,Low
North Carolina,35.630066,-79.806419,Charlotte,Virtual Race Bags,operating,2010-11-01,2012-04-17,2012-05-30,1.46,1.58,0.83,0.83,2,2,1550000,1,NC,software,1,0,1,0,0,2.0,0,464,533,576,Software,Low
California,36.611645,-121.898539,Monterey,CrossLoop,operating,2006-01-01,2007-12-01,2011-01-06,1.92,5.02,2.58,7.31,12,3,10500000,3,CA,web,0,0,1,1,1,1.5,1,465,699,1831,Software,Medium
California,36.116203,-119.681564,Palo Alto,Condition One,operating,2010-10-01,2012-01-01,2012-10-15,1.25,2.04,1.67,2.07,6,3,2350000,2,CA,games_video,0,1,0,0,0,1.33,1,466,457,745,Software,Medium
New York,42.165726,-74.948051,New York,Karma Mobility,operating,2012-01-01,2012-03-14,2012-08-15,0.2,0.62,1.0,1.0,5,2,1218000,1,NY,mobile,0,1,0,0,0,6.0,1,467,73,227,software,Low
Texas,31.054487,-97.563461,Dallas,GiftCard.com,operating,2005-06-01,2006-06-01,2012-07-19,1.0,7.14,6.59,6.59,4,3,7500000,1,TX,ecommerce,0,0,1,0,0,1.0,0,468,365,2605,Software,Medium
New York,40.7389343,-73.9896316,New York,Bench,operating,2012-01-01,2012-03-01,2013-07-16,0.16,1.54,0.16,1.54,4,2,2000000,3,NY,software,0,1,0,0,0,2.5,1,469,60,562,Software,Low
California,34.0239952,-118.4803174,Santa Monica,The Honest Company,operating,2011-01-01,2012-03-23,2013-11-11,1.22,2.86,1.0,2.86,8,2,52000000,2,CA,ecommerce,0,0,1,1,0,4.0,1,470,447,1045,Software,High
Texas,31.054487,-97.563461,Austin,SubtleData,operating,2011-07-01,2012-11-18,2012-11-18,1.39,1.39,1.17,1.67,4,1,500000,2,TX,mobile,0,1,0,0,0,6.0,0,471,506,506,software,Low
California,36.116203,-119.681564,San Francisco,YesPlz!,closed,2011-01-01,2011-06-01,2011-06-01,0.41,0.41,0.41,0.41,2,1,30000,1,CA,social,0,1,0,0,0,1.0,0,473,151,151,Software,Low
California,36.116203,-119.681564,San Francisco,Linqia,operating,2011-11-01,2012-09-13,2012-09-13,0.87,0.87,1.08,1.08,3,1,3400000,1,CA,advertising,0,0,1,0,0,1.0,1,474,317,317,Service,Medium
California,36.116203,-119.681564,San Francisco,GetGoing,operating,2012-01-01,2012-01-01,2012-01-01,0.0,0.0,-0.17,1.56,3,1,2500000,2,CA,travel,0,0,0,0,0,8.0,1,475,0,0,Service,Medium
California,36.116203,-119.681564,Palo Alto,Boxfish,operating,2010-01-01,2011-07-30,2011-07-30,1.58,1.58,2.75,3.36,6,1,3000000,2,CA,games_video,0,0,1,0,0,1.0,1,476,575,575,Software,Medium
Connecticut,41.140415,-73.3654386,Westport,Domino,operating,2011-01-01,2012-03-27,2013-10-08,1.24,2.77,1.16,1.16,3,3,6600000,1,CT,design,0,1,1,1,0,2.0,1,477,451,1011,Software,Medium
Texas,30.2795042,-97.7427559,Austin,Toopher,operating,2011-09-01,2013-01-31,2013-01-31,1.42,1.42,0.58,0.58,5,1,2000000,1,TX,security,0,0,1,0,0,2.0,1,478,518,518,Service,Low
Texas,30.389042,-97.756264,Austin,ReachForce,operating,2005-10-01,2007-06-11,2011-01-31,1.69,5.34,7.67,7.67,16,4,14499990,1,TX,enterprise,1,0,1,1,0,1.67,1,479,618,1948,Software,High
New York,42.165726,-74.948051,New York,Sefaira,operating,2009-01-01,2012-04-10,2013-10-02,3.27,4.75,3.42,3.55,4,3,20000000,2,NY,software,1,0,1,0,0,2.33,1,480,1195,1735,Software,High
California,36.116203,-119.681564,San Diego,DB Networks,operating,2009-01-01,2013-01-29,2013-01-29,4.08,4.08,3.92,4.08,4,1,4500000,2,CA,security,0,0,0,1,0,1.0,1,481,1489,1489,Service,Medium
California,36.116203,-119.681564,San Francisco,ViralNinjas,closed,2011-09-01,2012-04-20,2012-12-05,0.64,1.26,1.08,1.08,8,2,1950000,1,CA,advertising,1,0,0,0,0,1.0,1,482,232,461,Service,Low
California,37.7449229,-122.4399291,San Francisco,Reesio,closed,2012-01-20,2013-06-12,2013-10-01,1.39,1.7,0.36,1.7,4,2,1301000,2,CA,real_estate,0,1,1,0,0,3.0,0,483,509,620,Business,Low
Virginia,37.769337,-78.169968,Fairfax,DataRPM,operating,2012-01-06,2013-11-14,2013-11-14,1.86,1.86,0.0,0.0,3,1,800000,1,VA,software,0,1,0,0,0,2.0,1,484,678,678,Software,Low
Washington,47.620716,-122.347533,Seattle,Walk Score,operating,2007-07-01,2012-01-13,2012-01-13,4.54,4.54,4.54,4.54,4,1,2000000,1,WA,real_estate,0,0,1,0,0,4.0,0,485,1657,1657,Business,Low
New York,40.6986772,-73.9859414,Brooklyn,Bondsy,closed,2011-06-09,2012-05-13,2012-07-01,0.93,1.06,1.02,1.96,8,2,754466,2,NY,web,0,1,0,0,0,3.5,1,486,339,388,Software,Low
California,37.3905676,-122.0813146,Mountain View,Dropifi,operating,2011-11-20,2012-01-01,2013-04-15,0.12,1.4,1.78,1.78,4,2,100000,1,CA,software,0,1,0,0,0,1.0,0,487,42,512,Software,Low
California,36.116203,-119.681564,San Francisco,AgileMD,operating,2011-05-01,2011-08-02,2012-06-14,0.25,1.12,0.0,0.0,2,2,2000000,1,CA,medical,0,1,0,0,0,1.0,1,488,93,410,Service,Low
California,36.116203,-119.681564,San Diego,Genalyte,operating,2007-01-01,2012-03-30,2012-03-30,5.25,5.25,5.0,5.0,2,1,11800000,1,CA,biotech,0,0,0,1,0,1.0,1,489,1915,1915,software,High
California,36.116203,-119.681564,Palo Alto,Udacity,operating,2011-01-01,2012-01-01,2012-10-25,1.0,1.82,2.58,2.69,8,2,20000000,2,CA,education,0,0,1,1,0,2.0,1,490,365,663,Service,High
New Hampshire,43.452492,-71.563896,Hampton,1Mind,operating,2011-01-01,2013-08-05,2013-08-05,2.59,2.59,0.0,2.58,1,1,500000,2,NH,social,0,1,0,0,0,2.0,0,491,947,947,Software,Low
California,36.116203,-119.681564,Los Gatos,Pertino,operating,2011-01-01,2012-04-03,2013-03-07,1.25,2.18,2.09,2.27,10,2,28850000,3,CA,enterprise,0,0,1,1,0,4.5,1,492,458,796,Software,High
Alabama,32.806671,-86.79113,Madison,AvaLAN Wireless Systems,operating,2012-01-01,2012-04-03,2012-04-03,0.25,0.25,-8.01,-8.01,3,1,700000,1,AL,mobile,0,0,0,1,0,1.0,0,493,93,93,software,Low
Kentucky,38.247083,-85.571615,Louisville,CelebCalls,operating,2010-01-01,2010-01-01,2012-02-01,0.0,2.08,2.39,2.39,8,2,3135780,1,KY,messaging,0,1,1,0,0,1.0,0,494,0,761,Software,Medium
California,33.6396749,-117.9416077,Costa Mesa,ZimpleMoney,operating,2008-01-03,2011-12-29,2011-12-29,3.99,3.99,1.01,1.01,6,1,600000,1,CA,software,0,1,0,0,0,2.0,0,495,1456,1456,Software,Low
California,37.4459832,-122.1490582,Palo Alto,Wealthfront,operating,2008-01-01,2008-12-16,2013-03-20,0.96,5.22,4.16,5.67,23,3,30500000,3,CA,finance,0,0,1,1,0,6.67,1,496,350,1905,Service,High
California,36.116203,-119.681564,Cupertino,BlueKai,operating,2007-01-01,2008-04-01,2011-12-06,1.25,4.93,5.12,6.16,19,5,41893011,3,CA,advertising,1,0,1,1,1,3.0,1,498,456,1800,Service,High
New York,42.165726,-74.948051,New York,Tinypass,closed,2011-01-01,2013-06-14,2013-06-14,2.45,2.45,2.01,2.58,3,1,3000000,3,NY,ecommerce,1,0,0,0,0,3.0,0,499,895,895,Software,Medium
Washington,47.400902,-121.490494,Redmond,9SLIDES,operating,2010-06-01,2013-05-30,2013-10-03,3.0,3.34,2.86,2.86,4,2,925000,1,WA,enterprise,0,1,0,0,0,1.0,0,500,1094,1220,Software,Low
California,36.116203,-119.681564,Irvine,OrderBorder,operating,2010-11-01,2011-02-01,2011-02-01,0.25,0.25,0.0,0.0,3,1,100000,1,CA,ecommerce,0,1,0,0,0,1.0,0,501,92,92,Software,Low
Washington,47.604682,-122.3375312,Seattle,Salad Labs,operating,2011-01-11,2013-07-15,2013-07-15,2.51,2.51,1.14,2.51,4,1,825000,2,WA,games_video,0,1,0,0,0,1.0,0,502,916,916,Software,Low
New York,42.165726,-74.948051,New York,Bespoke Post,operating,2011-01-01,2011-06-06,2013-03-29,0.43,2.24,1.0,2.24,1,3,875000,2,NY,web,0,1,0,0,0,2.67,1,503,156,818,Software,Low
Texas,31.054487,-97.563461,Dallas,Atticous,operating,2011-07-01,2012-04-02,2012-04-02,0.76,0.76,0.08,0.08,4,1,25000,1,TX,ecommerce,0,1,0,0,0,1.0,0,504,276,276,Software,Low
New York,42.165726,-74.948051,New York,Dataminr,operating,2009-01-01,2011-04-14,2013-06-12,2.28,4.45,4.42,4.42,5,3,47586000,1,NY,analytics,1,0,0,1,1,4.0,1,505,833,1623,Software,High
Virginia,38.814329,-77.038605,Alexandria,RideCharge,operating,2007-02-20,2008-01-20,2009-02-18,0.92,2.0,1.82,5.31,13,2,8600000,3,VA,mobile,0,0,1,1,0,1.0,0,506,334,729,software,Medium
Arizona,33.729759,-111.431221,Scottsdale,NJOY,operating,2006-01-01,2012-04-09,2013-06-10,6.27,7.44,5.25,5.25,7,2,95000000,1,AZ,other,1,0,0,0,0,1.5,0,507,2290,2717,Business,High
California,32.7161896,-117.168697,San Diego,StockTwits,operating,2008-01-01,2008-09-23,2010-10-19,0.73,2.8,2.67,4.84,17,5,8600000,3,CA,web,0,1,1,1,1,3.6,1,508,266,1022,Software,Medium
New Jersey,40.804404,-74.102359,Lyndhurst,Vitals (vitals.com),operating,2007-01-01,2008-01-01,2013-06-18,1.0,6.47,4.0,4.0,14,4,45319837,1,NJ,health,1,0,1,0,1,4.0,1,509,365,2360,Service,High
Ohio,40.388783,-82.764915,Cincinnati,BRIVAS LABS,operating,2012-03-01,2013-01-01,2013-11-26,0.84,1.74,1.13,1.73,6,3,350000,2,OH,enterprise,0,1,0,0,0,1.0,0,510,306,635,Software,Low
California,37.5985468,-122.3871942,Millbrae,Stem,operating,2009-01-01,2011-04-20,2013-12-02,2.3,4.92,4.72,4.72,2,3,28097672,1,CA,enterprise,0,0,1,1,0,2.5,0,511,839,1796,Software,High
California,37.7749295,-122.4194155,San Francisco,Isolation Network,operating,2009-01-01,2012-03-19,2012-04-11,3.21,3.28,-1.0,-1.0,13,2,11600000,1,CA,enterprise,1,0,0,1,0,1.0,0,512,1173,1196,Software,High
Massachusetts,42.230171,-71.530106,Cambridge,NuoDB,operating,2010-01-01,2012-04-12,2012-07-09,2.28,2.52,3.79,3.79,3,2,20000000,1,MA,enterprise,1,0,0,1,0,3.0,1,513,832,920,Software,High
New York,40.7570972,-73.969821,New York,Axial,operating,2009-01-01,2010-11-05,2012-05-17,1.84,3.38,-0.43,4.12,6,2,8500000,3,NY,software,0,0,1,0,0,3.0,1,514,673,1232,Software,Medium
Connecticut,41.597782,-72.755371,Wallingford,CyVek,operating,2008-01-01,2012-05-11,2013-02-04,4.36,5.1,2.0,2.0,1,2,8500000,1,CT,biotech,0,0,0,0,1,1.0,1,516,1592,1861,software,Medium
New York,40.738954,-73.992,New York,Proclivity Systems,operating,2006-01-01,2007-01-01,2008-09-01,1.0,2.67,4.0,4.0,4,2,5900000,1,NY,software,0,0,1,1,0,3.0,1,517,365,974,Software,Medium
Illinois,40.349457,-88.986137,Chicago,iKONVERSE,operating,2011-09-01,2011-10-01,2011-10-01,0.08,0.08,0.0,1.5,2,1,100000,2,IL,web,0,1,0,0,0,1.0,0,518,30,30,Software,Low
Massachusetts,42.230171,-71.530106,Boston,"Essess, Inc",operating,2011-06-01,2012-04-16,2012-04-16,0.88,0.88,1.28,1.28,3,1,6000000,1,MA,cleantech,0,0,1,0,0,2.0,0,519,320,320,Business,Medium
California,37.3052616,-121.9316491,San Mateo,BookRenter.com,operating,2006-08-20,2009-11-22,2011-02-23,3.26,4.52,4.87,4.95,11,4,56000000,2,CA,web,1,0,1,1,0,3.0,1,520,1190,1648,Software,High
California,36.116203,-119.681564,San Francisco,UniversityNow,operating,2010-01-01,2010-12-01,2013-09-24,0.92,3.73,2.0,2.0,9,4,42500000,1,CA,education,1,0,1,1,1,4.33,1,521,334,1362,Service,High
California,37.4256415,-122.1456008,Palo Alto,Concept.io,operating,2012-01-01,2012-01-01,2013-07-18,0.0,1.55,0.25,1.55,5,3,12700000,2,CA,mobile,1,0,1,0,0,2.67,1,522,0,564,software,High
California,36.116203,-119.681564,Palo Alto,Dennoo,operating,2011-05-01,2013-01-31,2013-07-25,1.76,2.24,2.17,2.17,5,2,3100000,1,CA,advertising,0,1,0,0,0,4.0,1,523,641,816,Service,Medium
California,36.116203,-119.681564,Mountain View,Coursera,operating,2012-01-01,2012-04-18,2013-11-24,0.3,1.9,1.67,1.9,7,4,85000000,2,CA,education,1,0,1,1,0,3.0,1,524,108,693,Service,High
California,37.4429335,-122.1615317,Palo Alto,Pebble,operating,2009-01-01,2011-04-18,2013-05-16,2.29,4.37,4.0,4.94,5,3,25675000,3,CA,hardware,0,1,1,0,0,2.5,1,525,837,1596,Hardware,High
California,37.484592,-122.183212,Redwood City,ALDEA Pharmaceuticals,operating,2011-01-01,2012-05-08,2013-11-18,1.35,2.88,1.0,1.0,10,3,17997183,1,CA,biotech,1,0,1,0,0,1.5,1,526,493,1052,software,High
New York,42.165726,-74.948051,new york,Internet Media Labs,operating,2010-08-01,2011-08-01,2011-08-01,1.0,1.0,1.92,2.85,6,1,175000,2,NY,software,0,1,0,0,0,1.0,0,527,365,365,Software,Low
California,36.116203,-119.681564,Palo Alto,mon.ki,operating,2011-05-25,2012-04-26,2012-04-26,0.92,0.92,0.52,0.52,6,1,400000,1,CA,software,0,1,0,0,0,6.0,1,528,337,337,Software,Low
Washington,47.400902,-121.490494,Seattle,VoloMetrix,operating,2011-01-01,2012-04-20,2013-04-24,1.3,2.31,1.53,1.82,6,2,4900000,2,WA,enterprise,0,0,1,0,0,1.5,1,529,475,844,Software,Medium
California,37.391502,-122.073463,Mountain View,TheFind,operating,2006-10-01,2005-02-01,2007-07-01,-1.66,0.75,4.67,5.87,22,3,26000000,2,CA,ecommerce,0,0,1,1,1,3.0,1,530,-607,273,Software,High
California,36.116203,-119.681564,Santa Monica,AutoRef.com,operating,2010-12-28,2012-06-28,2013-04-12,1.5,2.29,1.64,2.01,9,2,875000,2,CA,web,0,1,0,0,0,2.0,1,531,548,836,Software,Low
California,37.7381513,-122.4145415,San Francisco,Metaresolver,operating,2012-03-19,2012-03-19,2012-03-19,0.0,0.0,0.06,1.04,6,1,1850000,3,CA,mobile,0,0,0,0,0,5.0,1,532,0,0,software,Low
California,36.116203,-119.681564,Beverly Hills,Pheed,operating,2012-11-01,2012-12-01,2013-06-01,0.08,0.58,0.03,0.81,7,2,4500000,2,CA,social,0,1,0,0,0,1.0,0,533,30,212,Software,Medium
Washington,47.400902,-121.490494,Seattle,Apptentive,closed,2011-03-10,2012-07-05,2012-12-11,1.32,1.76,0.23,1.76,5,3,1215000,2,WA,mobile,0,1,0,0,0,5.5,1,534,483,642,software,Low
New York,37.09024,-95.712891,New York,CafeMom,operating,2006-01-01,2007-08-22,2008-03-19,1.64,2.21,3.77,6.0,25,2,17000000,3,NY,network_hosting,0,0,1,1,0,2.0,1,535,598,808,Software,High
Oregon,45.519179,-122.677001,Portland,Elemental Technologies,operating,2006-08-06,2007-12-01,2012-05-07,1.32,5.76,3.67,5.57,13,4,27600000,2,OR,enterprise,1,0,1,1,0,2.5,1,536,482,2101,Software,High
California,36.116203,-119.681564,San Francisco,Artify It,closed,2012-01-01,2012-04-25,2012-04-25,0.32,0.32,0.12,0.12,1,1,800000,1,CA,design,0,1,0,0,0,4.0,1,537,115,115,Software,Low
California,36.116203,-119.681564,San Francisco,Radius Inc.,operating,2008-11-01,2009-09-19,2013-01-23,0.88,4.23,4.25,5.11,25,4,31550000,2,CA,analytics,0,0,1,1,0,2.67,1,538,322,1544,Software,High
California,36.116203,-119.681564,Palo Alto,Wedding Party,operating,2012-01-01,2013-02-21,2013-02-21,1.14,1.14,1.14,1.14,0,1,1000000,1,CA,mobile,0,1,0,0,0,2.0,1,539,417,417,software,Low
Utah,40.4275556,-111.8907577,Lehi,MokiMobility,operating,2012-02-09,2013-04-03,2013-10-01,1.15,1.64,0.03,1.15,5,2,8733950,3,UT,mobile,1,0,0,0,0,3.0,1,540,419,600,software,Medium
New York,42.165726,-74.948051,New York,Villij,operating,2012-01-01,2012-07-16,2012-07-16,0.54,0.54,0.16,0.78,2,1,1400000,3,NY,web,0,1,0,0,0,1.0,0,541,197,197,Software,Low
California,36.116203,-119.681564,Solana Beach,Hookit,operating,2010-01-31,2009-05-19,2009-05-19,-0.7,-0.7,0.0,0.0,1,1,800000,1,CA,mobile,0,1,0,0,0,1.0,1,542,-257,-257,software,Low
Connecticut,41.597782,-72.755371,Fairfield,Gold America,operating,2011-10-01,2011-10-01,2011-10-01,0.0,0.0,0.0,0.0,1,1,100000,1,CT,ecommerce,0,1,0,0,0,1.0,0,543,0,0,Software,Low
California,37.7816707,-122.3924896,San Francisco,Fleksy,operating,2011-05-18,2012-10-31,2013-08-14,1.46,2.24,2.12,2.57,7,2,3900000,3,CA,mobile,0,1,1,0,0,2.5,1,544,532,819,software,Medium
Colorado,39.059811,-105.311104,Arvada,Boulder Ionics,closed,2010-01-01,2012-04-27,2013-11-19,2.32,3.88,3.0,3.0,7,2,4800000,1,CO,manufacturing,1,0,1,0,0,1.5,0,545,847,1418,Manufacturing,Medium
North Carolina,35.630066,-79.806419,Asheville,Creative Allies,operating,2009-02-09,2011-03-25,2011-04-06,2.12,2.15,0.0,0.0,3,2,833197,1,NC,design,0,1,0,0,0,2.0,0,546,774,786,Software,Low
California,37.552806,-122.2916021,San Mateo,Conviva,operating,2006-01-01,2007-04-10,2012-02-06,1.27,6.1,4.64,7.01,23,4,59000000,3,CA,software,0,0,1,1,1,3.5,1,547,464,2227,Software,High
Rhode Island,41.680893,-71.51178,Providence,Thumbs Up,operating,2011-07-26,2012-04-01,2012-04-01,0.68,0.68,0.0,0.0,2,1,50000,1,RI,mobile,0,1,0,0,0,1.0,1,548,250,250,software,Low
California,36.116203,-119.681564,Mountain View,Gainsight,operating,2009-01-01,2011-12-01,2013-11-06,2.92,4.85,4.25,4.25,4,4,29300000,1,CA,enterprise,0,1,1,1,0,1.75,1,549,1064,1770,Software,High
Oklahoma,35.565342,-96.928917,Tulsa,Idealist,operating,2012-04-04,2012-05-01,2012-05-01,0.07,0.07,0.09,1.15,2,1,10000,2,OK,software,0,1,0,0,0,1.0,0,550,27,27,Software,Low
New York,42.165726,-74.948051,NYC,Ology Media,closed,2011-06-01,2010-01-01,2013-05-01,-1.41,1.92,-1.0,-1.0,3,2,3175000,1,NY,social,0,0,1,0,0,6.0,0,551,-516,700,Software,Medium
Washington,47.400902,-121.490494,Kirkland,Viableware,operating,2010-01-01,2011-08-30,2013-07-23,1.66,3.56,2.75,2.75,4,2,7456072,1,WA,hardware,0,1,0,1,0,1.0,0,552,606,1299,Hardware,Medium
California,36.116203,-119.681564,Newark,Tegile Systems,operating,2010-01-01,2012-04-30,2013-08-07,2.33,3.6,0.0,0.0,4,2,45000000,1,CA,enterprise,0,0,0,1,1,2.5,1,553,850,1314,Software,High
California,37.559863,-122.286151,Redwood City,Aragon Consulting Group,closed,2005-12-01,2008-05-20,2008-05-20,2.47,2.47,-0.92,-0.92,3,1,2500000,1,CA,software,0,0,1,0,0,1.0,0,554,901,901,Software,Medium
Georgia,33.040619,-83.643074,Atlanta,Pindrop Security,operating,2011-01-01,2012-05-01,2013-06-19,1.33,2.47,1.29,1.29,5,2,12000000,1,GA,security,0,1,1,0,0,6.5,1,555,486,900,Service,High
New York,42.165726,-74.948051,New York City,Ruby Ribbon,operating,2011-01-01,2012-05-01,2013-04-30,1.33,2.33,2.0,2.33,4,3,13554000,2,NY,fashion,1,0,0,1,0,1.33,1,556,486,850,Business,High
South Carolina,32.783932,-79.999591,Charleston,BeliefNetworks,operating,2007-01-01,2008-12-01,2008-12-01,1.92,1.92,0.58,0.58,2,1,1400000,1,SC,software,0,1,0,0,0,1.0,0,557,700,700,Software,Low
Texas,31.054487,-97.563461,Dalls,Primcogent Solutions,operating,2009-01-01,2012-05-02,2012-05-02,3.33,3.33,3.0,3.0,1,1,15000000,1,TX,medical,1,0,0,0,0,1.0,0,558,1217,1217,Service,High
Arizona,33.729759,-111.431221,Gilbert,Heliae,operating,2008-01-01,2012-05-02,2013-09-03,4.34,5.68,4.0,4.0,10,3,123400000,1,AZ,biotech,1,0,0,0,0,1.5,0,559,1583,2072,software,High
Minnesota,45.694454,-93.900192,Minneapolis,Colectica,operating,2010-01-01,2006-09-30,2011-04-01,-3.26,1.25,0.0,0.0,2,2,250000,1,MN,software,0,0,0,0,0,1.0,0,560,-1189,455,Software,Low
Ohio,40.388783,-82.764915,Columbus,Facio,closed,2011-08-01,2011-08-01,2012-05-03,0.0,0.76,-0.08,-0.08,2,2,300000,1,OH,software,0,1,0,0,0,1.0,0,561,0,276,Software,Low
New York,42.165726,-74.948051,New York,SumAll,operating,2011-05-06,2012-06-01,2013-12-03,1.07,2.58,0.82,2.58,6,4,13500000,2,NY,analytics,1,0,1,0,0,2.25,1,562,392,942,Software,High
New York,37.7749295,-122.4194155,New York,Lawdingo,operating,2012-01-01,2012-11-03,2013-10-30,0.84,1.83,0.4,1.83,3,2,790000,2,NY,legal,0,1,0,0,0,4.0,1,564,307,668,Service,Low
Massachusetts,42.230171,-71.530106,Boston,WegoWise,operating,2010-03-01,2011-01-01,2013-05-14,0.84,3.21,2.93,3.16,5,2,4900000,2,MA,web,0,0,1,0,0,1.0,0,565,306,1170,Software,Medium
California,37.801916,-122.40112,San Francisco,Pixlee,operating,2012-06-01,2013-10-29,2013-10-29,1.41,1.41,1.0,1.0,9,1,1500000,1,CA,other,0,0,0,0,0,6.0,1,566,515,515,Business,Low
California,36.116203,-119.681564,San Francisco,TalentBin,operating,2011-05-20,2013-07-16,2013-07-16,2.16,2.16,1.62,2.16,5,2,3200000,2,CA,web,0,1,1,0,0,5.0,1,567,788,788,Software,Medium
New York,42.165726,-74.948051,New York,Poptip,closed,2012-01-01,2012-03-01,2013-06-01,0.16,1.42,0.25,1.18,7,3,3001984,2,NY,software,0,1,0,0,0,4.5,1,568,60,517,Software,Medium
California,36.116203,-119.681564,Tiburon,Simple.TV,closed,2011-05-10,2013-04-02,2013-04-02,1.9,1.9,0.06,1.9,3,1,5700000,2,CA,hardware,1,0,0,0,0,2.0,1,569,693,693,Hardware,Medium
Colorado,39.059811,-105.311104,Denver,Rental Kharma,operating,2011-10-05,2012-05-05,2012-05-05,0.58,0.58,0.93,0.93,5,1,15000,1,CO,web,0,1,0,0,0,1.0,0,570,213,213,Software,Low
New York,42.165726,-74.948051,New York,Punch!,operating,2011-06-01,2011-06-01,2011-06-01,0.0,0.0,0.0,0.0,2,1,2200000,1,NY,mobile,0,0,0,0,0,4.0,1,571,0,0,software,Medium
Massachusetts,42.3736158,-71.1097335,Boston,Jebbit,operating,2010-12-01,2013-02-01,2013-08-01,2.17,2.67,3.02,3.02,11,3,2250000,1,MA,advertising,0,1,0,0,0,2.33,1,572,793,974,Service,Medium
Massachusetts,42.3663257,-71.0917952,Cambridge,Quanterix,operating,2007-01-01,2008-08-25,2012-11-15,1.65,5.88,3.92,5.5,12,4,41499999,2,MA,biotech,1,0,1,0,1,4.0,1,573,602,2145,software,High
California,36.116203,-119.681564,Redwood City,Flint,operating,2011-01-01,2012-05-09,2013-12-10,1.35,2.94,2.0,2.94,5,3,11000000,2,CA,mobile,0,0,1,1,0,2.33,1,574,494,1074,software,Medium
California,36.116203,-119.681564,Venice,StyleSaint,operating,2011-10-01,2012-05-22,2013-08-14,0.64,1.87,0.0,0.0,4,3,10100000,1,CA,fashion,0,0,1,0,0,4.0,1,575,234,683,Business,Medium
California,36.116203,-119.681564,San Mateo,Drawbridge,operating,2010-11-01,2012-05-11,2013-02-21,1.53,2.31,2.19,2.98,14,2,20500000,2,CA,advertising,0,0,1,1,0,2.5,1,576,557,843,Service,High
Oregon,45.5243806,-122.6834656,Portland,Glider,operating,2012-04-15,2012-07-01,2013-04-09,0.21,0.98,0.0,1.13,6,3,1350000,3,OR,software,1,1,0,0,0,2.0,1,577,77,359,Software,Low
Texas,31.054487,-97.563461,Austin,Datical,operating,2012-01-01,2012-07-18,2013-05-23,0.55,1.39,0.42,0.42,3,2,1660000,1,TX,software,0,1,0,0,0,6.0,1,579,199,508,Software,Low
California,36.116203,-119.681564,San Jose,Cyphort,operating,2011-01-01,2011-03-04,2013-10-28,0.17,2.82,2.67,2.67,12,3,23700000,1,CA,enterprise,0,1,1,1,0,2.0,1,580,62,1031,Software,High
Indiana,39.849426,-86.258278,Fort Wayne,Quantum OPS,closed,2010-04-10,2012-06-28,2012-06-28,2.22,2.22,0.98,0.98,5,1,1050000,1,IN,biotech,0,0,1,0,0,1.0,1,581,810,810,software,Low
California,33.84406,-118.322959,Hawthorne,PixelFish,operating,2006-06-01,2010-02-01,2011-07-21,3.67,5.14,5.34,6.56,5,4,8000000,3,CA,advertising,1,0,1,1,0,3.5,1,582,1341,1876,Service,Medium
California,36.116203,-119.681564,San Francisco,Skyscraper,operating,2012-01-01,2012-05-22,2012-12-03,0.39,0.92,0.0,1.41,2,2,500000,2,CA,advertising,0,1,0,0,0,7.0,0,584,142,337,Service,Low
New York,40.737673,-73.992925,New York,Mortar Data,operating,2011-08-01,2012-01-24,2012-07-23,0.48,0.98,1.48,1.84,10,3,2250000,2,NY,software,0,1,0,0,0,2.0,1,585,176,357,Software,Medium
New York,42.165726,-74.948051,New York,Tamra-Tacoma Capital Partners,operating,2012-02-01,2012-02-01,2012-07-01,0.0,0.41,0.92,0.92,4,4,60000000,1,NY,cleantech,1,0,1,0,0,1.0,0,586,0,151,Business,High
Massachusetts,42.230171,-71.530106,Boston,BISON,closed,2011-05-01,2012-01-24,2012-06-29,0.73,1.16,2.42,2.42,11,2,1330790,1,MA,finance,0,1,0,0,0,1.0,1,587,268,425,Service,Low
Delaware,39.7488269,-75.5476242,Wilmington,Futurelytics,operating,2012-01-01,2012-10-20,2013-11-11,0.8,1.86,0.0,1.86,2,2,865175,2,DE,enterprise,0,1,0,0,0,4.0,1,588,293,680,Software,Low
Kansas,38.5266,-96.726486,Leawood,Front Flip,operating,2011-01-01,2012-01-01,2013-01-24,1.0,2.07,1.75,2.07,5,2,7700000,2,KS,mobile,0,0,1,1,0,3.0,0,589,365,754,software,Medium
Pennsylvania,40.590752,-77.209755,Malvern,Zonoff,closed,2011-05-01,2013-04-19,2013-04-19,1.97,1.97,1.97,1.97,3,1,3800000,1,PA,software,0,0,1,0,0,2.0,1,590,719,719,Software,Medium
California,36.116203,-119.681564,Los Angeles,Inktank,operating,2012-05-03,2012-09-11,2013-05-10,0.36,1.02,0.43,0.43,10,2,14400000,1,CA,enterprise,1,0,1,0,0,1.0,0,591,131,372,Software,High
Massachusetts,42.230171,-71.530106,Boston,SkillHound,operating,2011-11-30,2013-02-28,2013-02-28,1.25,1.25,0.0,0.0,2,1,20000,1,MA,other,0,1,0,0,0,1.0,1,592,456,456,Business,Low
California,37.404473,-122.112711,Mountain View,Anchor Intelligence,closed,2007-01-01,2007-01-01,2007-09-01,0.0,0.67,2.75,6.08,13,2,6000000,3,CA,advertising,0,0,1,1,0,4.5,1,593,0,243,Service,Medium
Massachusetts,42.3515469,-71.0718458,Boston,LuckyLabs,operating,2011-03-25,2012-05-15,2012-05-15,1.14,1.14,1.02,1.02,3,1,3500000,1,MA,games_video,0,0,1,0,0,3.0,1,594,417,417,Software,Medium
Pennsylvania,39.9531411,-75.2048515,Philadelphia,Curalate,operating,2012-01-01,2012-05-15,2013-01-15,0.37,1.04,0.0,1.05,7,2,3750000,3,PA,analytics,0,1,1,0,0,3.0,1,595,135,380,Software,Medium
California,36.116203,-119.681564,San Mateo,Sonitus Medical,operating,2006-01-01,2011-04-11,2013-09-18,5.28,7.72,6.42,6.42,18,3,56988993,1,CA,medical,1,0,0,0,0,4.0,1,596,1926,2817,Service,High
California,36.116203,-119.681564,Palo Alto,Buzz All Stars,operating,2011-09-01,2011-09-01,2011-09-01,0.0,0.0,0.0,0.0,3,1,2500000,1,CA,sports,0,0,0,0,0,1.0,0,597,0,0,Service,Medium
Louisiana,31.169546,-91.867805,Baton Rouge,Anedot,operating,2011-01-01,2012-06-01,2013-01-28,1.42,2.08,0.0,0.0,2,2,1325000,1,LA,nonprofit,0,1,0,0,0,1.0,0,598,517,758,Service,Low
New York,40.7449218,-73.9938093,New York,VerbalizeIt,operating,2011-02-01,2012-05-17,2012-11-18,1.29,1.8,0.16,0.16,2,2,1618000,1,NY,web,1,1,0,0,0,1.0,1,599,471,656,Software,Low
California,36.116203,-119.681564,San Francisco,UpCounsel,operating,2012-04-01,2013-04-01,2013-10-02,1.0,1.5,1.08,1.5,3,2,1600000,2,CA,legal,0,1,0,0,0,3.0,1,600,365,549,Service,Low
Illinois,40.349457,-88.986137,Chicago,Food Genius,operating,2010-05-01,2011-06-01,2013-09-17,1.08,3.38,0.34,0.34,4,3,2275000,1,IL,analytics,0,1,1,1,0,4.0,1,601,396,1235,Software,Medium
California,36.116203,-119.681564,Palo Alto,BluePoint SecurityÖ,operating,2010-08-15,2011-06-12,2011-06-12,0.82,0.82,1.99,2.22,6,1,1700000,2,CA,security,0,0,0,0,0,1.0,0,602,301,301,Service,Low
California,36.116203,-119.681564,San Francisco,Dinamundo,operating,2012-01-31,2012-04-01,2012-04-01,0.17,0.17,0.0,0.0,1,1,552000,1,CA,mobile,1,0,0,0,0,1.0,1,603,61,61,software,Low
Pennsylvania,40.590752,-77.209755,Erie,Find That File,closed,2008-02-01,2008-01-01,2008-01-01,-0.08,-0.08,0.92,0.92,1,1,250000,1,PA,search,0,1,0,0,0,1.0,0,604,-31,-31,Software,Low
California,36.116203,-119.681564,San Francisco,Apcera,closed,2012-03-01,2012-05-08,2013-07-08,0.19,1.35,1.5,1.62,19,2,7200000,2,CA,enterprise,0,0,1,0,0,3.5,1,605,68,494,Software,Medium
California,36.116203,-119.681564,San Francisco,Creative Market,operating,2011-01-11,2011-03-01,2012-06-07,0.13,1.41,2.06,2.25,4,2,2300000,2,CA,public_relations,1,1,0,0,0,5.0,1,606,49,513,Service,Medium
Kansas,38.5266,-96.726486,Kansas City,EyeVerify,closed,2012-01-01,2012-05-25,2013-05-13,0.4,1.36,0.92,1.15,4,2,3800000,2,KS,security,0,0,1,0,0,3.0,0,607,145,498,Service,Medium
Florida,41.8883776,-87.6365131,Chicago,71lbs,operating,2011-03-03,2012-03-20,2013-01-08,1.05,1.85,-1.17,2.47,2,6,1350000,2,FL,analytics,0,1,0,0,0,1.67,1,608,383,677,Software,Low
Michigan,43.326618,-84.536095,Ann Arbor,Amplifinity,operating,2007-01-01,2011-12-09,2011-12-09,4.94,4.94,4.0,4.0,8,1,2500000,1,MI,enterprise,0,0,1,0,0,1.0,0,610,1803,1803,Software,Medium
New York,42.165726,-74.948051,Syracuse,revoPT,operating,2011-10-14,2012-05-14,2012-05-14,0.58,0.58,0.5,0.58,3,1,12000,2,NY,health,0,1,0,0,0,1.0,0,611,213,213,Service,Low
Illinois,40.349457,-88.986137,Downers Grove,Rant Media Network Inc.,closed,2010-02-01,2011-06-24,2013-11-21,1.39,3.81,3.58,3.58,19,3,3343000,1,IL,news,0,1,0,1,0,2.0,0,612,508,1389,Service,Medium
California,36.116203,-119.681564,Santa Barbara,Local Market Launch,operating,2012-01-03,2012-01-03,2013-04-26,0.0,1.31,0.33,1.32,25,2,2500000,2,CA,advertising,0,1,1,0,0,1.0,1,613,0,479,Service,Medium
Texas,31.054487,-97.563461,Austin,Ordoro,operating,2010-07-07,2012-07-26,2013-09-16,2.05,3.2,0.0,0.0,3,2,1656165,1,TX,software,1,1,0,0,0,2.0,0,614,750,1167,Software,Low
Illinois,40.349457,-88.986137,Chicago,Elevate Digital,operating,2011-03-01,2012-05-30,2013-10-10,1.25,2.61,1.25,1.25,3,2,4200000,1,IL,software,0,0,1,0,0,1.0,1,615,456,954,Software,Medium
California,33.022176,-117.081406,San Diego,Slacker,operating,2006-01-01,2007-06-01,2011-02-10,1.41,5.11,6.07,7.57,16,6,73100000,4,CA,music,1,0,1,1,0,4.25,1,616,516,1866,Service,High
California,36.116203,-119.681564,San Francisco,InstaEDU,operating,2011-11-01,2012-05-30,2013-08-14,0.58,1.79,0.5,0.7,5,2,5100000,2,CA,education,0,1,1,0,0,7.5,1,617,211,652,Service,Medium
Tennessee,35.747845,-86.692345,Nashville,evermind,operating,2011-01-01,2012-01-05,2013-06-20,1.01,2.47,1.33,1.33,1,2,1815000,1,TN,hardware,0,1,1,0,0,2.0,0,618,369,901,Hardware,Low
Tennessee,35.747845,-86.692345,Nashville,OurVinyl,closed,2009-05-01,2012-05-01,2012-05-01,3.0,3.0,2.84,2.84,5,1,15000,1,TN,music,0,1,0,0,0,1.0,0,619,1096,1096,Service,Low
California,36.116203,-119.681564,Camarillo,Cool Planet Energy Systems,operating,2008-01-01,2010-11-17,2013-09-17,2.88,5.72,1.67,1.67,4,6,75000000,1,CA,cleantech,0,0,1,1,1,3.17,1,620,1051,2086,Business,High
New York,42.165726,-74.948051,New York,Edition01,closed,2011-03-01,2011-05-01,2011-05-01,0.17,0.17,0.67,0.67,1,1,565000,1,NY,ecommerce,0,1,0,0,0,7.0,1,621,61,61,Software,Low
Ohio,40.388783,-82.764915,Columbus,Pet Insurance Quotes,operating,2011-07-01,2011-07-01,2011-07-01,0.0,0.0,0.0,0.0,2,1,100000,1,OH,pets,0,1,0,0,0,1.0,0,622,0,0,Service,Low
Texas,31.054487,-97.563461,Austin,Civitas Learning,operating,2011-05-01,2011-07-11,2013-06-25,0.19,2.15,1.08,2.09,3,3,15899999,2,TX,education,1,0,0,0,0,4.5,1,623,71,786,Service,High
California,36.116203,-119.681564,Irvine,Nanoogo,operating,2011-10-01,2012-06-01,2012-11-03,0.67,1.09,1.18,1.18,5,2,150000,2,CA,web,0,1,0,0,0,1.0,1,624,244,399,Software,Low
New York,42.165726,-74.948051,"New York,",Wetradetogether,operating,2011-01-01,2012-01-01,2012-01-01,1.0,1.0,1.0,1.0,5,2,850000,1,NY,social,0,1,1,0,0,1.0,0,625,365,365,Software,Low
California,37.563353,-122.317952,San Mateo,InfoArmy,operating,2011-01-01,2011-06-01,2012-10-23,0.41,1.81,0.41,2.09,4,2,19300000,2,CA,ecommerce,0,0,1,1,0,2.0,1,626,151,661,Software,High
Tennessee,35.747845,-86.692345,Nashville,CrowdPC,operating,2012-06-04,2011-01-01,2013-05-01,-1.42,0.91,0.18,0.18,8,3,880000,1,TN,software,0,1,1,0,0,1.0,0,627,-520,331,Software,Low
New Jersey,40.298904,-74.521011,Princeton,Wasabi 3D,operating,2009-10-20,2012-06-01,2012-06-01,2.62,2.62,0.0,0.0,4,1,120000,1,NJ,advertising,0,1,0,0,0,1.0,0,628,955,955,Service,Low
New York,40.738565,-73.987153,New York,SaleMove,operating,2012-05-29,2012-06-04,2013-05-01,0.02,0.92,0.02,1.12,4,4,275000,2,NY,software,0,1,0,0,0,1.0,1,629,6,337,Software,Low
Pennsylvania,40.0716358,-75.3018405,Conshohocken,WizeHive,closed,2008-12-20,2009-01-01,2013-03-21,0.03,4.25,1.87,4.04,18,3,1080000,2,PA,enterprise,1,1,0,0,0,3.0,1,630,12,1552,Software,Low
New York,42.165726,-74.948051,New York,Enertiv,operating,2011-01-18,2012-10-01,2012-10-01,1.7,1.7,0.0,0.0,2,1,550000,1,NY,analytics,0,1,0,0,0,1.0,0,631,622,622,Software,Low
Nebraska,40.7895543,-96.7012424,Lincoln,Travefy,operating,2012-04-01,2013-01-01,2013-09-23,0.75,1.48,0.5,0.5,5,2,415000,1,NE,web,0,1,0,0,0,2.5,0,632,275,540,Software,Low
New York,42.165726,-74.948051,New York,SeedInvest,operating,2012-05-01,2013-06-28,2013-06-28,1.16,1.16,0.0,0.0,3,1,1000000,1,NY,web,0,1,0,0,0,1.0,0,633,423,423,Software,Low
California,36.116203,-119.681564,San Bruno,Proxio,closed,2008-09-01,2013-03-12,2013-03-12,4.53,4.53,3.5,3.5,7,1,4000000,1,CA,real_estate,0,0,1,0,0,1.0,0,634,1653,1653,Business,Medium
New York,40.7433037,-73.9892226,New York,Cortica,operating,2007-01-01,2007-01-01,2013-06-19,0.0,6.47,3.0,6.47,5,3,17900000,2,NY,advertising,0,0,1,1,0,2.0,1,635,0,2361,Service,High
New York,42.165726,-74.948051,New York,Datorama,operating,2012-01-01,2013-08-02,2013-08-02,1.59,1.59,1.42,1.42,4,1,3000000,1,NY,software,0,0,1,0,0,2.0,1,636,579,579,Software,Medium
New York,42.3628171,-71.0840199,New York,Handybook,operating,2012-01-01,2012-10-16,2013-10-22,0.79,1.81,0.42,1.81,4,2,12000000,2,NY,other,1,0,1,0,0,2.5,1,637,289,660,Business,High
New York,42.165726,-74.948051,New York,Jamplify,operating,2012-02-01,2012-05-20,2013-02-20,0.3,1.05,0.25,0.25,3,2,615000,1,NY,advertising,0,1,0,0,0,1.0,0,638,109,385,Service,Low
South Carolina,33.856892,-80.945007,Greenville,Greencloud Technologies,operating,2011-01-01,2011-09-01,2013-04-01,0.67,2.25,2.25,2.25,1,4,10902471,1,SC,enterprise,1,0,1,1,1,1.0,0,639,243,821,Software,Medium
Texas,31.054487,-97.563461,Austin,Fisoc,operating,2009-01-01,2010-12-31,2013-09-27,2.0,4.74,3.42,3.42,3,5,21975429,1,TX,finance,1,0,0,0,1,3.0,1,640,729,1730,Service,High
California,36.116203,-119.681564,San Francisco,Ringadoc,operating,2010-01-01,2012-06-07,2013-05-16,2.43,3.37,3.08,3.08,1,3,3100000,1,CA,software,1,1,0,0,0,3.0,1,641,888,1231,Software,Medium
New York,42.165726,-74.948051,New York,Host Committee,closed,2011-11-01,2012-12-01,2012-12-01,1.08,1.08,1.25,1.25,5,1,2500000,1,NY,web,0,0,1,0,0,1.0,0,642,396,396,Software,Medium
California,37.7749295,-122.4194155,San Francisco,Zumper,operating,2012-01-01,2012-09-27,2012-09-27,0.74,0.74,0.33,1.62,4,1,1700000,2,CA,real_estate,0,0,0,0,0,8.0,1,643,270,270,Business,Low
Colorado,39.059811,-105.311104,Boulder,MobileDay,operating,2011-01-01,2011-12-27,2013-11-21,0.99,2.89,1.0,1.94,6,3,4009001,2,CO,mobile,1,1,0,0,0,6.0,1,645,360,1055,software,Medium
Colorado,39.059811,-105.311104,Boulder,Ubooly,operating,2012-03-01,2012-05-17,2012-09-24,0.21,0.57,0.17,0.57,3,2,2500000,3,CO,mobile,0,1,0,0,0,5.5,1,646,77,207,software,Medium
Washington,47.400902,-121.490494,Seattle,Wonder Forge,operating,2007-01-01,2012-06-12,2013-01-08,5.45,6.02,4.0,4.0,2,2,1750000,1,WA,games_video,1,0,0,0,0,1.0,0,647,1989,2199,Software,Low
California,36.116203,-119.681564,Los Angeles,Hone and Strop,operating,2012-09-09,2012-07-04,2012-07-04,-0.18,-0.18,-1.02,-1.02,5,1,375000,1,CA,fashion,0,1,0,0,0,1.0,0,648,-67,-67,Business,Low
California,34.4218806,-119.7036157,Santa Barbara,HG Data Company,operating,2010-10-01,2010-10-01,2013-03-13,0.0,2.45,2.38,2.38,11,4,4259998,1,CA,analytics,1,0,0,0,0,2.0,1,649,0,894,Software,Medium
Ohio,40.388783,-82.764915,Toledo,Classana,operating,2012-04-01,2012-06-06,2012-11-01,0.18,0.59,0.84,0.84,4,2,26500,1,OH,education,0,0,0,0,0,1.0,0,650,66,214,Service,Low
California,36.116203,-119.681564,San Francisco,Global Blood Therapeutics,operating,2012-01-01,2012-06-14,2012-06-14,0.45,0.45,0.0,0.0,2,1,40700000,1,CA,biotech,0,0,1,0,0,1.0,1,651,165,165,software,High
Massachusetts,42.3668959,-71.0801348,Cambridge,Nara Logics,operating,2010-01-01,2011-07-01,2012-06-26,1.5,2.48,3.58,3.58,2,2,7200000,1,MA,web,0,0,1,0,0,1.0,0,652,546,907,Software,Medium
Texas,31.054487,-97.563461,Frisco,KloudNation,operating,2009-12-01,2012-06-17,2012-06-17,2.55,2.55,2.33,2.33,7,1,2000000,1,TX,enterprise,0,0,0,0,0,3.0,0,653,929,929,Software,Low
California,36.116203,-119.681564,San Francisco,The One-Page Company,operating,2012-02-01,2012-04-01,2013-07-10,0.16,1.44,0.75,0.75,11,2,1800000,1,CA,software,1,0,0,0,0,3.0,1,655,60,525,Software,Low
California,36.116203,-119.681564,San Francisco,Migo.me,closed,2013-02-01,2013-07-16,2013-07-16,0.45,0.45,0.24,0.24,4,1,300000,1,CA,web,0,1,0,0,0,1.0,0,656,165,165,Software,Low
New York,42.165726,-74.948051,New York,Adcade,operating,2011-12-01,2012-11-01,2012-11-01,0.92,0.92,0.0,0.0,3,1,1500000,1,NY,advertising,0,0,0,0,0,7.0,1,657,336,336,Service,Low
California,36.116203,-119.681564,Los Angeles,Radical Studios,operating,2008-06-01,2008-06-01,2008-06-01,0.0,0.0,3.42,3.42,8,1,5300000,1,CA,games_video,0,0,0,0,0,1.0,0,658,0,0,Software,Medium
New York,40.755978,-73.990396,New York,ideeli,operating,2007-01-01,2007-12-01,2013-07-07,0.92,6.52,4.32,6.52,17,5,106800000,3,NY,ecommerce,0,0,1,1,1,2.75,1,659,334,2379,Software,High
Oregon,44.572021,-122.070938,Portland,HiringThing,operating,2012-03-01,2012-03-01,2012-03-01,0.0,0.0,0.92,0.92,5,1,1000000,1,OR,software,0,1,0,0,0,5.0,0,661,0,0,Software,Low
Pennsylvania,39.9443552,-75.1257381,Philadelphia,RJMetrics,operating,2008-01-01,2012-01-03,2013-05-15,4.01,5.37,4.01,5.67,9,2,7450000,2,PA,software,0,0,1,0,0,4.0,1,662,1463,1961,Software,Medium
California,36.116203,-119.681564,San Francisco,Evergram,operating,2011-12-08,2012-07-12,2013-07-03,0.59,1.57,0.01,0.93,5,2,1600000,2,CA,messaging,0,0,1,0,0,3.0,0,663,217,573,Software,Low
New York,42.165726,-74.948051,Brooklyn,MusicHype,operating,2010-01-01,2010-02-01,2012-02-01,0.08,2.08,1.25,1.25,6,3,1000000,1,NY,analytics,0,1,0,0,0,2.0,0,664,31,761,Software,Low
New Hampshire,43.452492,-71.563896,Nashua,DataGravity,operating,2012-01-01,2012-06-20,2013-01-29,0.47,1.08,1.0,1.0,5,2,42000000,1,NH,software,1,0,0,1,0,2.5,1,665,171,394,Software,High
California,36.116203,-119.681564,San Francisco,Plivo,operating,2011-04-28,2012-12-04,2012-12-04,1.61,1.61,1.72,2.22,24,1,1750000,2,CA,mobile,0,0,0,0,0,5.0,1,666,586,586,software,Low
New York,42.165726,-74.948051,New York,Keep Holdings,operating,2012-05-01,2010-09-01,2013-07-10,-1.67,1.19,0.17,0.17,7,3,86000000,1,NY,fashion,1,0,1,1,0,7.5,1,667,-608,435,Business,High
California,36.116203,-119.681564,Berkeley,Madefire,operating,2011-01-01,2011-10-20,2013-10-02,0.8,2.75,2.0,2.75,5,3,9918168,2,CA,mobile,1,1,1,0,0,4.5,1,668,292,1005,software,Medium
Utah,40.150032,-111.862434,American Fork,DropShip,operating,2011-11-11,2013-02-04,2013-02-04,1.24,1.24,0.0,0.82,1,1,4300000,2,UT,software,1,0,0,0,0,2.0,0,669,451,451,Software,Medium
California,36.116203,-119.681564,San Francisco,Gyft,closed,2012-01-13,2012-09-10,2013-09-25,0.66,1.7,0.43,1.7,7,2,6250000,2,CA,mobile,1,0,1,0,0,3.0,1,670,241,621,software,Medium
California,36.116203,-119.681564,San Francisco,Atooma,operating,2012-03-05,2012-03-05,2013-03-10,0.0,1.01,-0.65,0.58,5,4,397200,3,CA,mobile,0,1,0,0,0,1.0,0,671,0,370,software,Low
California,36.116203,-119.681564,San Francisco,Cognitive Networks,operating,2008-01-01,2012-11-29,2013-06-25,4.92,5.48,4.67,5.66,15,3,6000000,2,CA,network_hosting,1,0,0,0,0,1.0,1,672,1794,2002,Software,Medium
North Carolina,35.996157,-78.902115,Durham,Shoeboxed,operating,2007-05-01,2008-01-01,2012-07-31,0.67,5.25,4.67,6.39,17,3,2511360,3,NC,web,0,0,1,1,0,2.0,1,673,245,1918,Software,Medium
Florida,27.766279,-81.686783,Winter Park,UniKey Technologies,operating,2010-04-01,2012-06-22,2013-05-08,2.23,3.1,3.1,3.1,1,2,2350000,1,FL,mobile,1,0,1,0,0,1.0,1,674,813,1133,software,Medium
California,34.1445991,-118.1486965,Pasadena,Wallaby Financial,operating,2012-01-01,2012-08-30,2012-08-30,0.66,0.66,1.75,1.75,3,1,1100000,1,CA,finance,0,1,0,0,0,7.0,1,676,242,242,Service,Low
California,37.7874835,-122.3992896,San Francisco,Clever,operating,2012-01-01,2012-06-01,2013-12-05,0.42,1.93,1.93,1.93,3,3,13020000,1,CA,education,0,1,1,0,0,5.67,1,677,152,704,Service,High
California,36.116203,-119.681564,Cupertino,CloudByte,operating,2010-01-01,2012-06-26,2013-06-18,2.48,3.46,2.25,2.25,4,2,6100000,1,CA,enterprise,0,0,1,1,0,2.5,1,678,907,1264,Software,Medium
Nevada,38.313515,-117.055374,Las Vegas,CrowdHall,operating,2012-02-01,2012-09-01,2013-05-09,0.58,1.27,-0.08,1.27,3,2,770000,3,NV,web,0,1,0,0,0,6.0,1,679,213,463,Software,Low
California,36.116203,-119.681564,Mill Valley,Therapydia,operating,2011-11-01,2012-06-21,2012-08-07,0.64,0.77,0.61,0.73,5,2,6300000,2,CA,health,0,0,1,0,0,4.0,1,680,233,280,Service,Medium
Massachusetts,42.230171,-71.530106,Cambridge,ProfitBricks,operating,2010-11-03,2013-03-20,2013-03-20,2.38,2.38,2.25,2.74,6,1,19500000,2,MA,enterprise,0,0,1,0,0,2.0,0,681,868,868,Software,High
Michigan,43.326618,-84.536095,Detroit,Quikly,closed,2012-01-01,2012-04-01,2013-03-13,0.25,1.2,1.16,1.16,4,2,1022820,1,MI,web,0,1,1,0,0,3.0,1,682,91,437,Software,Low
Massachusetts,42.4837924,-71.1943142,Burlington,Veracode,operating,2006-01-01,2006-03-01,2012-04-12,0.16,6.28,5.43,7.01,13,5,74260328,2,MA,security,1,0,0,1,1,4.4,1,683,59,2293,Service,High
Washington,47.400902,-121.490494,Seattle,Context Relevant,operating,2012-03-01,2012-06-28,2013-07-16,0.33,1.38,0.0,1.38,1,4,11104000,3,WA,analytics,0,1,1,0,0,2.0,1,684,119,502,Software,Medium
Massachusetts,42.356145,-71.061981,Boston,DraftKings,operating,2011-01-01,2012-07-19,2013-11-26,1.55,2.9,1.37,2.9,4,4,35400000,2,MA,games_video,1,1,1,1,0,1.67,1,685,565,1060,Software,High
California,36.116203,-119.681564,Palo Alto,vLine,closed,2010-12-01,2012-03-01,2012-03-01,1.25,1.25,1.25,1.25,3,1,1500000,1,CA,enterprise,0,0,0,0,0,2.0,1,686,456,456,Software,Low
California,37.7726402,-122.4099154,San Francisco,Balanced,closed,2010-10-11,2011-02-11,2013-04-03,0.34,2.48,1.56,2.48,3,3,3550000,2,CA,ecommerce,0,1,0,0,0,8.0,1,687,123,905,Software,Medium
California,33.574868,-117.675805,Laguna Hills,Sonendo,operating,2006-06-01,2011-08-10,2013-06-04,5.19,7.01,5.59,5.59,3,3,33131874,1,CA,biotech,1,0,0,0,1,4.0,1,688,1896,2560,software,High
California,36.116203,-119.681564,Santa Monica,DogVacay,operating,2012-01-01,2012-03-09,2013-10-10,0.19,1.78,0.84,0.87,3,4,22000000,2,CA,pets,1,0,1,1,0,5.0,1,689,68,648,Service,High
Massachusetts,42.3736158,-71.1097335,Boston,Directr,operating,2012-01-01,2012-06-29,2012-06-29,0.49,0.49,0.0,0.97,3,1,1100000,2,MA,photo_video,0,1,0,0,0,9.0,1,690,180,180,Software,Low
Massachusetts,42.230171,-71.530106,Cambridge,ThriveHive,operating,2011-01-01,2012-07-09,2012-07-09,1.52,1.52,1.52,1.52,1,1,1500000,1,MA,advertising,0,0,0,0,0,4.0,1,691,555,555,Service,Low
California,36.116203,-119.681564,Santa Monica,Twenty20.com,operating,2012-02-01,2012-06-29,2012-06-29,0.41,0.41,1.0,1.71,5,1,1700000,2,CA,photo_video,0,0,0,0,0,9.0,1,692,149,149,Software,Low
California,36.116203,-119.681564,Manhattan Beach,Morphlabs,operating,2007-08-10,2008-03-27,2013-08-22,0.63,6.04,4.08,5.0,16,5,22000000,3,CA,enterprise,1,0,1,1,1,1.8,1,693,230,2204,Software,High
California,37.7900992,-122.4021988,San Francisco,5th Finger,closed,2008-01-01,2008-06-13,2008-06-13,0.45,0.45,2.03,4.53,6,1,7000000,2,CA,mobile,0,0,1,0,0,1.0,1,694,164,164,software,Medium
New York,42.165726,-74.948051,New York City,Barkbox,closed,2011-01-01,2012-01-09,2013-04-09,1.02,2.27,1.88,2.44,3,3,6725000,3,NY,pets,1,0,0,0,0,3.5,1,695,373,829,Service,Medium
California,36.116203,-119.681564,Menlo Park,Nitrous.IO,operating,2012-07-01,2013-04-16,2013-04-16,0.79,0.79,-0.25,0.79,3,1,1000000,2,CA,enterprise,0,1,0,0,0,8.0,1,696,289,289,Software,Low
Illinois,40.349457,-88.986137,Chicago,Procured Health,closed,2012-01-01,2012-08-03,2012-08-03,0.59,0.59,0.08,0.59,3,1,1100000,2,IL,enterprise,0,1,0,0,0,3.0,1,697,215,215,Software,Low
New York,40.7202493,-73.5834702,Uniondale,Flipps,operating,2011-05-30,2012-12-17,2013-10-09,1.55,2.36,2.36,2.36,11,2,457835,1,NY,mobile,0,1,0,0,0,1.0,1,698,567,863,software,Low
California,36.116203,-119.681564,Campbell,SoundFit,operating,2012-01-01,2013-04-21,2013-04-21,1.3,1.3,0.42,0.42,9,1,72000,1,CA,web,0,1,0,0,0,2.0,0,699,476,476,Software,Low
California,36.116203,-119.681564,Irvine,Prometheus Civic Technologies (ProCiv),closed,2012-01-03,2012-04-10,2012-04-10,0.27,0.27,0.0,0.0,4,1,1190000,1,CA,software,0,0,1,0,0,1.0,0,700,98,98,Software,Low
California,36.116203,-119.681564,San Francisco,AppMesh,operating,2012-04-01,2012-06-15,2013-09-04,0.21,1.43,0.0,0.0,3,2,3000000,1,CA,enterprise,0,1,1,0,0,2.5,1,701,75,521,Software,Medium
California,36.116203,-119.681564,San Mateo,PBworks,operating,2005-06-01,2006-09-11,2013-04-01,1.28,7.84,3.91,5.59,17,5,10508252,4,CA,enterprise,1,1,0,0,0,2.33,1,703,467,2861,Software,Medium
Georgia,33.040619,-83.643074,Atlanta,Badgy,operating,2011-04-01,2012-07-01,2012-07-01,1.25,1.25,0.0,1.47,1,1,600000,2,GA,advertising,0,1,0,0,0,1.0,1,704,457,457,Service,Low
California,36.116203,-119.681564,Sunnyvale,Dhingana,closed,2007-01-01,2012-10-26,2012-10-26,5.82,5.82,5.0,6.76,5,1,7000000,2,CA,music,0,0,0,1,0,3.0,1,705,2125,2125,Service,Medium
Michigan,43.326618,-84.536095,Ann Arbor,Seelio,operating,2011-12-01,2012-06-06,2013-10-11,0.52,1.86,1.09,1.39,6,4,2225000,2,MI,education,1,1,0,0,0,8.5,0,706,188,680,Service,Medium
California,36.116203,-119.681564,Mountain View,Treasure Data,operating,2011-12-01,2012-09-28,2013-07-22,0.83,1.64,0.83,1.67,8,3,7750000,3,CA,analytics,0,1,1,0,0,4.0,1,707,302,599,Software,Medium
California,36.116203,-119.681564,Palo Alto,Alicanto,operating,2011-08-01,2012-04-01,2012-04-01,0.67,0.67,0.08,1.12,3,1,4000000,2,CA,advertising,0,0,1,0,0,1.0,0,708,244,244,Service,Medium
Georgia,33.040619,-83.643074,Alpharetta,"Snapfinger, Inc.",operating,2007-01-01,2007-01-01,2010-03-03,0.0,3.17,3.68,3.68,0,2,10760000,1,GA,enterprise,0,0,1,1,0,1.0,1,709,0,1157,Software,Medium
California,36.116203,-119.681564,Sunnyvale,Pinnatta,operating,2011-07-01,2011-08-01,2013-09-11,0.08,2.2,1.93,2.29,15,3,2200000,2,CA,mobile,0,1,1,0,0,2.67,0,710,31,803,software,Medium
Colorado,40.0179964,-105.2800225,Boulder,Symplified,operating,2006-01-01,2008-01-01,2012-01-18,2.0,6.05,7.04,7.28,19,3,35200000,2,CO,enterprise,0,0,1,1,1,2.0,1,711,730,2208,Software,High
Ohio,40.388783,-82.764915,Cincinnati,Modulus,operating,2012-03-15,2012-07-02,2012-07-02,0.3,0.3,0.0,0.0,3,1,20000,1,OH,network_hosting,0,1,0,0,0,1.0,0,712,109,109,Software,Low
Washington,47.400902,-121.490494,Seattle,iSpot.tv,closed,2012-01-01,2012-07-11,2013-10-08,0.53,1.77,1.75,1.77,3,2,5575000,2,WA,advertising,0,1,1,0,0,4.0,1,713,192,646,Service,Medium
California,37.471554,-122.164479,San Mateo,PokitDok,operating,2011-10-01,2012-07-12,2013-06-26,0.78,1.74,0.25,1.37,3,3,5500000,2,CA,mobile,0,1,1,0,0,5.5,1,714,285,634,software,Medium
California,36.116203,-119.681564,Valencia,Sanguine BioSciences,closed,2011-01-01,2013-02-23,2013-02-23,2.15,2.15,2.84,2.84,3,1,1000000,1,CA,biotech,0,1,0,0,0,2.0,0,716,784,784,software,Low
Utah,40.150032,-111.862434,Midvale,Space Monkey,closed,2011-07-01,2012-07-12,2012-07-12,1.03,1.03,0.51,1.75,4,1,2250000,2,UT,network_hosting,0,0,0,0,0,3.0,1,717,377,377,Software,Medium
California,37.4448817,-122.1629649,Palo Alto,Highfive,operating,2012-02-10,2012-07-11,2013-10-24,0.42,1.7,0.89,1.7,7,2,13400000,3,CA,messaging,0,0,1,0,0,5.5,1,718,152,622,Software,High
California,37.3691735,-121.9225322,San Jose,LiveHive,operating,2011-01-01,2012-07-11,2012-07-11,1.53,1.53,1.42,2.19,10,1,4700000,2,CA,enterprise,1,0,0,0,0,2.0,0,719,557,557,Software,Medium
California,36.116203,-119.681564,Palo Alto,Ink,operating,2011-09-01,2012-07-12,2013-06-18,0.86,1.8,0.86,1.6,5,2,1800000,3,CA,software,0,1,0,0,0,3.0,1,721,315,656,Software,Low
New York,42.165726,-74.948051,New York,SundaySky,operating,2006-01-01,2009-01-06,2013-10-15,3.02,7.79,3.71,7.79,8,3,37000000,3,NY,software,0,0,1,1,1,3.67,1,722,1101,2844,Software,High
California,37.7796347,-122.3918123,San Francisco,BackOps,operating,2010-01-01,2012-11-06,2013-07-11,2.85,3.53,1.16,3.53,2,2,8500000,3,CA,software,0,0,1,0,0,4.0,1,723,1040,1287,Software,Medium
Arkansas,36.0967709,-94.1622749,Fayetteville,Field Agent,operating,2010-04-17,2013-03-08,2013-03-08,2.89,2.89,0.0,0.0,4,1,2500000,1,AR,mobile,0,0,1,0,0,1.0,0,724,1056,1056,software,Medium
New York,40.745679,-73.9895437,New York,Local Response,operating,2011-01-01,2011-10-13,2013-02-27,0.78,2.16,0.81,0.81,7,2,6500000,1,NY,advertising,0,0,1,0,0,5.5,1,726,285,788,Service,Medium
Massachusetts,42.230171,-71.530106,Boston,Mobee,operating,2012-01-01,2012-11-19,2012-11-19,0.88,0.88,0.75,0.88,5,1,1100000,2,MA,analytics,0,1,0,0,0,8.0,1,727,323,323,Software,Low
California,36.116203,-119.681564,San Francisco,Twist and Shout,operating,2011-01-01,2012-07-01,2012-07-01,1.5,1.5,1.42,1.42,1,1,6000000,1,CA,mobile,1,0,0,0,0,1.0,0,728,547,547,software,Medium
California,36.116203,-119.681564,Los Angeles,KlickThru,closed,2010-01-01,2011-01-01,2011-01-01,1.0,1.0,2.92,2.92,6,1,500000,1,CA,advertising,0,0,1,0,0,2.0,0,729,365,365,Service,Low
Minnesota,45.694454,-93.900192,Plymouth,Once Innovations,operating,2008-01-01,2011-03-02,2013-10-21,3.17,5.81,5.5,5.5,3,3,6452000,1,MN,other,1,0,1,0,0,3.0,0,730,1156,2120,Business,Medium
New York,42.165726,-74.948051,Stony Brook,Coferon,operating,2009-01-01,2011-01-06,2012-07-16,2.01,3.54,2.0,2.0,7,4,22320633,1,NY,biotech,1,0,0,1,0,3.0,1,731,735,1292,software,High
California,39.1753858,-76.8183016,Palo Alto,Groupsite,operating,2006-05-01,2009-12-01,2009-12-01,3.59,3.59,2.32,4.92,10,1,2000000,3,CA,software,0,0,0,0,0,1.0,1,732,1310,1310,Software,Low
Missouri,38.456085,-92.288368,Kansas City,Stackify,operating,2012-01-15,2012-01-15,2012-01-15,0.0,0.0,0.38,0.38,2,1,2000000,1,MO,enterprise,0,0,0,0,0,1.0,0,733,0,0,Software,Low
Illinois,41.8865644,-87.627339,Chicago,MarkITx,operating,2012-04-01,2009-12-12,2013-07-12,-2.3,1.28,0.0,0.0,3,4,5964793,1,IL,ecommerce,0,1,0,0,0,4.0,0,734,-841,467,Software,Medium
Colorado,39.059811,-105.311104,Boulder,Revolv,closed,2012-05-02,2012-05-17,2013-11-25,0.04,1.57,0.67,1.61,6,3,6818000,2,CO,software,0,1,1,0,0,3.0,1,735,15,572,Software,Medium
California,36.116203,-119.681564,San Francisco,Tapingo,operating,2012-01-01,2012-07-17,2012-07-17,0.54,0.54,-4.25,-4.25,2,1,3500000,1,CA,mobile,1,0,0,0,0,1.0,1,736,198,198,software,Medium
California,36.116203,-119.681564,San Rafael,IntelliBatt,operating,2006-01-01,2012-07-17,2012-07-17,6.55,6.55,6.42,6.42,4,1,22000000,1,CA,network_hosting,1,0,0,0,0,1.0,1,737,2389,2389,Software,High
Pennsylvania,40.590752,-77.209755,Philadelphia,LeadiD,closed,2011-01-01,2012-07-23,2013-08-13,1.56,2.62,1.0,1.0,6,2,2700000,1,PA,enterprise,1,1,0,0,0,1.0,0,738,569,955,Software,Medium
New York,42.165726,-74.948051,New York,PulsePoint,operating,2011-09-01,2010-05-07,2013-01-01,-1.32,1.34,0.0,0.0,11,3,13485455,1,NY,advertising,1,0,0,0,0,5.0,1,739,-482,488,Service,High
California,36.116203,-119.681564,Fremont,Luxera,closed,2010-01-01,2012-07-16,2012-07-16,2.54,2.54,0.0,0.0,3,1,4000000,1,CA,semiconductor,0,0,1,0,0,1.0,0,740,927,927,Software,Medium
California,37.8005205,-122.4018148,San Francisco,Zipongo,operating,2010-03-12,2012-07-25,2012-10-01,2.37,2.56,-32.02,-32.02,4,2,2500000,1,CA,health,0,1,0,0,0,1.5,1,741,866,934,Service,Medium
California,36.116203,-119.681564,Marina Del Rey,When You Wish,operating,2011-02-01,2011-02-01,2011-02-01,0.0,0.0,0.0,0.0,4,1,1500000,1,CA,nonprofit,0,0,0,0,0,2.0,0,742,0,0,Service,Low
California,37.3229727,-122.0385792,Cupertino,ScaleMP,operating,2009-10-02,2008-04-08,2008-04-08,-1.48,-1.48,3.25,3.25,14,1,8000000,1,CA,software,0,0,0,0,0,4.0,1,743,-542,-542,Software,Medium
California,36.116203,-119.681564,San Francisco,Snibbe Studio,operating,2011-03-01,2013-03-01,2013-03-01,2.0,2.0,1.84,2.0,5,1,100000,2,CA,music,0,1,0,0,0,1.0,0,745,731,731,Service,Low
California,36.116203,-119.681564,Mountain View,hearo.fm,operating,2010-09-01,2012-03-15,2013-11-20,1.54,3.22,1.33,1.33,4,4,295500,1,CA,social,0,1,0,0,0,1.25,0,746,561,1176,Software,Low
New York,42.165726,-74.948051,New York,SmartAsset,operating,2012-01-01,2012-08-14,2012-10-30,0.62,0.83,0.71,0.92,4,2,2400000,3,NY,finance,0,0,0,0,0,3.0,1,747,226,303,Service,Medium
California,34.0522342,-118.2436849,Los Angeles,Coppertino,operating,2010-01-01,2013-08-26,2013-08-26,3.65,3.65,3.6,3.6,0,1,400000,1,CA,software,0,1,0,0,0,1.0,0,748,1333,1333,Software,Low
California,36.116203,-119.681564,SAN FRANCISCO,Plain Vanilla,operating,2010-10-01,2012-07-01,2013-11-20,1.75,3.14,2.5,3.15,4,3,5700000,2,CA,games_video,0,1,1,0,0,7.0,1,749,639,1146,Software,Medium
Colorado,39.059811,-105.311104,Boulder,PivotDesk,operating,2012-04-01,2012-05-17,2012-09-24,0.13,0.48,1.06,1.08,13,3,6235015,2,CO,enterprise,1,1,1,0,0,3.0,1,750,46,176,Software,Medium
Illinois,40.349457,-88.986137,Chicago,Analyte Health,operating,2007-01-01,2011-05-17,2012-07-25,4.38,5.57,4.0,4.0,2,5,34024998,1,IL,medical,1,0,0,0,1,3.0,1,751,1597,2032,Service,High
New York,40.7436477,-73.9891927,New York,Appy Couple,operating,2011-01-01,2012-01-09,2013-11-07,1.02,2.85,1.67,2.17,3,3,2725000,2,NY,web,0,1,0,0,0,1.0,1,752,373,1041,Software,Medium
California,36.116203,-119.681564,Santa Clara,MarketPage,operating,2012-01-01,2011-08-01,2011-08-01,-0.42,-0.42,0.0,0.0,2,1,1000000,1,CA,ecommerce,1,0,0,0,0,1.0,0,754,-153,-153,Software,Low
Colorado,39.059811,-105.311104,Boulder,SpotRight,operating,2012-01-01,2012-07-26,2013-05-24,0.57,1.39,-2.0,-2.0,3,2,3870890,1,CO,analytics,1,0,0,0,0,3.0,1,755,207,509,Software,Medium
Massachusetts,42.230171,-71.530106,Wayland,Annovation BioPharma,operating,2009-01-01,2011-05-17,2012-09-10,2.37,3.69,2.25,2.25,1,3,10375000,1,MA,biotech,1,0,1,0,0,1.5,1,756,866,1348,software,Medium
New York,42.165726,-74.948051,New York,Stackpop,closed,2011-10-01,2011-12-09,2012-01-01,0.19,0.25,0.25,0.25,4,2,870000,1,NY,enterprise,0,1,0,0,0,1.0,0,757,69,92,Software,Low
California,36.116203,-119.681564,San Francisco,Syllabuster,closed,2012-02-01,2012-02-01,2012-02-01,0.0,0.0,0.0,0.0,5,1,20000,1,CA,education,0,1,0,0,0,1.0,0,758,0,0,Service,Low
Tennessee,35.747845,-86.692345,Memphis,BioNanovations,operating,2012-05-14,2012-08-16,2012-08-16,0.26,0.26,0.0,0.0,3,1,150000,1,TN,medical,0,1,0,0,0,2.0,0,759,94,94,Service,Low
California,37.7794128,-122.3932504,San Francisco,Plaid,operating,2012-01-01,2013-09-19,2013-09-19,1.72,1.72,1.72,1.72,3,1,2800000,1,CA,software,0,0,0,0,0,9.0,1,760,627,627,Software,Medium
California,36.116203,-119.681564,Menlo Park,TrustedAd,closed,2011-01-14,2012-05-31,2012-05-31,1.38,1.38,0.99,0.99,3,1,300000,1,CA,advertising,0,1,0,0,0,1.0,1,761,503,503,Service,Low
California,36.116203,-119.681564,San Mateo,Piqora,operating,2012-03-01,2012-07-31,2012-07-31,0.42,0.42,0.91,1.76,9,1,1400000,2,CA,enterprise,0,1,0,0,0,2.0,1,762,152,152,Software,Low
California,36.116203,-119.681564,San Jose,Skyera,operating,2010-01-01,2013-02-21,2013-02-21,3.14,3.14,2.42,3.2,6,1,51600000,3,CA,enterprise,0,0,0,1,0,2.0,0,763,1147,1147,Software,High
New York,42.165726,-74.948051,New York,Moment.me,closed,2012-02-03,2012-05-15,2012-05-15,0.28,0.28,1.04,1.04,1,1,1500000,1,NY,web,0,0,0,0,0,2.0,1,764,102,102,Software,Low
Massachusetts,42.230171,-71.530106,Concord,Luxanova,operating,2012-03-14,2012-03-14,2012-07-01,0.0,0.3,0.13,0.13,5,2,112500,1,MA,software,0,1,1,0,0,2.0,0,765,0,109,Software,Low
California,36.116203,-119.681564,San Francisco,QuickPay,operating,2010-01-01,2012-02-16,2012-08-02,2.13,2.59,2.59,2.67,11,2,3500000,2,CA,mobile,1,0,0,0,0,2.5,1,766,776,944,software,Medium
California,36.116203,-119.681564,Mountain View,MediaSpike,operating,2011-01-01,2011-09-02,2013-11-04,0.67,2.84,2.75,2.84,5,3,5200000,2,CA,advertising,0,1,1,0,0,8.5,1,767,244,1038,Service,Medium
California,37.4418834,-122.1430195,Palo Alto,Upstart,operating,2012-04-01,2012-08-08,2013-04-22,0.35,1.06,0.75,1.06,4,2,7650000,2,CA,finance,0,0,1,0,0,6.5,1,768,129,386,Service,Medium
California,37.7801351,-122.3967503,San Francisco,Mango Health,closed,2012-02-01,2012-07-31,2012-11-05,0.5,0.76,0.0,0.0,2,3,3050000,1,CA,mobile,0,1,0,0,0,3.33,1,769,181,278,software,Medium
Massachusetts,42.230171,-71.530106,Boston,Stackdriver,operating,2012-06-22,2012-07-27,2013-09-18,0.1,1.24,1.24,1.39,6,2,15000000,3,MA,enterprise,0,0,1,1,0,1.5,1,770,35,453,Software,High
Maine,43.6575748,-70.2547436,Portland,APerfectShirt.com,operating,2012-06-01,2012-11-01,2012-11-01,0.42,0.42,0.42,0.42,2,1,100000,1,ME,ecommerce,0,1,0,0,0,1.0,0,771,153,153,Software,Low
Washington,47.400902,-121.490494,Seattle,PlaceFull,operating,2011-11-01,2013-04-04,2013-04-04,1.42,1.42,-0.83,-0.83,5,1,1016000,1,WA,ecommerce,1,0,0,0,0,1.0,1,772,520,520,Software,Low
Michigan,43.326618,-84.536095,Ann Arbor,Atterocor,operating,2012-01-01,2012-08-03,2013-02-26,0.59,1.16,0.0,0.0,3,2,24522872,1,MI,biotech,0,0,1,0,0,3.0,1,773,215,422,software,High
New York,40.7143528,-74.0059731,New York,Wochit,operating,2012-05-01,2013-05-13,2013-05-13,1.03,1.03,1.08,1.08,5,1,4750000,1,NY,news,0,0,1,0,0,3.0,1,774,377,377,Service,Medium
Illinois,40.349457,-88.986137,Arlington Heights,Moxie Jean,closed,2011-01-01,2012-06-01,2012-06-01,1.42,1.42,1.84,1.84,5,1,75000,1,IL,ecommerce,0,1,0,0,0,2.0,1,775,517,517,Software,Low
California,36.116203,-119.681564,San Francisco,Canopy Labs,operating,2012-01-01,2012-12-13,2012-12-13,0.95,0.95,0.95,1.84,3,1,1500000,2,CA,analytics,0,0,1,0,0,3.0,1,776,347,347,Software,Low
Washington,47.400902,-121.490494,Seattle,Linksy,operating,2012-01-01,2012-08-01,2012-08-01,0.58,0.58,0.61,0.61,2,1,100000,1,WA,software,0,1,0,0,0,1.0,1,777,213,213,Software,Low
Massachusetts,42.230171,-71.530106,Boston,OpenExchange,operating,2009-01-01,2011-11-17,2013-09-18,2.88,4.72,3.84,3.84,13,3,10350001,1,MA,enterprise,1,1,0,1,0,1.0,0,778,1050,1721,Software,Medium
California,36.116203,-119.681564,Long Beach,Nativo,operating,2010-06-07,2010-06-07,2013-04-09,0.0,2.84,-0.02,2.23,4,2,6250000,2,CA,advertising,0,0,1,0,0,2.0,1,779,0,1037,Service,Medium
California,37.406011,-121.976759,Santa Clara,Garantia Data,operating,2011-01-01,2012-08-08,2013-11-05,1.6,2.85,0.0,2.87,4,2,12800000,2,CA,enterprise,0,0,1,0,0,2.0,1,780,585,1039,Software,High
California,36.116203,-119.681564,san francisco,Bloc,operating,2012-02-09,2012-05-10,2013-12-05,0.25,1.82,1.6,1.6,4,2,2250000,1,CA,education,0,1,0,0,0,2.5,1,781,91,665,Service,Medium
California,37.270518,-121.955879,Santa Clara,VisualOn,closed,2011-01-03,2006-03-01,2007-12-21,-4.85,-3.04,-0.01,-0.01,6,2,3100000,1,CA,software,0,0,0,1,0,2.0,0,782,-1769,-1109,Software,Medium
California,36.116203,-119.681564,Los Angeles,OUYA,operating,2012-01-01,2012-08-09,2013-05-10,0.61,1.36,1.0,1.73,7,2,23600000,3,CA,games_video,0,0,1,0,0,5.0,1,783,221,495,Software,High
Ohio,39.964428,-82.924628,Columbus,SeeMore Interactive,operating,2012-01-01,2012-05-11,2012-08-10,0.36,0.61,1.0,1.0,1,3,2300000,1,OH,mobile,0,1,0,0,0,1.0,0,784,131,222,software,Medium
California,36.116203,-119.681564,San Francisco,Goldbely,operating,2012-01-01,2013-09-17,2013-09-17,1.71,1.71,1.1,1.42,7,1,3000000,2,CA,ecommerce,0,0,0,0,0,7.0,1,785,625,625,Software,Medium
California,36.116203,-119.681564,San Francisco,famo.us,closed,2011-06-01,2011-09-01,2013-03-04,0.25,1.76,1.59,2.51,10,2,5100000,2,CA,software,0,1,1,0,0,6.0,1,786,92,642,Software,Medium
New York,42.165726,-74.948051,New York,Moven,operating,2011-04-01,2012-08-11,2013-08-14,1.36,2.37,0.0,0.0,5,2,4410000,1,NY,mobile,0,0,0,0,0,1.5,0,788,498,866,software,Medium
Massachusetts,42.230171,-71.530106,Boston,Swirl,operating,2011-01-01,2012-08-01,2013-10-08,1.58,2.77,2.77,2.77,6,2,14000000,1,MA,mobile,0,0,1,1,0,3.0,1,789,578,1011,software,High
Virginia,37.769337,-78.169968,Herndon,YaSabe,operating,2010-03-01,2013-03-18,2013-03-18,3.05,3.05,0.0,0.0,3,1,2700000,1,VA,search,0,0,0,0,0,8.0,1,790,1113,1113,Software,Medium
California,37.7905538,-122.4041485,San Francisco,Heyzap,operating,2009-01-01,2009-01-01,2013-01-04,0.0,4.01,4.09,4.45,10,4,7965000,2,CA,games_video,1,1,1,1,0,2.75,1,791,0,1464,Software,Medium
California,37.326897,-121.968263,Santa Clara,Samplify Systems,operating,2006-01-01,2006-01-01,2011-03-07,0.0,5.18,1.0,1.0,27,4,22000000,1,CA,semiconductor,1,0,1,1,0,2.33,1,792,0,1891,Software,High
New York,42.165726,-74.948051,New York,LoyalBlocks,operating,2011-01-01,2012-01-01,2013-08-21,1.0,2.64,0.0,0.0,3,3,18878570,1,NY,mobile,1,0,1,0,0,2.0,1,793,365,963,software,High
Colorado,39.059811,-105.311104,Denver,Aventura,closed,2008-04-01,2012-09-04,2013-09-26,4.43,5.49,4.17,4.17,8,2,5300000,1,CO,software,1,0,1,0,0,4.0,1,794,1617,2004,Software,Medium
Florida,27.766279,-81.686783,Miami,LegalGuru,operating,2011-03-31,2011-03-31,2011-03-31,0.0,0.0,0.0,0.0,1,1,900000,1,FL,legal,0,1,0,0,0,2.0,0,795,0,0,Service,Low
Georgia,33.040619,-83.643074,Alpharetta,HireIQ Solutions,operating,2008-09-07,2011-03-25,2013-09-25,2.55,5.05,3.57,3.94,9,4,5234844,2,GA,software,1,0,1,0,0,2.0,0,796,929,1844,Software,Medium
Massachusetts,42.230171,-71.530106,Boston,Punchey,closed,2011-01-01,2012-08-17,2012-08-17,1.63,1.63,1.84,1.84,5,1,1700000,1,MA,advertising,1,0,0,0,0,1.0,0,797,594,594,Service,Low
California,36.116203,-119.681564,Beverly Hills,Visualnet,operating,2011-07-06,2013-03-07,2013-03-07,1.67,1.67,1.52,1.52,6,1,1000000,1,CA,games_video,0,1,0,0,0,1.0,0,798,610,610,Software,Low
California,36.116203,-119.681564,San Francisco,Luvocracy,operating,2011-01-01,2013-05-16,2013-05-16,2.37,2.37,1.0,1.0,4,1,11000000,1,CA,ecommerce,0,0,1,0,0,9.0,1,799,866,866,Software,Medium
California,37.7726402,-122.4099154,San Francisco,Organizer,closed,2010-01-01,2011-01-01,2011-01-01,1.0,1.0,2.7,2.97,10,1,3900000,2,CA,mobile,0,0,0,0,0,7.0,1,801,365,365,software,Medium
California,37.777164,-122.407709,San Francisco,Scoot Networks,closed,2011-01-01,2012-09-12,2013-11-26,1.7,2.9,1.5,1.74,5,3,3429659,2,CA,transportation,1,1,0,0,0,5.5,0,802,620,1060,Business,Medium
California,36.116203,-119.681564,Berkeley,Kloudless,closed,2011-08-01,2011-10-26,2013-05-29,0.24,1.83,1.75,1.75,0,3,888888,1,CA,enterprise,1,1,0,0,0,1.67,1,803,86,667,Software,Low
Massachusetts,42.230171,-71.530106,Cambridge,Sqrrl,closed,2012-01-01,2012-08-20,2013-10-21,0.64,1.81,0.64,1.81,4,2,7200000,3,MA,analytics,0,0,1,0,0,2.0,1,804,232,659,Software,Medium
California,36.116203,-119.681564,San Francisco,Survata,operating,2012-01-01,2012-06-01,2013-06-04,0.42,1.42,0.33,0.64,2,3,3017000,2,CA,analytics,0,1,0,0,0,1.67,1,805,152,520,Software,Medium
Washington,47.400902,-121.490494,Seattle,Jawfish Games,operating,2012-01-04,2012-03-01,2012-07-20,0.16,0.54,1.08,1.38,7,2,3485000,2,WA,games_video,0,1,0,0,0,1.5,1,806,57,198,Software,Medium
New York,40.7045356,-73.9865364,Brooklyn,Sherpaa,operating,2012-02-01,2012-08-20,2012-08-20,0.55,0.55,-0.08,0.55,7,1,1800000,2,NY,health,0,0,0,0,0,5.0,1,807,201,201,Service,Low
New York,40.7108748,-73.9338303,Brooklyn,Hatch,closed,2012-08-01,2013-06-05,2013-06-05,0.84,0.84,0.83,1.3,5,1,650000,2,NY,ecommerce,0,1,0,0,0,2.0,1,808,308,308,Software,Low
California,36.116203,-119.681564,San Francisco,RidePal,operating,2011-02-17,2012-09-10,2013-09-26,1.56,2.61,0.54,0.54,4,2,3700000,1,CA,transportation,0,1,1,0,0,2.5,1,809,571,952,Business,Medium
Colorado,39.9736024,-105.0745155,Lafayette,Door to Door Organics,operating,2007-01-01,2012-08-22,2012-08-22,5.64,5.64,-2.0,-2.0,1,1,2000000,1,CO,hospitality,0,0,1,0,0,1.0,0,810,2060,2060,Service,Low
California,36.116203,-119.681564,Santa Clara,Zoom Video Communications,operating,2011-06-01,2011-06-01,2013-09-24,0.0,2.32,1.97,2.32,9,3,15500000,2,CA,enterprise,0,0,1,1,0,3.33,1,811,0,846,Software,High
California,37.406505,-122.108918,Mountain View,CloudPhysics,operating,2011-01-01,2012-08-23,2013-08-14,1.64,2.62,1.25,2.65,3,2,12500000,2,CA,analytics,0,0,1,1,0,4.0,1,812,600,956,Software,High
Maryland,39.063946,-76.802101,Silver Spring,MobileSpaces,operating,2011-01-01,2012-08-23,2013-07-24,1.64,2.56,1.16,2.56,8,2,11600000,2,MD,mobile,0,0,1,1,0,1.5,1,813,600,935,software,High
Kentucky,37.66814,-84.670067,Lexington,TagaPet,closed,2012-04-20,2012-06-01,2013-10-14,0.12,1.48,0.04,0.04,3,2,19299,1,KY,pets,0,1,0,0,0,1.0,1,814,42,542,Service,Low
California,37.7726402,-122.4099154,San Francisco,Watsi,operating,2012-08-23,2013-07-25,2013-07-25,0.92,0.92,0.92,0.94,6,1,1200000,2,CA,other,0,1,0,0,0,8.0,1,815,336,336,Business,Low
California,36.116203,-119.681564,Santa Clara,Plair,operating,2011-01-01,2011-09-01,2013-06-20,0.67,2.47,0.17,2.84,1,3,5791106,2,CA,hardware,1,0,1,0,0,2.0,1,816,243,901,Hardware,Medium
New York,42.165726,-74.948051,Brooklyn,NiftyThrifty,closed,2011-01-01,2012-08-24,2012-08-24,1.65,1.65,1.33,1.65,4,1,2000000,2,NY,fashion,1,0,0,0,0,5.0,1,817,601,601,Business,Low
Massachusetts,42.3584308,-71.0597732,Cambridge,Philo,closed,2010-01-01,2013-07-10,2013-07-10,3.52,3.52,3.5,3.5,5,1,6300000,1,MA,web,0,0,1,0,0,6.0,1,819,1286,1286,Software,Medium
California,36.116203,-119.681564,San Francisco,LearnStreet,operating,2012-01-01,2012-11-08,2012-11-08,0.85,0.85,0.42,0.85,6,1,1000000,2,CA,education,1,0,0,0,0,1.0,1,820,312,312,Service,Low
New York,42.165726,-74.948051,New York,CaterCow,operating,2012-06-01,2012-06-04,2012-06-04,0.01,0.01,0.0,0.31,2,1,25000,2,NY,web,0,1,0,0,0,1.0,1,821,3,3,Software,Low
New Hampshire,43.452492,-71.563896,Gilmanton Ironworks,Ohm Universe,operating,2012-04-11,2012-06-18,2012-06-18,0.19,0.19,0.0,0.0,1,1,100000,1,NH,manufacturing,0,1,0,0,0,4.0,0,822,68,68,Manufacturing,Low
California,37.785271,-122.397582,San Francisco,Meez,operating,2009-03-20,2005-01-01,2007-09-01,-4.22,-1.55,-0.18,-0.18,3,3,10200000,1,CA,hardware,0,1,0,1,1,2.5,1,823,-1539,-566,Hardware,Medium
California,37.871087,-122.270913,Berkeley,Captricity,operating,2011-01-01,2012-09-24,2013-05-31,1.73,2.41,2.16,2.16,10,2,4500000,1,CA,enterprise,1,0,1,0,0,1.0,0,824,632,881,Software,Medium
Massachusetts,42.230171,-71.530106,Westford,RiverMeadow Software,operating,2009-10-01,2012-08-28,2013-09-05,2.91,3.93,2.25,2.25,2,2,17000000,1,MA,software,1,0,0,1,0,2.0,1,825,1062,1435,Software,High
California,36.116203,-119.681564,Los Angeles,BloomNation,operating,2010-03-22,2013-10-24,2013-10-24,3.59,3.59,0.82,3.59,2,1,1650000,2,CA,ecommerce,0,0,0,0,0,5.0,1,826,1312,1312,Software,Low
California,37.7959362,-122.4000032,San francisco,Cubikal,closed,2012-09-09,2012-09-18,2012-09-18,0.02,0.02,-0.48,-0.48,3,1,10000,1,CA,mobile,0,1,0,0,0,1.0,0,827,9,9,software,Low
California,36.116203,-119.681564,San Francisco,tenXer,closed,2011-09-01,2011-09-01,2012-08-28,0.0,0.99,1.08,1.34,2,2,4700000,2,CA,software,0,0,1,1,0,2.5,1,828,0,362,Software,Medium
California,36.116203,-119.681564,Palo Alto,Pluribus Networks,operating,2010-04-01,2011-04-01,2013-04-01,1.0,3.0,3.7,3.7,6,3,42800000,1,CA,network_hosting,0,0,0,1,1,2.33,1,829,365,1096,Software,High
California,36.116203,-119.681564,San Francisco,Voxer LLC,operating,2007-01-01,2012-02-11,2012-02-11,5.12,5.12,5.03,6.33,18,1,30000000,3,CA,mobile,0,0,0,0,1,8.0,1,832,1867,1867,software,High
Ohio,40.388783,-82.764915,Cincinnati,Aerpio Therapeutics,operating,2011-01-01,2012-01-05,2013-11-06,1.01,2.85,1.0,1.0,11,3,41000000,1,OH,biotech,1,0,1,0,0,6.0,0,833,369,1040,software,High
Illinois,40.349457,-88.986137,Chicago,Caremerge,operating,2010-12-01,2013-07-11,2013-07-11,2.61,2.61,2.5,2.5,4,1,2100000,1,IL,enterprise,0,0,1,0,0,1.0,0,835,953,953,Software,Medium
North Carolina,35.630066,-79.806419,Durham,Automated Insights,operating,2007-06-01,2010-08-01,2011-09-01,3.17,4.25,5.97,5.97,4,2,5300000,1,NC,analytics,0,1,1,0,0,3.0,1,836,1157,1553,Software,Medium
New Jersey,40.298904,-74.521011,Jersey City,CodeSquare,operating,2011-11-01,2012-09-01,2012-09-01,0.84,0.84,0.0,0.0,2,1,20000,1,NJ,advertising,0,1,0,0,0,1.0,0,837,305,305,Service,Low
California,36.116203,-119.681564,Menlo Park,QBotix,operating,2010-01-01,2012-09-04,2013-07-11,2.68,3.53,2.0,2.0,3,2,11500000,1,CA,cleantech,0,0,1,1,0,3.5,1,838,977,1287,Business,High
California,36.116203,-119.681564,San Francisco,Bugsnag,operating,2012-07-01,2013-09-20,2013-09-20,1.22,1.22,0.0,1.22,2,1,1400000,2,CA,software,0,1,0,0,0,3.0,1,839,446,446,Software,Low
California,36.116203,-119.681564,Menlo Park,Tely Labs,operating,2010-01-01,2012-09-18,2012-10-22,2.72,2.81,2.67,3.2,3,2,28000000,2,CA,games_video,1,0,0,0,0,2.0,1,840,991,1025,Software,High
Nebraska,40.813294,-96.709498,Lincoln,Bulu Box,operating,2012-04-17,2012-09-05,2012-09-05,0.39,0.39,0.54,1.02,7,1,550000,2,NE,ecommerce,0,0,1,0,0,4.0,0,841,141,141,Software,Low
Virginia,37.769337,-78.169968,Reston,Video Blocks,operating,2011-01-01,2012-09-06,2012-09-06,1.68,1.68,2.0,2.0,1,1,10500000,1,VA,games_video,0,0,1,0,0,2.0,1,842,614,614,Software,Medium
Ohio,40.388783,-82.764915,Cleveland,BioMotiv,operating,2012-01-01,2012-09-05,2013-08-05,0.68,1.59,1.42,1.42,6,2,46000000,1,OH,biotech,1,0,0,0,0,2.0,0,843,248,582,software,High
New York,42.165726,-74.948051,New York City,KnowRe,operating,2012-03-23,2012-03-01,2013-01-24,-0.06,0.84,0.95,0.95,5,2,1800000,1,NY,education,1,1,0,0,0,1.0,0,844,-22,307,Service,Low
New York,42.165726,-74.948051,Brooklyn,Repunch,operating,2012-01-01,2013-06-01,2013-11-08,1.42,1.85,1.0,1.0,3,2,35000,1,NY,other,0,1,0,0,0,1.0,0,845,517,677,Business,Low
Virginia,37.769337,-78.169968,Vienna,FoundationDB,operating,2009-01-01,2011-12-22,2013-11-12,2.97,4.87,0.33,4.05,3,2,22650000,2,VA,analytics,0,0,1,0,0,1.5,1,846,1085,1776,Software,High
Texas,31.054487,-97.563461,Austin,Akimbo Financial,closed,2010-01-22,2013-05-13,2013-05-13,3.31,3.31,2.23,3.31,5,1,850000,2,TX,finance,0,1,0,0,0,2.0,0,848,1207,1207,Service,Low
Pennsylvania,40.590752,-77.209755,Philadelphia,Benjamin's Desk,closed,2012-08-01,2013-06-05,2013-06-05,0.84,0.84,0.0,0.0,2,1,150000,1,PA,other,0,1,0,0,0,1.0,0,849,308,308,Business,Low
Massachusetts,42.230171,-71.530106,Cambridge,Timbre,operating,2012-09-07,2012-12-18,2013-02-07,0.28,0.42,0.42,0.48,4,2,720000,2,MA,mobile,0,1,0,0,0,3.0,1,850,102,153,software,Low
California,37.7679113,-122.3941495,San Francisco,Presidio Pharmaceuticals,operating,2006-01-01,2007-08-29,2013-04-17,1.66,7.3,4.0,4.0,14,6,86964473,1,CA,biotech,1,0,0,1,0,3.0,1,851,605,2663,software,High
California,36.116203,-119.681564,Glendora,eGood,operating,2012-03-12,2013-09-04,2013-09-04,1.48,1.48,0.0,1.5,4,1,3000000,2,CA,web,0,0,0,0,0,1.0,0,852,541,541,Software,Medium
New York,42.165726,-74.948051,New York,Honest Buildings,operating,2011-01-01,2012-01-19,2013-12-09,1.05,2.94,1.0,2.39,2,4,12250000,2,NY,web,0,0,1,0,0,2.33,1,853,383,1073,Software,High
California,36.116203,-119.681564,San Juan Capistrano,Cirro,operating,2010-10-29,2013-10-09,2013-10-09,2.95,2.95,2.18,2.18,4,1,8000000,1,CA,software,0,0,1,0,0,3.0,0,854,1076,1076,Software,Medium
South Carolina,33.856892,-80.945007,bluffton,uromovie,closed,2009-06-17,2010-07-08,2010-07-08,1.06,1.06,0.0,0.0,1,1,2000,1,SC,games_video,0,0,0,1,0,1.0,0,855,386,386,Software,Low
California,36.116203,-119.681564,Los Angeles,Cuturia,operating,2012-04-01,2012-03-01,2012-03-01,-0.08,-0.08,0.0,1.05,3,1,200000,2,CA,fashion,0,1,0,0,0,1.0,0,856,-31,-31,Business,Low
California,36.116203,-119.681564,San Francisco,BrightBytes,operating,2012-03-01,2012-03-03,2013-07-11,0.01,1.36,0.02,0.97,5,6,6747670,2,CA,analytics,0,1,1,0,0,1.2,0,857,2,497,Software,Medium
Massachusetts,42.230171,-71.530106,Boston,Spogo Inc.,operating,2012-05-01,2012-09-01,2013-02-01,0.34,0.76,0.76,1.34,4,2,170000,2,MA,mobile,0,1,0,0,0,1.0,1,858,123,276,software,Low
Washington,47.400902,-121.490494,Seattle,BYNDL,closed,2011-09-01,2011-12-01,2012-01-31,0.25,0.42,1.0,1.0,13,2,230000,1,WA,software,1,1,0,0,0,2.0,0,859,91,152,Software,Low
Massachusetts,42.230171,-71.530106,Boston,Massachusetts Clean Energy Center,operating,2008-08-13,2013-09-05,2013-09-05,5.07,5.07,1.3,4.09,2,1,300000,2,MA,cleantech,0,1,0,0,0,4.0,0,860,1849,1849,Business,Low
New York,42.165726,-74.948051,Ithaca,GiveGab,operating,2011-01-01,2013-03-14,2013-03-27,2.2,2.24,0.16,2.29,2,2,1500000,2,NY,nonprofit,0,0,1,0,0,2.0,1,862,803,816,Service,Low
California,36.116203,-119.681564,San Francisco,Station X,operating,2010-01-01,2011-01-06,2013-11-14,1.01,3.87,2.5,2.71,4,5,15836001,2,CA,software,1,0,1,1,0,1.0,1,863,370,1413,Software,High
Texas,31.054487,-97.563461,Austin,TrustRadius,operating,2012-06-01,2013-07-15,2013-07-15,1.12,1.12,1.05,1.33,8,1,5000000,3,TX,other,0,0,1,0,0,1.0,1,864,409,409,Business,Medium
New York,40.7386558,-73.988698,New York,FieldLens,operating,2011-11-30,2011-12-01,2013-08-07,0.0,1.69,0.92,1.7,7,3,4210001,2,NY,mobile,0,0,0,0,0,5.5,1,865,1,616,software,Medium
Georgia,33.7778,-84.388053,Atlanta,StarMobile,operating,2012-04-20,2013-10-15,2013-10-15,1.49,1.49,1.2,1.2,0,1,2500000,1,GA,mobile,0,0,1,0,0,3.0,1,866,543,543,software,Medium
California,37.7618242,-122.3985871,San Francisco,Spotsetter,operating,2011-01-01,2013-08-07,2013-08-07,2.6,2.6,1.42,1.42,4,1,1300000,1,CA,social,0,1,0,0,0,3.0,1,867,949,949,Software,Low
Massachusetts,42.230171,-71.530106,Marlborough,Content Raven,operating,2011-01-01,2013-06-06,2013-06-06,2.43,2.43,1.0,1.0,2,1,2000000,1,MA,enterprise,0,0,1,0,0,5.0,1,868,887,887,Software,Low
California,33.5027479,-117.163611,Temecula,"BabyJunk, Inc",operating,2012-09-01,2013-01-01,2013-01-01,0.33,0.33,0.0,0.0,3,1,200000,1,CA,ecommerce,0,1,0,0,0,5.0,1,870,122,122,Software,Low
Arkansas,36.19,-94.13,Springdale,"Agricultural Food Systems, LLC",operating,2011-05-19,2012-08-20,2013-03-20,1.26,1.84,-0.05,1.85,1,2,33333,2,AR,hospitality,0,1,0,0,0,1.0,0,871,459,671,Service,Low
California,36.116203,-119.681564,Encinitas,Seismic Software,operating,2011-06-01,2013-08-15,2013-08-15,2.21,2.21,2.08,2.08,6,1,4500000,1,CA,enterprise,0,0,1,0,0,1.0,0,872,806,806,Software,Medium
California,37.6897615,-122.4660131,San Francisco,weendy,operating,2012-12-01,2013-01-10,2013-01-10,0.11,0.11,0.0,0.21,4,1,240000,2,CA,social,0,1,0,0,0,5.0,0,873,40,40,Software,Low
California,37.7800539,-122.3912492,San Francisco,Skout,operating,2007-01-01,2010-07-01,2012-04-03,3.5,5.26,5.26,6.68,14,2,22000000,3,CA,social,1,0,0,0,0,1.0,1,874,1277,1919,Software,High
California,37.32136,-122.014616,San Jose,Xangati,operating,2006-01-01,2007-09-24,2013-11-06,1.73,7.85,7.75,7.85,7,2,21700000,2,CA,software,0,0,0,1,1,2.0,1,875,631,2866,Software,High
Utah,40.323926,-111.725468,Orem,Shipzi,operating,2011-08-01,2011-09-01,2012-10-01,0.08,1.17,0.0,0.0,3,2,285000,1,UT,software,0,1,0,0,0,1.5,0,876,31,427,Software,Low
Massachusetts,42.230171,-71.530106,Boston,PreApps,operating,2012-06-01,2012-01-01,2013-03-03,-0.42,0.75,0.65,0.65,2,3,160000,1,MA,mobile,0,1,0,0,0,1.0,0,877,-152,275,software,Low
California,36.116203,-119.681564,San Mateo,AdMobius,operating,2011-07-01,2012-09-30,2012-09-30,1.25,1.25,1.24,1.51,9,1,5000000,2,CA,advertising,0,0,0,0,0,2.0,1,878,457,457,Service,Medium
Missouri,38.6280637,-90.1903126,St. Louis,RoverTown,operating,2009-07-07,2013-09-09,2013-09-09,4.18,4.18,2.07,4.18,3,1,50000,2,MO,advertising,0,1,0,0,0,1.0,1,879,1525,1525,Service,Low
New Hampshire,43.452492,-71.563896,Milford,FreePriceAlerts,operating,2008-01-01,2012-09-24,2012-09-24,4.73,4.73,4.0,4.0,12,1,2500000,1,NH,web,0,0,0,1,0,2.0,0,880,1728,1728,Software,Medium
California,36.116203,-119.681564,Palo Alto,Datagres Technologies,closed,2010-01-01,2012-09-24,2012-09-24,2.73,2.73,2.5,2.5,5,1,2000000,1,CA,network_hosting,0,0,1,0,0,1.0,1,881,997,997,Software,Low
California,37.5629917,-122.3255254,San Mateo,Insightera,operating,2009-01-01,2012-09-25,2013-06-27,3.73,4.49,3.0,3.0,1,2,8000000,1,CA,other,1,0,1,0,0,2.0,1,882,1363,1638,Business,Medium
California,36.116203,-119.681564,Fremont,ShopInterest,operating,2012-06-23,2012-07-30,2013-02-14,0.1,0.65,0.75,0.75,3,4,185000,1,CA,web,1,1,0,0,0,1.0,0,883,37,236,Software,Low
California,36.116203,-119.681564,San Francisco,Aktana,operating,2008-01-01,2011-12-01,2013-07-08,3.92,5.52,4.0,5.18,11,5,11637424,2,CA,analytics,1,0,1,1,0,1.0,1,884,1430,2015,Software,High
California,37.2281498,-121.9791464,Los Gatos,Wanderful Media,operating,2011-11-01,2012-09-25,2013-05-21,0.9,1.55,0.42,1.55,11,3,36000000,3,CA,advertising,1,0,0,0,0,5.0,0,885,329,567,Service,High
Florida,25.7714235,-80.1874312,Miami,Social Shopping Network «,closed,2011-10-07,2012-03-27,2012-03-27,0.47,0.47,-0.76,1.75,1,1,1000000,2,FL,social,0,1,0,0,0,2.0,0,886,172,172,Software,Low
California,37.5783263,-122.3485679,Burlingame,Breathometer,operating,2012-09-01,2013-02-15,2013-10-17,0.46,1.13,0.92,1.13,10,3,3500000,2,CA,mobile,0,1,0,0,0,4.0,1,887,167,411,software,Medium
Florida,25.728798,-80.2377006,Miami,ECO,operating,2011-01-01,2013-09-05,2013-09-05,2.68,2.68,1.0,2.2,5,1,460000,2,FL,web,0,1,0,0,0,1.0,0,888,978,978,Software,Low
Georgia,33.7761508,-84.3848961,Atlanta,Springbot,operating,2012-01-01,2013-07-24,2013-07-24,1.56,1.56,1.56,1.56,3,1,3000000,1,GA,ecommerce,0,0,1,0,0,4.0,0,889,570,570,Software,Medium
California,36.116203,-119.681564,San Diego,Freedom Meditech,operating,2006-01-01,2012-09-28,2013-08-06,6.75,7.6,7.5,7.5,7,2,9000000,1,CA,medical,0,0,1,1,0,1.0,1,890,2462,2774,Service,Medium
Massachusetts,42.3515272,-71.0573865,Boston,Ministry of Supply,operating,2010-01-01,2013-03-11,2013-09-26,3.19,3.74,3.74,3.74,4,2,1450000,1,MA,manufacturing,0,1,0,0,0,4.0,0,891,1165,1364,Manufacturing,Low
Missouri,38.6181376,-90.274337,St Louis,Bonfyre,operating,2012-10-01,2012-01-01,2013-11-19,-0.75,1.13,0.5,0.5,17,3,2500000,1,MO,mobile,0,1,0,0,0,1.33,1,892,-274,414,software,Medium
Oregon,44.572021,-122.070938,Portland,AppThwack,operating,2012-03-29,2013-03-01,2013-03-01,0.92,0.92,0.0,1.47,2,1,600000,3,OR,mobile,0,1,0,0,0,4.0,0,893,337,337,software,Low
California,36.116203,-119.681564,San Francisco,Insightly,operating,2009-01-01,2012-10-02,2013-09-12,3.75,4.7,1.08,4.7,2,2,13000000,2,CA,software,0,0,1,1,0,2.5,1,894,1370,1715,Software,High
New York,42.165726,-74.948051,Brooklyn,Rap Genius,operating,2009-08-26,2011-08-25,2012-10-03,2.0,3.11,3.68,3.68,5,2,16800000,1,NY,music,1,0,0,0,0,1.5,1,895,729,1134,Service,High
Florida,27.766279,-81.686783,Tampa,The Daily Hundred,closed,2012-04-01,2012-09-01,2013-09-09,0.42,1.44,1.08,1.44,8,2,800000,2,FL,advertising,0,0,1,0,0,2.5,0,896,153,526,Service,Low
California,36.116203,-119.681564,San Francisco,Cozy,closed,2012-03-01,2012-10-04,2013-10-15,0.59,1.62,0.07,1.66,4,2,6500000,2,CA,real_estate,0,0,1,0,0,6.0,1,897,217,593,Business,Medium
California,36.116203,-119.681564,San Francisco,Trifacta,operating,2012-01-01,2012-10-04,2013-12-05,0.76,1.93,0.0,1.93,3,2,16300000,2,CA,software,0,0,1,1,0,3.5,1,898,277,704,Software,High
New York,42.165726,-74.948051,New York City,FiftyThree,operating,2011-01-01,2012-04-01,2013-06-18,1.25,2.46,1.95,2.88,5,2,15100000,2,NY,software,0,1,1,0,0,7.0,1,899,456,899,Software,High
New York,40.7253167,-74.0048825,New York,AdTheorent,operating,2010-01-01,2013-09-11,2013-09-11,3.7,3.7,2.0,2.0,8,1,4000000,1,NY,advertising,0,0,1,0,0,3.0,0,900,1349,1349,Service,Medium
California,37.7609221,-122.4121533,San Francisco,Pudding Media,operating,2006-01-01,2008-01-01,2009-07-20,2.0,3.55,1.0,2.18,6,2,11000000,2,CA,advertising,0,0,1,1,0,2.0,1,901,730,1296,Service,Medium
California,39.1108737,-84.5157004,San Mateo,FlightCar,operating,2012-02-01,2012-02-01,2013-04-16,0.0,1.21,0.41,1.78,3,4,6110000,3,CA,ecommerce,0,1,1,0,0,4.5,1,902,0,440,Software,Medium
California,37.7899027,-122.4007846,San Francisco,Zeppelin,closed,2011-09-29,2012-08-01,2012-08-01,0.84,0.84,0.84,0.84,3,1,118000,1,CA,mobile,0,1,0,0,0,1.0,1,903,307,307,software,Low
California,37.7618242,-122.3985871,San Francisco,Appurify,operating,2012-04-01,2012-04-01,2013-05-28,0.0,1.16,1.36,1.48,13,2,6250000,3,CA,mobile,0,0,1,0,0,9.0,1,904,0,422,software,Medium
Ohio,39.1108737,-84.5157004,Cincinnati,REPP,operating,2012-06-02,2012-07-01,2013-02-13,0.08,0.7,0.0,0.67,3,3,165000,2,OH,web,0,1,0,0,0,1.0,0,905,29,256,Software,Low
Michigan,41.7934241,-88.1243161,Detroit,BoostUp,operating,2013-01-01,2013-10-23,2013-10-23,0.81,0.81,-3.17,-3.17,0,1,1000000,1,MI,web,0,1,0,0,0,3.0,1,906,295,295,Software,Low
New York,40.748077,-73.994027,New York,Easy Pairings,operating,2012-09-01,2013-01-07,2013-01-07,0.35,0.35,0.0,0.0,2,1,40000,1,NY,web,0,1,0,0,0,1.0,1,907,128,128,Software,Low
Massachusetts,42.3628171,-71.0840199,Cambridge,EQUISO,closed,2012-02-01,2012-07-28,2013-02-01,0.49,1.0,0.5,0.5,4,2,350000,1,MA,hardware,0,1,0,0,0,1.0,0,908,178,366,Hardware,Low
Washington,47.400902,-121.490494,Seattle,CreativeLIVE,operating,2010-04-01,2012-10-09,2013-11-14,2.53,3.62,2.17,3.62,3,3,29500000,2,WA,education,0,0,1,1,0,2.0,1,909,922,1323,Service,High
Nevada,36.1659781,-115.1397364,Las Vegas,LaunchKey,operating,2012-07-13,2012-12-07,2013-01-24,0.4,0.53,0.0,0.0,3,2,1500000,1,NV,security,0,1,0,0,0,7.0,1,911,147,195,Service,Low
California,36.116203,-119.681564,Santa Clara,Tapas Media,operating,2012-03-01,2012-11-15,2013-08-14,0.71,1.45,1.45,1.45,4,2,1400000,1,CA,web,0,1,0,0,0,3.0,1,912,259,531,Software,Low
Pennsylvania,40.590752,-77.209755,Ft. Washington,RightCare Solutions,operating,2011-01-01,2012-10-10,2013-11-13,1.78,2.87,0.0,0.0,8,2,6750000,1,PA,software,0,0,1,1,0,2.0,1,913,648,1047,Software,Medium
Rhode Island,41.680893,-71.51178,Providence,Teespring,operating,2012-01-01,2012-02-01,2013-06-01,0.08,1.42,0.67,0.67,4,2,675000,1,RI,nonprofit,0,1,0,0,0,2.0,1,914,31,517,Service,Low
Colorado,39.059811,-105.311104,Boulder,KANBANize,operating,2012-01-01,2013-04-01,2013-04-01,1.25,1.25,0.0,0.0,2,1,32013,1,CO,software,0,1,0,0,0,1.0,1,915,456,456,Software,Low
Massachusetts,42.230171,-71.530106,Cambridge,Vaxess Technologies,operating,2011-12-18,2013-05-23,2013-05-23,1.43,1.43,0.0,1.74,5,2,3750000,2,MA,biotech,0,0,1,0,0,1.0,0,916,522,522,software,Medium
Massachusetts,42.352313,-71.20695,Newton,Attivio,operating,2007-08-01,2008-02-02,2013-01-07,0.51,5.44,5.17,5.17,10,4,90140000,1,MA,enterprise,1,0,1,0,0,1.0,1,917,185,1986,Software,High
Washington,41.9172526,-87.8956185,Northlake Way Seattle,Modumetal,operating,2007-01-01,2012-11-02,2012-11-02,5.84,5.84,3.0,3.0,3,1,4734673,1,WA,other,1,0,0,0,0,1.0,1,918,2132,2132,Business,Medium
California,33.672219,-117.862486,Irvine,SRCH2,operating,2010-01-01,2012-02-15,2013-04-24,2.12,3.31,2.67,3.39,1,2,370000,2,CA,analytics,1,1,0,0,0,9.0,1,919,775,1209,Software,Low
California,33.9908817,-118.4767754,Venice,Lettuce,operating,2012-01-01,2012-10-16,2012-10-16,0.79,0.79,0.79,0.79,5,1,2100000,2,CA,web,0,0,0,0,0,6.0,1,920,289,289,Software,Medium
California,37.628521,-122.422972,San Bruno,Bright Pattern,closed,2010-01-01,2010-10-01,2012-10-01,0.75,2.75,2.58,2.58,5,2,3500000,1,CA,enterprise,0,0,0,0,0,1.0,0,921,273,1004,Software,Medium
Washington,47.400902,-121.490494,Seattle,ActiveRain,operating,2006-06-01,2008-01-21,2008-01-21,1.64,1.64,4.84,5.34,3,1,2750000,2,WA,web,1,0,0,0,0,1.0,0,922,599,599,Software,Medium
Utah,40.8458036,-111.9343636,Salt Lake City,Amiigo,closed,2011-11-15,2013-01-16,2013-09-16,1.17,1.84,1.22,1.22,0,2,500000,1,UT,hardware,1,0,0,0,0,1.0,0,923,428,671,Hardware,Low
Missouri,38.456085,-92.288368,Kansas City,Neighbor.ly,closed,2012-07-01,2013-06-18,2013-06-18,0.96,0.96,0.01,0.01,1,1,175000,1,MO,finance,0,0,0,0,0,1.0,0,924,352,352,Service,Low
California,36.116203,-119.681564,Santa Monica,Pixalate,operating,2012-04-05,2013-12-10,2013-12-10,1.68,1.68,0.24,0.24,5,1,4600000,1,CA,advertising,0,0,1,0,0,1.0,1,925,614,614,Service,Medium
California,37.7749295,-122.4194155,San Francisco,Splice Machine,closed,2012-01-01,2012-10-17,2012-10-17,0.79,0.79,0.0,0.81,6,1,4000000,2,CA,analytics,0,0,1,0,0,1.0,1,926,290,290,Software,Medium
California,36.116203,-119.681564,San Francisco,MeetCute,operating,2012-04-01,2012-04-01,2012-04-01,0.0,0.0,0.1,0.1,2,1,25000,1,CA,social,0,1,0,0,0,1.0,0,927,0,0,Software,Low
California,36.116203,-119.681564,Los Angeles,Ad Hoc Labs,closed,2012-08-01,2012-10-18,2013-10-21,0.21,1.22,1.15,1.15,4,2,2000000,1,CA,mobile,0,1,1,0,0,6.5,1,928,78,446,software,Low
Massachusetts,42.3625828,-71.0853501,Cambridge,Geckocap,operating,2012-01-01,2012-09-12,2012-09-12,0.7,0.7,0.42,0.42,3,1,50000,1,MA,health,0,1,0,0,0,1.0,0,929,255,255,Service,Low
New York,42.165726,-74.948051,New York,AJ Consulting,operating,2010-01-01,2010-01-01,2010-01-01,0.0,0.0,-0.2,-0.2,2,1,100000,1,NY,consulting,0,1,0,0,0,1.0,0,930,0,0,Business,Low
California,37.424614,-122.145153,Palo Alto,Check,operating,2007-05-01,2008-01-01,2013-09-04,0.67,6.35,5.01,6.35,13,4,47000000,3,CA,mobile,1,0,1,0,1,2.0,1,931,245,2318,software,High
California,36.116203,-119.681564,Los Angeles,Socialtyze,operating,2007-01-01,2010-01-01,2010-01-01,3.0,3.0,5.5,5.5,3,1,1500000,1,CA,analytics,0,0,1,0,0,1.0,0,932,1096,1096,Software,Low
California,37.792085,-122.399368,San Francisco,Limos.com,operating,2007-08-01,2008-11-01,2011-03-29,1.25,3.66,4.55,4.81,11,2,15000000,3,CA,automotive,0,0,1,0,0,1.0,1,933,458,1336,Service,High
Georgia,33.040619,-83.643074,Atlanta,SalesFUSION,operating,2007-01-01,2013-03-07,2013-09-04,6.18,6.68,6.68,6.68,4,2,1800000,1,GA,software,0,0,1,1,0,1.0,0,934,2257,2438,Software,Low
Arkansas,36.066241,-94.166813,Fayetteville,StackSearch,closed,2012-05-01,2012-08-01,2013-08-30,0.25,1.33,1.38,1.48,6,3,428000,2,AR,search,0,1,0,0,0,1.0,0,935,92,486,Software,Low
California,37.4308789,-122.1012077,Palo Alto,Ravello Systems,operating,2011-01-01,2013-02-04,2013-04-01,2.1,2.25,1.0,2.62,6,2,37499900,2,CA,enterprise,1,0,0,0,0,3.0,1,936,765,821,Software,High
California,37.3823145,-121.9763997,Santa Clara,Mobiplex,operating,2010-11-01,2012-10-30,2013-01-09,2.0,2.19,0.0,0.0,2,2,4400000,1,CA,mobile,1,0,1,0,0,1.0,0,937,729,800,software,Medium
California,37.7897319,-122.4010798,San Francisco,Rewarder,operating,2012-10-24,2012-08-01,2012-08-01,-0.23,-0.23,0.27,0.27,9,1,7000000,1,CA,social,0,0,1,0,0,7.0,1,938,-84,-84,Software,Medium
Illinois,40.349457,-88.986137,CHICAGO,Yapmo,closed,2011-01-01,2011-10-15,2011-10-15,0.79,0.79,2.58,2.58,9,1,3500000,1,IL,enterprise,0,0,0,0,0,1.0,0,939,287,287,Software,Medium
New York,42.165726,-74.948051,New York,"Dash Labs, Inc.",operating,2012-06-01,2013-12-06,2013-12-06,1.52,1.52,0.83,1.42,7,1,800000,2,NY,mobile,0,1,0,0,0,1.0,1,940,553,553,software,Low
California,36.116203,-119.681564,Berkeley,SkimaTalk,closed,2012-01-01,2012-10-24,2012-10-24,0.81,0.81,0.0,0.0,1,1,100000,1,CA,education,1,0,0,0,0,1.0,0,941,297,297,Service,Low
New York,40.7144907,-74.0072659,new york,Dokkankom,operating,2011-10-20,2011-10-10,2011-10-10,-0.03,-0.03,0.0,0.0,2,1,30000,1,NY,ecommerce,0,1,0,0,0,2.0,0,942,-10,-10,Software,Low
New York,39.1108737,-84.5157004,New York,Learnmetrics,operating,2012-06-01,2013-02-13,2013-02-13,0.7,0.7,0.0,0.52,2,1,100000,2,NY,education,0,1,0,0,0,3.0,0,943,257,257,Service,Low
California,34.0761575,-118.3751277,West Hollywood,NuORDER,closed,2011-08-01,2012-10-01,2012-10-01,1.17,1.17,1.0,1.3,7,1,3060000,2,CA,fashion,0,0,1,0,0,8.0,1,944,427,427,Business,Medium
Michigan,42.3360756,-83.0492923,Detroit,LevelEleven,operating,2012-10-01,2012-10-30,2013-09-01,0.08,0.92,0.06,0.94,4,3,3500000,2,MI,enterprise,1,1,0,0,0,4.33,1,945,29,335,Software,Medium
New York,40.7504919,-73.9808848,New York,ExecOnline,closed,2012-04-01,2012-10-01,2013-07-10,0.5,1.27,0.5,0.57,3,2,2016100,2,NY,education,0,1,0,0,0,1.0,0,946,183,465,Service,Low
California,34.102037,-118.344379,Los Angeles,FD9 Group,closed,2012-10-01,2012-09-24,2012-09-24,-0.02,-0.02,0.0,0.0,2,1,1808240,1,CA,fashion,0,0,0,0,0,1.0,0,947,-7,-7,Business,Low
Washington,47.5764769,-122.330484,Seattle,Bizible,operating,2011-02-01,2011-09-01,2012-11-26,0.58,1.82,0.0,0.0,2,3,2048000,1,WA,advertising,0,1,1,0,0,2.0,1,948,212,664,Service,Medium
Washington,47.6243978,-122.3400663,Seattle,Maptia,closed,2012-01-01,2012-08-01,2012-08-01,0.58,0.58,0.25,0.25,4,2,100000,1,WA,web,0,1,0,0,0,1.0,1,949,213,213,Software,Low
Nevada,36.1697096,-115.1236952,Las Vegas,Rolltech,closed,2011-05-11,2012-10-23,2012-10-23,1.45,1.45,-0.03,2.33,1,1,290000,2,NV,mobile,0,1,0,0,0,2.0,0,950,531,531,software,Low
New York,40.740512,-73.987794,New York,Comixology,operating,2007-03-01,2010-02-23,2013-07-01,2.99,6.34,0.84,6.12,13,5,3471222,2,NY,games_video,1,1,0,0,0,1.0,1,951,1090,2314,Software,Medium
California,37.7911148,-122.3954751,San Francisco,nWay,operating,2011-01-01,2012-10-01,2013-12-10,1.75,2.94,1.0,2.94,5,2,9000000,2,CA,games_video,0,0,1,0,0,6.5,1,952,639,1074,Software,Medium
California,37.308591,-122.031476,San Jose,"Splashtop, Inc",operating,2006-01-01,2006-08-01,2010-06-02,0.58,4.42,0.41,4.81,12,4,45500000,3,CA,software,1,0,1,1,1,6.0,1,953,212,1613,Software,High
California,37.7970229,-122.4053376,San Francisco,DJZ,closed,2012-06-01,2012-09-01,2013-02-01,0.25,0.67,0.42,0.59,18,2,3000000,3,CA,music,0,1,0,0,0,8.0,1,954,92,245,Service,Medium
California,37.7890183,-122.3915063,San Francisco,Leanplum,operating,2012-01-01,2012-08-01,2013-02-13,0.58,1.12,1.12,1.12,3,2,825000,1,CA,mobile,0,1,0,0,0,2.5,1,955,213,409,software,Low
California,37.7749295,-122.4194155,San Francisco,ToyTalk,operating,2011-01-01,2011-10-21,2012-11-09,0.8,1.86,0.0,2.93,7,2,14999997,2,CA,games_video,0,0,1,0,0,5.0,1,956,293,678,Software,High
New York,40.7389343,-73.9896316,New York,OrderGroove,operating,2008-03-01,2012-11-06,2012-11-06,4.69,4.69,4.68,5.42,11,1,7000000,3,NY,ecommerce,1,0,0,0,0,7.0,1,957,1711,1711,Software,Medium
Washington,47.6554223,-122.191722,Kirkland,Fanzo,closed,2012-01-01,2013-04-02,2013-04-02,1.25,1.25,0.0,0.0,2,1,125000,1,WA,mobile,0,0,0,0,0,1.0,1,958,457,457,software,Low
Massachusetts,42.3043135,-71.2175836,Needham,Extreme Reach,operating,2007-01-01,2009-01-23,2013-05-10,2.06,6.36,2.16,6.62,8,5,70600000,2,MA,advertising,0,0,1,1,0,2.0,1,959,753,2321,Service,High
California,34.1448543,-118.7864316,Agoura Hills,Touch Commerce,operating,2009-01-01,2006-12-18,2010-03-08,-2.04,1.18,3.58,4.66,12,4,22753162,2,CA,analytics,1,0,0,0,1,3.67,1,960,-745,431,Software,High
California,34.1012181,-118.325739,Los Angeles,Plug.dj,closed,2012-02-01,2013-12-06,2013-12-06,1.85,1.85,1.55,1.86,7,1,1250000,2,CA,web,0,1,0,0,0,1.0,1,961,674,674,Software,Low
California,37.4189664,-122.0954391,Mountain View,Instart Logic,operating,2010-11-01,2013-04-18,2013-04-18,2.46,2.46,2.17,2.63,12,1,17000000,2,CA,web,0,0,0,1,0,4.0,1,962,899,899,Software,High
Massachusetts,37.4777028,-121.9250553,Boston,NEXAGE,operating,2006-01-01,2008-02-05,2012-06-06,2.1,6.43,2.68,7.71,25,3,19500000,3,MA,mobile,0,1,1,1,0,3.0,1,963,765,2348,software,High
California,36.116203,-119.681564,Los Altos,CloudVolumes.com,operating,2011-01-01,2012-11-07,2012-11-07,1.85,1.85,0.0,2.33,3,1,2300000,2,CA,enterprise,0,0,0,0,0,4.0,0,964,676,676,Software,Medium
New York,40.7208859,-73.9935778,New York,Qloo,closed,2011-04-01,2013-03-18,2013-11-14,1.96,2.62,1.0,2.62,7,2,3000000,2,NY,web,0,1,0,0,0,3.0,0,966,717,958,Software,Medium
California,37.7813581,-122.3913859,San Francisco,TareasPlus,closed,2012-09-01,2012-11-09,2012-11-09,0.19,0.19,0.0,0.66,2,1,850000,2,CA,education,0,1,0,0,0,1.0,0,967,69,69,Service,Low
California,37.781863,-122.393897,San Francisco,Engine Yard,operating,2006-01-01,2008-01-01,2009-10-07,2.0,3.77,5.33,7.73,28,3,37500000,3,CA,software,0,0,1,1,1,3.33,1,968,730,1375,Software,High
Illinois,40.349457,-88.986137,Chicago,TEAM INTERVAL,closed,2012-05-23,2012-05-23,2012-05-23,0.0,0.0,0.47,0.47,1,1,210000,1,IL,sports,0,1,0,0,0,4.0,0,969,0,0,Service,Low
California,36.116203,-119.681564,San Francisco,mxHero,operating,2010-01-01,2012-06-04,2013-07-19,2.42,3.55,3.55,3.55,3,2,1275000,1,CA,software,0,1,0,0,0,3.5,1,971,885,1295,Software,Low
California,37.838818,-122.301564,Emeryville,TranscribeMe,closed,2011-09-01,2012-05-15,2012-11-05,0.7,1.18,1.34,1.34,9,2,1350000,1,CA,software,0,1,0,0,0,8.0,1,972,257,431,Software,Low
California,36.116203,-119.681564,San Francisco,Playnomics,closed,2009-01-01,2009-12-16,2013-02-20,0.96,4.14,4.0,4.66,4,3,6000000,3,CA,mobile,1,0,1,1,0,3.67,1,974,349,1511,software,Medium
Massachusetts,42.462373,-71.387308,Concord,SpaceClaim,operating,2005-09-01,2005-10-14,2012-02-09,0.12,6.44,1.33,1.33,18,5,37000000,1,MA,software,0,0,1,1,1,3.75,1,975,43,2352,Software,High
Tennessee,36.158887,-86.782056,Brentwood,Change Healthcare,operating,2007-01-01,2007-09-01,2013-08-13,0.67,6.62,2.67,5.0,18,3,25300000,3,TN,health,0,0,1,0,1,4.33,1,976,243,2416,Service,High
Texas,30.267859,-97.7410079,Austin,OutboundEngine,closed,2012-09-01,2012-11-14,2012-11-14,0.2,0.2,0.0,0.0,10,1,3000000,1,TX,software,0,0,1,0,0,4.0,1,977,74,74,Software,Medium
Massachusetts,42.230171,-71.530106,Cambridge,Cignifi,operating,2010-01-01,2012-11-15,2013-08-12,2.87,3.61,1.0,1.0,16,2,150000,1,MA,finance,0,0,1,0,0,1.0,1,978,1049,1319,Service,Low
California,37.5529479,-122.2906215,San Mateo,InboundWriter,operating,2011-05-17,2012-11-16,2012-11-16,1.5,1.5,-1.37,-1.37,10,1,2500000,1,CA,enterprise,1,0,0,0,0,5.0,1,979,549,549,Software,Medium
California,38.4404674,-122.7144314,Santa Rosa,CUneXus Solutions,closed,2008-06-19,2007-06-01,2013-06-10,-1.05,4.98,-0.05,5.46,3,6,670000,2,CA,software,0,1,0,0,0,1.0,0,980,-384,1817,Software,Low
Oregon,45.5264459,-122.682447,Portland,Wikisway,operating,2011-07-01,2012-09-10,2012-09-10,1.2,1.2,1.59,1.59,6,1,140000,1,OR,software,0,1,0,0,0,1.0,0,981,437,437,Software,Low
California,37.4085499,-122.072309,Mountain View,SavedPlus Inc,operating,2012-10-29,2013-07-01,2013-07-01,0.67,0.67,-0.74,-0.74,4,1,250000,1,CA,mobile,0,1,0,0,0,1.0,0,982,245,245,software,Low
California,33.658924,-118.000618,Huntington Beach,MailPix,closed,2012-02-01,2013-01-25,2013-01-25,0.98,0.98,1.44,1.86,13,1,500000,2,CA,photo_video,0,1,0,0,0,1.0,0,983,359,359,Software,Low
Ohio,39.9978746,-83.0421228,Columbus,Acclaimd,closed,2012-02-01,2012-06-01,2012-08-07,0.33,0.52,0.0,0.0,2,2,90000,1,OH,analytics,0,1,0,0,0,2.0,0,984,121,188,Software,Low
California,37.553121,-122.301534,Redwood City,LucidWorks,operating,2007-01-01,2009-01-27,2013-05-13,2.07,6.37,5.78,6.01,14,5,31999999,2,CA,analytics,0,0,1,1,1,2.4,1,986,757,2324,Software,High
California,37.317735,-121.949417,San Jose,Talari Networks,operating,2009-01-01,2008-01-01,2013-11-26,-1.0,4.9,4.0,4.0,13,6,45100000,1,CA,enterprise,0,0,1,1,1,2.4,1,987,-366,1790,Software,High
California,37.3957849,-121.985286,Santa Clara,Crossbar,operating,2008-01-01,2012-11-21,2012-11-21,4.89,4.89,4.89,5.6,14,1,20587000,3,CA,hardware,0,0,0,0,0,1.0,1,988,1786,1786,Hardware,High
Washington,47.6162747,-122.3205492,Seattle,Tred,operating,2012-01-01,2011-08-01,2013-01-15,-0.42,1.04,1.09,1.47,3,3,1800000,2,WA,automotive,0,1,0,0,0,4.0,1,989,-153,380,Service,Low
California,37.7934643,-122.3979712,San Francisco,CodeGlide,operating,2007-05-01,2007-05-01,2007-05-01,0.0,0.0,3.68,4.24,3,1,500000,2,CA,software,0,1,0,0,0,1.0,0,990,0,0,Software,Low
Washington,47.6011125,-122.3293984,Seattle,Corensic,closed,2008-01-01,2009-01-21,2011-01-13,1.06,3.04,2.61,2.64,6,2,6000000,2,WA,software,0,0,1,0,0,3.0,1,991,386,1108,Software,Medium
Colorado,39.9654811,-105.1215632,Louisville,P2Binvestor,operating,2012-02-01,2012-08-25,2013-08-23,0.56,1.56,0.0,0.0,2,2,1400000,1,CO,finance,0,1,1,0,0,2.0,0,992,206,569,Service,Low
Rhode Island,41.818712,-71.411775,Providence,Rootless,closed,2011-01-01,2013-01-01,2013-01-01,2.0,2.0,0.25,0.25,2,1,50000,1,RI,software,0,1,0,0,0,1.0,1,993,731,731,Software,Low
Rhode Island,41.816736,-71.4091563,Providence,121nexus,operating,2011-10-07,2012-02-06,2013-11-21,0.33,2.13,0.0,0.56,2,5,764000,2,RI,software,0,1,0,0,0,1.2,1,994,122,776,Software,Low
California,37.3905676,-122.0813146,Mountain View,everbill,closed,2012-09-01,2012-09-01,2012-09-01,0.0,0.0,0.0,0.0,4,1,50000,1,CA,software,0,1,0,0,0,1.0,1,995,0,0,Software,Low
California,38.2743225,-122.6670066,Petaluma,Cyan,operating,2006-01-01,2007-05-03,2009-12-30,1.33,4.0,4.7,6.33,12,2,30750000,2,CA,software,0,0,1,0,0,3.5,1,996,487,1459,Software,High
Michigan,42.541186,-83.143821,Troy,AutoBike,operating,2011-01-01,2012-04-01,2013-11-01,1.25,2.84,0.0,0.0,2,6,573000,1,MI,automotive,0,1,0,0,0,1.0,1,997,456,1035,Service,Low
Massachusetts,42.4352222,-71.2344601,Lexington,Ginger Software,operating,2007-01-01,2012-02-28,2012-08-22,5.16,5.64,5.0,6.71,9,2,11700000,3,MA,software,1,0,0,0,0,1.5,0,998,1884,2060,Software,High
California,36.116203,-119.681564,Los Angeles,Yekra,closed,2011-10-01,2013-05-09,2013-05-09,1.61,1.61,1.92,1.92,6,1,3000000,1,CA,games_video,0,0,1,0,0,4.0,0,999,586,586,Software,Medium
California,32.874076,-117.211074,San Diego,iRates,operating,2011-11-01,2011-12-15,2011-12-15,0.12,0.12,0.0,0.0,1,1,100000,1,CA,software,0,1,0,0,0,1.0,0,1000,44,44,Software,Low
California,34.146503,-118.613385,Los Angeles,TechForward,operating,2005-08-15,2007-04-26,2011-02-07,1.7,5.48,3.38,7.31,3,5,7760000,2,CA,hardware,0,0,1,1,0,1.75,1,1001,619,2002,Hardware,Medium
Utah,40.150032,-111.862434,Park City,iSchool Campus,closed,2010-01-01,2012-11-28,2012-11-28,2.91,2.91,1.0,1.0,10,1,2000000,1,UT,education,1,0,0,0,0,1.0,0,1002,1062,1062,Service,Low
New York,40.7444796,-73.9875513,New York,Klooff,operating,2012-07-01,2012-09-17,2013-04-02,0.21,0.75,0.87,0.92,5,2,383000,2,NY,news,0,1,0,0,0,1.0,1,1003,78,275,Service,Low
Pennsylvania,40.590752,-77.209755,Philadelphia,Cloudamize,operating,2012-01-01,2013-09-11,2013-09-11,1.7,1.7,1.16,1.16,3,1,1200000,1,PA,network_hosting,0,1,0,0,0,2.0,0,1004,619,619,Software,Low
California,37.7693868,-122.4081812,San Francisco,Hired,operating,2012-05-01,2013-01-01,2013-01-01,0.67,0.67,1.0,2.38,6,1,2700000,3,CA,web,0,0,1,0,0,7.0,1,1005,245,245,Software,Medium
New York,40.6902971,-73.9918576,Brooklyn,CommonBond,operating,2011-11-01,2012-11-29,2013-09-04,1.08,1.84,0.0,1.84,6,2,103500000,3,NY,finance,1,0,0,0,0,7.0,1,1006,394,673,Service,High
Washington,47.400902,-121.490494,Seattle,CENTRI Technology,operating,2009-01-01,2011-10-18,2013-10-31,2.79,4.83,4.41,4.41,6,4,20169205,1,WA,network_hosting,0,1,1,1,1,1.0,1,1007,1020,1764,Software,High
Massachusetts,42.354257,-71.056605,Boston,WordStream,operating,2007-11-01,2009-01-28,2013-09-30,1.24,5.92,2.52,5.81,14,4,16315000,3,MA,advertising,0,0,1,1,1,1.67,1,1008,454,2160,Service,High
New York,40.7028799,-73.9906551,Brooklyn,CropUp,closed,2012-04-17,2012-04-01,2012-04-01,-0.04,-0.04,0.63,0.63,4,1,1000000,1,NY,social,0,1,0,0,0,1.0,0,1009,-16,-16,Software,Low
Georgia,34.0895056,-84.2707694,Alpharetta,Freebeepay,operating,2010-12-02,2012-11-26,2012-11-26,1.99,1.99,0.08,0.08,2,1,3000000,1,GA,mobile,0,0,0,0,0,1.0,0,1012,725,725,software,Medium
California,36.116203,-119.681564,Santa Clara,Green Throttle Games,closed,2012-02-01,2012-08-01,2012-08-01,0.5,0.5,0.33,1.77,1,1,6000000,3,CA,games_video,0,0,1,0,0,2.0,1,1013,182,182,Software,Medium
California,37.7836596,-122.3962463,San Francisco,Ribbon,operating,2012-07-01,2011-09-01,2013-02-05,-0.83,0.6,0.42,1.39,6,2,1750000,2,CA,ecommerce,0,1,0,0,0,4.5,1,1014,-304,219,Software,Low
Utah,40.150032,-111.862434,Draper,SpinGo,operating,2012-01-07,2012-01-25,2013-06-04,0.05,1.41,1.23,1.82,6,3,3500000,2,UT,search,0,1,0,0,0,2.33,0,1015,18,514,Software,Medium
Massachusetts,42.230171,-71.530106,Boston,RallyPoint.com,closed,2012-04-01,2012-04-01,2013-11-04,0.0,1.59,1.58,1.58,5,3,6550000,1,MA,social,0,1,1,0,0,1.0,0,1016,0,582,Software,Medium
Washington DC,38.9047366,-77.0344213,Washington,TrendPo,operating,2012-05-01,2013-05-01,2013-05-01,1.0,1.0,0.0,0.0,2,1,50000,1,DC,analytics,0,1,0,0,0,1.0,0,1017,365,365,Software,Low
Tennessee,35.747845,-86.692345,Mempis,"Restore Medical Solutions, Inc.",operating,2012-05-19,2012-12-04,2012-12-04,0.55,0.55,0.5,1.32,3,1,2550000,2,TN,medical,0,0,1,0,0,2.0,0,1018,199,199,Service,Medium
California,36.116203,-119.681564,San Francisco,SquareOne Mail,operating,2012-01-01,2013-08-05,2013-08-05,1.59,1.59,0.92,0.92,5,1,150000,1,CA,software,1,0,0,0,0,1.0,0,1019,582,582,Software,Low
Florida,27.766279,-81.686783,Boca Raton,Modernizing Medicine,operating,2010-02-01,2010-01-21,2013-08-20,-0.03,3.55,-0.08,3.82,4,5,40165995,2,FL,software,1,0,0,0,1,1.5,1,1020,-11,1296,Software,High
Ohio,40.388783,-82.764915,Kettering,Marxent Labs,operating,2011-06-01,2011-06-29,2013-03-02,0.08,1.75,0.08,0.08,5,4,2200000,1,OH,software,1,1,0,0,0,2.33,1,1021,28,640,Software,Medium
Massachusetts,42.3655855,-71.0782272,Cambridge,Moderna Therapeutics,operating,2010-01-01,2012-12-06,2013-11-20,2.93,3.89,3.5,3.5,16,3,174600000,1,MA,biotech,1,0,0,0,0,1.0,1,1022,1070,1419,software,High
Washington,47.6015945,-122.3342447,Seattle,Chef,operating,2008-09-12,2009-04-24,2013-12-09,0.61,5.24,5.24,5.24,26,4,65000000,2,WA,software,0,0,1,1,1,3.5,1,1023,224,1914,Software,High
Massachusetts,42.230171,-71.530106,Foxboro,Quick Hit,operating,2008-04-01,2008-04-24,2011-04-13,0.06,3.03,0.33,2.55,2,5,18950000,3,MA,sports,1,0,1,1,0,1.67,1,1025,23,1107,Service,High
California,36.116203,-119.681564,Bangalore,Appnomic Systems,operating,2006-01-01,2009-01-28,2012-09-17,3.08,6.72,7.01,7.07,10,3,11700000,2,CA,software,0,0,1,1,1,1.0,1,1026,1123,2451,Software,High
California,36.116203,-119.681564,San Francisco,Adinch Inc,operating,2012-06-05,2013-02-26,2013-02-26,0.73,0.73,0.0,0.81,2,1,1000000,2,CA,advertising,1,0,0,0,0,1.0,0,1027,266,266,Service,Low
California,34.047312,-118.445243,Los Angeles,RazorGator,operating,2011-01-01,2005-03-01,2009-03-10,-5.84,-1.81,-0.95,-0.95,12,3,58800000,1,CA,ecommerce,0,0,1,1,0,2.67,1,1028,-2132,-662,Software,High
Washington,47.400902,-121.490494,Seattle,SNUPI Technologies,closed,2012-05-15,2012-12-06,2012-12-06,0.56,0.56,0.0,0.0,5,1,1700000,1,WA,mobile,0,0,1,0,0,2.0,1,1029,205,205,software,Low
California,37.437328,-122.159928,Palo Alto,Terabitz,operating,2006-07-01,2007-02-01,2007-02-01,0.59,0.59,1.24,1.24,9,1,10000000,1,CA,web,0,0,1,0,0,1.0,0,1030,215,215,Software,Medium
New York,42.165726,-74.948051,New York,HelloFresh,operating,2012-01-01,2012-12-12,2013-09-30,0.95,1.75,1.94,1.94,1,2,17500000,1,NY,hospitality,0,0,0,1,1,3.5,0,1031,346,638,Service,High
New York,40.756054,-73.986951,New York,The Talk Market,operating,2007-01-01,2008-06-12,2013-04-25,1.45,6.32,0.33,4.33,2,3,2497633,4,NY,ecommerce,1,1,0,0,0,1.0,0,1032,528,2306,Software,Medium
California,37.7618242,-122.3985871,San Francisco,Coinbase,operating,2012-06-01,2012-09-12,2013-12-12,0.28,1.53,0.54,1.53,2,4,31875590,2,CA,ecommerce,1,1,1,1,0,4.67,1,1033,103,559,Software,High
California,36.116203,-119.681564,Santa Clara,CloudVelocity,operating,2010-12-01,2012-12-13,2013-07-16,2.04,2.62,1.85,2.73,5,2,18000000,2,CA,enterprise,0,0,1,1,0,2.0,1,1034,743,958,Software,High
California,36.116203,-119.681564,San Mateo,Tylr Mobile,operating,2012-11-01,2013-11-04,2013-11-04,1.01,1.01,0.0,0.45,4,1,1500000,2,CA,mobile,0,0,0,0,0,4.0,0,1035,368,368,software,Low
California,36.116203,-119.681564,"Palo Alto,",Shopular,operating,2012-05-01,2013-09-26,2013-09-26,1.41,1.41,-0.33,-0.33,2,1,6400000,1,CA,ecommerce,0,0,1,0,0,2.0,1,1036,513,513,Software,Medium
Oregon,44.572021,-122.070938,Portland,MobileRQ,operating,2012-05-11,2012-11-21,2013-09-11,0.53,1.34,-0.11,-0.11,4,2,1650000,1,OR,mobile,1,1,0,0,0,1.0,0,1037,194,488,software,Low
Hawaii,21.094318,-157.498337,Kapolei,Tealet,closed,2012-04-28,2013-03-12,2013-03-12,0.87,0.87,0.91,0.91,5,1,20000,1,HI,ecommerce,0,1,0,0,0,1.0,0,1038,318,318,Software,Low
Virginia,37.769337,-78.169968,McLean,Exelis,closed,2011-01-01,2013-08-18,2013-08-18,2.63,2.63,2.7,2.7,7,1,2000000,1,VA,software,0,0,0,0,0,1.0,0,1039,960,960,Software,Low
New York,40.7394115,-73.9895748,New York,MarcoPolo Learning,operating,2012-09-01,2013-05-31,2013-05-31,0.75,0.75,0.66,0.66,6,1,1000000,1,NY,education,0,1,0,0,0,1.0,0,1040,272,272,Service,Low
New York,42.165726,-74.948051,New York,Urban Compass,operating,2012-10-01,2012-12-17,2013-09-25,0.21,0.98,0.27,0.98,5,2,28000000,3,NY,web,0,0,1,0,0,5.0,1,1041,77,359,Software,High
Illinois,41.8832586,-87.6269694,Chicago,Pinpoint MD,operating,2009-01-01,2010-11-02,2012-03-23,1.84,3.22,2.83,2.83,5,3,5997988,1,IL,health,0,0,1,1,0,1.0,1,1042,670,1177,Service,Medium
California,36.116203,-119.681564,Mountain View,Exablox,operating,2010-01-01,2011-11-16,2012-12-18,1.87,2.96,2.0,2.0,3,2,29474999,1,CA,hardware,1,0,0,0,0,3.0,1,1043,684,1082,Hardware,High
California,36.116203,-119.681564,Pleasanton,Rentalroost.com,closed,2012-08-01,2012-11-09,2012-11-09,0.27,0.27,0.42,0.42,3,1,250000,1,CA,real_estate,0,1,0,0,0,3.0,0,1044,100,100,Business,Low
Washington,47.6115873,-122.1961785,Bellevue,Alerts,operating,2007-12-01,2008-07-08,2008-07-08,0.6,0.6,2.25,5.87,4,1,1200000,2,WA,public_relations,0,1,0,0,0,1.0,0,1045,220,220,Service,Low
California,37.555773,-122.27977,San Mateo,Space-Time Insight,operating,2007-01-01,2009-02-02,2013-09-11,2.09,6.7,6.01,6.01,12,3,42000000,1,CA,software,0,0,1,1,1,3.0,1,1046,763,2445,Software,High
California,37.7813581,-122.3913859,San Francisco,FitStar,closed,2012-04-01,2012-12-20,2013-06-20,0.72,1.22,1.0,1.18,3,2,5000000,2,CA,health,0,0,1,0,0,4.0,1,1047,263,445,Service,Medium
California,36.116203,-119.681564,San Francisco,Rabbit,operating,2011-01-01,2013-02-28,2013-02-28,2.16,2.16,0.67,2.16,4,1,3300000,3,CA,games_video,0,0,0,0,0,3.0,1,1048,789,789,Software,Medium
California,36.116203,-119.681564,San Francisco,MetroMile,operating,2011-06-01,2012-12-05,2013-04-30,1.52,1.92,0.0,2.47,5,2,14000000,2,CA,web,0,0,1,1,0,3.5,1,1049,553,699,Software,High
California,36.116203,-119.681564,San Francisco,userfox,closed,2011-06-01,2012-01-01,2012-01-01,0.59,0.59,1.08,1.73,3,1,700000,2,CA,advertising,0,1,0,0,0,3.0,1,1050,214,214,Service,Low
Washington,47.400902,-121.490494,Seattle,Mixpo,operating,2007-01-01,2006-01-01,2009-02-03,-1.0,2.09,2.09,6.76,17,2,10500000,4,WA,advertising,0,0,1,1,0,3.0,1,1051,-365,764,Service,Medium
Colorado,39.059811,-105.311104,Boulder,VictorOps,operating,2012-12-27,2012-12-28,2013-09-26,0.0,0.75,-0.07,0.75,3,3,8107500,2,CO,software,0,0,1,0,0,3.0,1,1052,1,273,Software,Medium
New York,42.165726,-74.948051,New York,BitInstant,closed,2011-01-01,2013-05-18,2013-05-18,2.38,2.38,1.08,1.08,4,1,1500000,1,NY,fashion,0,0,0,0,0,2.0,0,1053,868,868,Business,Low
Missouri,38.456085,-92.288368,Saint Louis,FoodEssentials,operating,2008-01-01,2012-06-01,2013-04-05,4.42,5.26,5.18,5.19,5,4,800000,2,MO,analytics,1,1,0,0,0,1.0,1,1054,1613,1921,Software,Low
Washington,47.620973,-122.347276,Seattle,Bonanza,operating,2008-06-01,2010-04-26,2010-04-26,1.9,1.9,1.96,2.31,6,1,1000000,3,WA,ecommerce,1,0,0,0,0,5.0,1,1055,694,694,Software,Low
California,37.3944561,-122.0785314,San Francisco,Miselu Inc.,closed,2008-04-14,2011-06-01,2011-07-01,3.13,3.21,3.21,4.13,4,2,6000000,2,CA,music,0,1,1,0,0,1.0,0,1056,1143,1173,Service,Medium
Missouri,38.6283027,-90.1906904,St. Louis,Tunespeak,operating,2011-05-01,2012-09-01,2013-07-08,1.34,2.19,2.17,2.17,3,2,550000,1,MO,music,1,1,0,0,0,1.0,1,1057,489,799,Service,Low
Colorado,39.059811,-105.311104,Englewood,Aegis Identity Software,operating,2011-10-01,2011-08-15,2013-04-01,-0.13,1.5,0.0,1.84,2,3,2725000,2,CO,software,1,0,0,0,0,1.0,0,1058,-47,548,Software,Medium
Florida,27.766279,-81.686783,Windermere,Zentila,operating,2011-07-27,2011-01-01,2013-05-22,-0.57,1.82,1.19,1.72,4,2,3600000,2,FL,hospitality,0,0,1,0,0,3.0,0,1059,-207,665,Service,Medium
California,36.116203,-119.681564,San Francisco,Smaato,operating,2005-08-18,2008-01-01,2011-06-01,2.37,5.79,4.99,6.54,15,4,18000000,3,CA,advertising,1,0,1,1,1,1.75,0,1060,866,2113,Service,High
California,37.3842461,-121.9926663,Santa Clara,CliQr Technologies,operating,2010-10-01,2012-07-01,2012-07-01,1.75,1.75,0.0,0.0,3,1,8100000,1,CA,software,1,0,0,0,0,2.0,1,1061,639,639,Software,Medium
California,36.116203,-119.681564,Irvine,Combatant Gentlemen,closed,2012-03-01,2013-06-19,2013-06-19,1.3,1.3,0.59,0.59,3,1,1840000,1,CA,ecommerce,0,0,0,0,0,8.0,1,1062,475,475,Software,Low
Connecticut,41.1390158,-73.3456783,Westport,Lean Launch Ventures,closed,2012-10-01,2012-10-01,2012-10-01,0.0,0.0,0.0,0.27,1,1,200000,2,CT,enterprise,0,0,0,0,0,1.0,1,1063,0,0,Software,Low
North Carolina,35.630066,-79.806419,Durham,Medlio,closed,2013-01-04,2013-06-01,2013-06-01,0.41,0.41,0.0,0.0,3,1,168000,1,NC,hardware,0,1,0,0,0,2.0,0,1064,148,148,Hardware,Low
California,37.3938295,-122.0992586,Mountain View,collegefeed,closed,2013-01-01,2013-08-20,2013-08-20,0.63,0.63,0.21,0.75,2,1,1800000,2,CA,education,1,0,0,0,0,8.0,1,1065,231,231,Service,Low
Georgia,33.040619,-83.643074,Atlanta,BitPay,operating,2011-05-01,2013-01-07,2013-05-16,1.69,2.04,2.38,2.38,2,2,2510000,2,GA,finance,0,1,0,0,0,4.5,1,1066,617,746,Service,Medium
Utah,40.150032,-111.862434,Salt Lake City,Health Catalyst,operating,2008-01-01,2013-01-08,2013-03-01,5.02,5.17,5.15,5.16,6,2,41000000,2,UT,analytics,0,0,0,1,0,2.5,1,1067,1834,1886,Software,High
South Carolina,32.781711,-79.9337297,Charleston,PureCars,operating,2007-01-01,2013-01-08,2013-01-08,6.02,6.02,6.01,6.01,9,2,10000000,1,SC,automotive,1,0,1,0,0,2.0,0,1068,2199,2199,Service,Medium
Texas,31.054487,-97.563461,Austin,Iconixx Software,operating,2010-01-01,2012-12-28,2013-01-08,2.99,3.02,-8.01,-8.01,8,2,9264900,1,TX,software,0,0,0,1,0,1.0,0,1069,1092,1103,Software,Medium
Oregon,45.5251,-122.8097,Portland,Zapproved,operating,2008-02-01,2011-04-04,2011-04-04,3.17,3.17,-0.08,-0.08,12,1,1450000,1,OR,software,0,0,0,1,0,6.0,0,1070,1158,1158,Software,Low
Florida,25.8074135,-80.193339,Miami,BlueKite,operating,2012-01-01,2013-01-09,2013-01-09,1.02,1.02,1.02,1.02,2,1,1500000,1,FL,web,0,0,0,0,0,1.0,0,1071,374,374,Software,Low
Massachusetts,42.230171,-71.530106,Maynard,Kitsy Lane,operating,2012-01-01,2012-03-03,2013-01-09,0.17,1.02,1.02,1.02,0,2,4541900,1,MA,ecommerce,0,1,1,0,0,3.0,1,1072,62,374,Software,Medium
Rhode Island,41.8221971,-71.4098352,Providence,Care Thread,operating,2011-09-01,2013-04-01,2013-04-01,1.58,1.58,0.83,0.83,4,1,525000,1,RI,messaging,0,1,0,0,0,1.0,1,1073,578,578,Software,Low
New York,42.165726,-74.948051,New York,Yushino,operating,2011-03-22,2012-03-01,2013-01-10,0.95,1.81,0.0,0.0,1,2,250000,1,NY,games_video,0,1,0,0,0,1.0,0,1074,345,660,Software,Low
California,37.7849071,-122.4073163,San Francisco,Index,closed,2012-03-01,2013-11-19,2013-11-19,1.72,1.72,1.38,1.38,7,1,7000000,1,CA,enterprise,0,0,1,0,0,4.0,1,1075,628,628,Software,Medium
Illinois,40.349457,-88.986137,Chicago,Peerless Network,operating,2008-01-01,2013-01-11,2013-01-11,5.03,5.03,1.25,1.25,7,1,15000000,1,IL,network_hosting,0,0,0,0,0,1.0,1,1076,1837,1837,Software,High
Rhode Island,41.8159642,-71.4143074,Rhode Island,Recroup,operating,2013-12-10,2013-02-22,2013-02-22,-0.8,-0.8,-0.94,-0.94,3,1,60000,1,RI,enterprise,0,1,0,0,0,1.0,1,1077,-291,-291,Software,Low
California,34.0193878,-118.4945027,Santa Monica,Panjo,operating,2013-01-01,2011-03-03,2013-07-23,-1.84,0.56,0.0,0.91,3,3,1872500,2,CA,ecommerce,1,0,0,0,0,5.0,1,1078,-670,203,Software,Low
California,36.116203,-119.681564,Campbell,"Spikes, Inc.",operating,2012-07-01,2012-12-31,2012-12-31,0.5,0.5,1.33,1.33,6,1,1000000,1,CA,security,0,1,0,0,0,3.0,1,1079,183,183,Service,Low
California,37.7749295,-122.4194155,San Francisco,Bugcrowd,closed,2012-09-01,2012-12-06,2013-09-04,0.26,1.01,0.69,1.0,5,2,1650000,2,CA,security,1,1,0,0,0,3.0,1,1080,96,368,Service,Low
California,37.417264,-122.104449,Palo Alto,Nok Nok Labs,operating,2011-11-01,2013-02-12,2013-06-18,1.28,1.63,1.77,1.77,5,2,19000000,1,CA,security,0,0,1,0,0,2.0,1,1081,469,595,Service,High
California,36.116203,-119.681564,San Francisco,SoThree,closed,2012-09-07,2013-07-11,2013-07-11,0.84,0.84,0.0,0.37,3,1,1000000,2,CA,mobile,0,1,0,0,0,2.0,0,1082,307,307,software,Low
Texas,31.054487,-97.563461,Austin,Handshakez,closed,2012-06-01,2013-03-06,2013-03-06,0.76,0.76,0.5,0.5,4,1,3600000,1,TX,analytics,0,0,1,0,0,6.0,1,1083,278,278,Software,Medium
Texas,29.4286101,-98.4919348,San Antonio,TrueAbility,operating,2012-01-01,2012-11-01,2013-07-29,0.84,1.58,1.0,1.0,11,2,2750000,1,TX,enterprise,0,1,1,0,0,4.0,1,1084,305,575,Software,Medium
New York,41.056318,-73.765957,White Plains,Car Guy Nation,closed,2011-01-01,2011-04-18,2013-01-01,0.29,2.0,2.71,2.71,0,2,1100000,1,NY,ecommerce,0,1,0,0,0,1.0,0,1085,107,731,Software,Low
Texas,30.2686147,-97.7404872,Austin,Postmaster,operating,2012-10-01,2013-01-15,2013-05-21,0.29,0.64,0.0,0.0,2,2,718000,1,TX,software,0,1,0,0,0,2.5,1,1086,106,232,Software,Low
Colorado,39.059811,-105.311104,Denver,Globa.li,operating,2012-01-01,2013-08-20,2013-08-20,1.64,1.64,1.09,1.09,7,1,675000,1,CO,software,0,1,0,0,0,2.0,0,1087,597,597,Software,Low
Connecticut,41.0529585,-73.5387991,Stamford,MediaCrossing Inc.,operating,2012-12-01,2013-01-03,2013-10-27,0.09,0.9,0.9,0.9,4,2,6650000,1,CT,advertising,0,1,1,0,0,1.0,1,1088,33,330,Service,Medium
California,36.116203,-119.681564,Santa Clara,MobileSpan,operating,2011-01-01,2013-01-17,2013-01-22,2.05,2.06,0.0,0.0,1,2,4565448,1,CA,enterprise,1,0,0,0,0,1.0,1,1089,747,752,Software,Medium
New York,40.7039647,-73.9866913,Brooklyn,Echolocation,operating,2011-01-01,2013-01-08,2013-01-08,2.02,2.02,0.67,0.67,3,1,200000,1,NY,mobile,0,1,0,0,0,4.0,0,1090,738,738,software,Low
California,37.400465,-122.073003,San Mateo,Plastic Jungle,operating,2006-11-01,2009-01-01,2012-01-18,2.17,5.22,3.42,5.22,5,4,23400000,2,CA,ecommerce,1,0,1,1,1,3.75,1,1091,792,1904,Software,High
California,37.428434,-122.0723816,Mountain View,Lyatiss,operating,2010-06-01,2012-05-01,2012-05-10,1.92,1.94,2.59,3.07,5,2,3320000,2,CA,software,1,0,1,0,0,1.0,1,1092,700,709,Software,Medium
New York,40.7143528,-74.0059731,New York,basno,operating,2010-01-01,2013-07-02,2013-07-02,3.5,3.5,3.5,3.5,3,1,1000000,1,NY,web,0,0,1,0,0,5.0,1,1093,1278,1278,Software,Low
Texas,30.408322,-97.748077,Austin,7 Billion People,operating,2006-01-01,2009-02-09,2012-07-13,3.11,6.53,1.0,4.47,2,3,6528902,4,TX,software,1,0,0,0,0,1.0,0,1094,1135,2385,Software,Medium
Wisconsin,43.070715,-89.383068,Madison,EatStreet,operating,2010-01-01,2013-02-26,2013-02-26,3.16,3.16,3.0,3.16,9,1,2000000,2,WI,hospitality,0,0,1,0,0,3.0,1,1095,1152,1152,Service,Low
Texas,31.054487,-97.563461,"Austin,",Admittance Technologies,operating,2010-01-01,2013-01-19,2013-01-19,3.05,3.05,3.09,3.09,3,1,1990000,1,TX,medical,1,0,0,0,0,1.0,0,1096,1114,1114,Service,Low
California,36.116203,-119.681564,San Francisco,Povio,closed,2012-10-01,2012-10-01,2012-10-01,0.0,0.0,0.0,0.0,2,1,75000,1,CA,mobile,0,1,0,0,0,1.0,0,1097,0,0,software,Low
California,36.116203,-119.681564,San Francisco,FORVM,operating,2012-05-11,2012-07-01,2013-06-01,0.14,1.06,1.06,1.06,5,2,642000,1,CA,web,0,1,0,0,0,2.0,0,1098,51,386,Software,Low
New York,40.7759258,-73.4205982,Melville,eGifter,operating,2011-01-01,2013-11-24,2013-12-11,2.9,2.95,2.25,2.25,6,2,2150501,1,NY,ecommerce,1,0,0,0,0,3.5,0,1099,1058,1075,Software,Medium
New York,42.165726,-74.948051,New York,The Muse,operating,2011-01-01,2013-01-22,2013-01-22,2.06,2.06,0.5,2.48,4,1,1200000,2,NY,web,0,1,0,0,0,8.0,1,1100,752,752,Software,Low
California,36.116203,-119.681564,Menlo Park,Ceterix Orthopaedics,operating,2010-01-01,2013-01-23,2013-01-23,3.06,3.06,2.67,2.67,10,1,19500000,1,CA,biotech,0,0,0,1,0,3.0,1,1101,1118,1118,software,High
California,36.116203,-119.681564,San Diego,3D Robotics,operating,2009-01-01,2012-11-05,2013-09-12,3.85,4.7,3.84,4.93,3,2,35000000,2,CA,manufacturing,0,0,1,1,0,4.0,1,1102,1404,1715,Manufacturing,High
California,36.116203,-119.681564,San Francisco,Credit Karma,operating,2007-05-01,2008-10-15,2013-04-02,1.46,5.93,-0.17,5.93,1,3,33000000,2,CA,finance,0,1,1,1,0,4.0,1,1103,533,2163,Service,High
New York,42.165726,-74.948051,New York,Enigma Technologies,closed,2011-01-01,2012-04-17,2013-02-27,1.29,2.16,0.83,0.83,4,2,1915000,1,NY,analytics,1,1,0,0,0,5.0,1,1104,472,788,Software,Low
New York,42.165726,-74.948051,New York,Nomi,operating,2012-09-01,2013-02-11,2013-10-16,0.45,1.12,0.42,1.12,8,2,13000000,2,NY,software,0,0,1,0,0,6.5,1,1105,163,410,Software,High
New York,42.165726,-74.948051,New York,Placemeter,operating,2012-03-01,2012-07-01,2013-04-02,0.33,1.09,1.0,1.32,5,2,143000,2,NY,analytics,0,1,0,0,0,1.0,1,1106,122,397,Software,Low
California,37.7465468,-122.4150637,San Francisco,shoto,operating,2012-11-03,2013-01-10,2013-01-10,0.19,0.19,0.36,0.36,8,1,250000,1,CA,photo_video,0,1,0,0,0,3.0,0,1107,68,68,Software,Low
Colorado,39.059811,-105.311104,Greenwood Village,Recondo,operating,2007-01-01,2013-01-24,2013-01-24,6.07,6.07,4.0,4.0,10,1,20000000,1,CO,enterprise,0,0,0,0,0,1.0,0,1108,2215,2215,Software,High
Washington,47.400902,-121.490494,Seattle,Exo Labs,operating,2011-12-19,2012-12-18,2013-07-17,1.0,1.58,-0.47,-0.47,2,2,1890000,1,WA,mobile,0,1,1,0,0,1.0,1,1109,365,576,software,Low
California,36.116203,-119.681564,Irvine,Auction.com,operating,2007-01-01,2012-08-17,2013-01-09,5.63,6.03,6.26,6.66,6,2,91750000,2,CA,real_estate,1,1,0,0,0,1.0,0,1110,2055,2200,Business,High
California,37.7870841,-122.4010675,San Francisco,Eightfold Logic,operating,2006-01-01,2008-06-05,2012-11-21,2.43,6.89,5.39,6.0,6,5,19417308,2,CA,advertising,1,0,1,1,1,3.6,1,1111,886,2516,Service,High
California,37.7866667,-122.4019444,San Francisco,Instore,closed,2009-03-12,2011-05-16,2011-11-07,2.18,2.66,2.66,3.14,8,3,2195000,2,CA,enterprise,0,1,0,0,0,6.0,1,1112,795,970,Software,Medium
California,37.2252059,-121.983237,LOS GATOS,Moxtra,operating,2012-01-01,2013-09-24,2013-09-24,1.73,1.73,1.08,1.08,2,1,10000000,1,CA,web,0,0,1,0,0,4.0,1,1113,632,632,Software,Medium
California,36.116203,-119.681564,San Francisco,Quantcast,operating,2006-01-01,2007-03-01,2011-11-01,1.16,5.84,7.01,7.7,26,4,61199999,3,CA,advertising,0,0,1,1,1,3.0,1,1114,424,2130,Service,High
California,37.4854442,-122.23004,Redwood City,SozializeMe,closed,2013-07-19,2013-04-23,2013-04-23,-0.24,-0.24,-0.55,-0.55,2,1,100000,1,CA,web,0,1,0,0,0,1.0,0,1115,-87,-87,Software,Low
California,37.7749295,-122.4194155,San Francisco,Share Practice,operating,2012-08-01,2012-11-01,2013-07-01,0.25,0.92,-0.58,0.74,4,4,1525000,2,CA,biotech,1,1,0,0,0,2.25,1,1116,92,334,software,Low
Colorado,39.059811,-105.311104,Denver,Convercent,operating,2013-01-29,2013-01-29,2013-10-24,0.0,0.73,-0.08,-0.08,12,2,20200000,1,CO,enterprise,0,0,1,1,0,3.0,1,1117,0,268,Software,High
California,37.4923675,-121.9533099,Fremont,AlertEnterprise,operating,2007-01-01,2009-02-11,2011-09-08,2.12,4.69,3.38,5.6,13,2,27000000,2,CA,security,1,0,1,0,0,1.5,1,1118,772,1711,Service,High
Texas,30.267153,-97.7430608,Austin,The Zebra,closed,2012-01-09,2013-01-31,2013-12-06,1.06,1.91,1.9,1.92,5,2,4500063,2,TX,search,0,0,0,0,0,3.0,1,1119,388,697,Software,Medium
New York,42.165726,-74.948051,New York,RetailMLS,closed,2009-07-01,2011-01-01,2011-01-01,1.5,1.5,3.51,3.67,8,1,2000000,2,NY,real_estate,0,0,0,0,0,3.0,0,1120,549,549,Business,Low
Illinois,40.349457,-88.986137,Chicago,AdYapper,operating,2010-06-01,2013-09-05,2013-09-05,3.27,3.27,1.25,3.04,6,1,1200000,2,IL,advertising,0,1,0,0,0,4.0,1,1121,1192,1192,Service,Low
California,36.116203,-119.681564,Mountain View,WhoAPI,operating,2011-12-01,2013-04-03,2013-04-03,1.34,1.34,0.0,0.0,2,1,200000,1,CA,network_hosting,0,1,0,0,0,6.0,1,1122,489,489,Software,Low
Washington,47.400902,-121.490494,Bellevue,Shippable,operating,2013-01-01,2013-12-10,2013-12-10,0.94,0.94,0.0,0.94,4,1,2050000,3,WA,software,0,0,0,0,0,4.0,1,1124,343,343,Software,Medium
New York,40.7492495,-73.994062,New York,RUN,operating,2010-07-01,2013-08-01,2013-08-01,3.09,3.09,2.25,3.09,4,1,1500000,2,NY,advertising,1,0,0,0,0,1.0,0,1125,1127,1127,Service,Low
Florida,25.8081155,-80.1925878,Miami,Guide,operating,2012-08-01,2013-02-05,2013-07-02,0.52,0.92,0.5,0.52,14,2,2500000,2,FL,software,0,1,0,0,0,6.5,0,1126,188,335,Software,Medium
Florida,27.766279,-81.686783,Coral Gables,Contract Room,operating,2012-02-01,2012-01-01,2013-07-31,-0.08,1.5,-0.08,-0.08,4,2,1225000,1,FL,enterprise,0,1,0,0,0,3.0,0,1127,-31,546,Software,Low
California,34.1015549,-118.3345767,Los Angeles,ZestFinance,operating,2009-01-01,2011-07-21,2013-07-31,2.55,4.58,4.0,4.58,5,3,112000000,2,CA,other,0,0,1,1,1,4.33,1,1128,931,1672,Business,High
California,36.116203,-119.681564,San Francsico,IfOnly,operating,2012-01-01,2013-08-03,2013-10-28,1.59,1.82,1.84,1.84,6,3,24000000,1,CA,ecommerce,0,0,1,0,0,8.67,1,1129,580,666,Software,High
Minnesota,45.694454,-93.900192,Minneapolis,Minneapolis Biomass Exchange,operating,2009-07-01,2012-12-01,2012-12-01,3.42,3.42,3.7,3.7,2,1,65000,1,MN,web,0,1,0,0,0,2.0,0,1130,1249,1249,Software,Low
California,37.451608,-122.1166269,Palo Alto,Revolucionadolabs,operating,2010-02-05,2012-08-01,2013-02-05,2.49,3.0,0.16,0.16,6,3,94000100,1,CA,software,1,0,0,0,1,2.0,0,1131,908,1096,Software,High
New York,40.7370281,-73.990589,New York,Little Pim,operating,2006-01-01,2012-09-14,2013-02-05,6.71,7.1,7.01,7.01,8,2,3601551,1,NY,education,1,0,0,0,1,1.0,1,1132,2448,2592,Service,Medium
California,36.116203,-119.681564,Mountain View,Interviewstreet,closed,2009-01-01,2011-05-13,2011-05-13,2.36,2.36,2.75,3.98,2,1,200000,2,CA,web,0,1,0,0,0,3.0,1,1133,862,862,Software,Low
Massachusetts,42.3635847,-71.0824613,Cambridge,ProBueno,operating,2012-01-01,2013-03-11,2013-03-11,1.19,1.19,1.19,1.19,2,1,340000,1,MA,nonprofit,0,1,0,0,0,2.0,0,1134,435,435,Service,Low
New York,42.165726,-74.948051,New York,Admitted.ly,operating,2013-05-01,2013-06-03,2013-07-01,0.09,0.17,0.1,0.1,3,2,415000,1,NY,education,0,1,0,0,0,2.0,1,1135,33,61,Service,Low
Massachusetts,42.3803274,-71.1389101,Cambridge,Weathermob,operating,2011-01-01,2012-04-29,2013-07-17,1.33,2.54,2.54,2.54,1,2,1010000,1,MA,mobile,0,1,0,0,0,4.0,0,1136,484,928,software,Low
Washington,47.400902,-121.490494,Seattle,Lively,operating,2013-01-01,2013-08-15,2013-10-02,0.62,0.75,0.04,0.71,6,2,650000,2,WA,music,0,1,0,0,0,4.0,0,1137,226,274,Service,Low
New York,40.752344,-73.988527,New York,Kinetic Social,operating,2011-10-01,2011-10-01,2013-05-07,0.0,1.6,1.84,1.84,10,3,14000000,1,NY,analytics,0,0,1,0,0,1.33,1,1138,0,584,Software,High
California,37.4429581,-122.1623781,San Francisco,Grand Rounds,operating,2011-01-01,2013-05-21,2013-05-21,2.39,2.39,2.39,2.63,6,1,10000000,3,CA,health,0,0,1,0,0,1.0,1,1140,871,871,Service,Medium
California,37.766909,-122.406676,Palo Alto,Proximic,operating,2006-04-04,2006-05-05,2010-12-08,0.08,4.68,5.12,5.24,14,4,10411000,2,CA,analytics,0,0,1,1,1,1.25,1,1141,31,1709,Software,Medium
California,36.116203,-119.681564,Sunnyvale,RealScout,operating,2012-06-01,2013-08-23,2013-08-23,1.23,1.23,0.84,1.22,3,1,1100000,2,CA,real_estate,0,1,0,0,0,3.0,1,1142,448,448,Business,Low
California,34.0762155,-118.318593,Santa Monica,Mobile-XL,operating,2005-06-01,2007-10-15,2007-10-15,2.37,2.37,4.87,7.59,7,1,280000,2,CA,mobile,1,0,0,0,0,1.0,1,1143,866,866,software,Low
Massachusetts,42.230171,-71.530106,Cambridge,Wellframe,closed,2011-01-01,2012-09-07,2012-10-01,1.68,1.75,2.16,2.16,3,2,200000,1,MA,biotech,1,1,0,0,0,1.0,1,1144,615,639,software,Low
New York,42.165726,-74.948051,New York,Fantasy Buzzer,closed,2012-06-01,2013-07-02,2013-07-02,1.08,1.08,-0.03,1.17,4,1,385000,2,NY,sports,0,0,0,0,0,1.0,0,1146,396,396,Service,Low
North Carolina,35.9929204,-78.9044132,Durham,Sustainable Industrial Solutions,operating,2011-01-01,2011-01-01,2011-01-01,0.0,0.0,0.0,0.0,4,1,300000,1,NC,cleantech,0,1,0,0,0,1.0,0,1147,0,0,Business,Low
Tennessee,35.747845,-86.692345,Nashville,Remedify,operating,2012-06-01,2013-09-19,2013-09-19,1.3,1.3,0.0,0.0,1,1,50000,1,TN,hardware,0,1,0,0,0,3.0,0,1148,475,475,Hardware,Low
New York,40.7047738,-73.9418603,Brooklyn,Blue Apron,operating,2012-01-01,2013-02-19,2013-08-15,1.14,1.62,0.0,1.75,3,2,8000000,2,NY,hospitality,0,0,1,1,0,6.0,1,1149,415,592,Service,Medium
California,34.014432,-118.497055,Santa Monica,Uncovet,operating,2011-01-01,2013-05-21,2013-05-21,2.39,2.39,2.0,2.0,2,1,1300000,1,CA,ecommerce,0,1,0,0,0,3.0,1,1150,871,871,Software,Low
Massachusetts,42.230171,-71.530106,Boston,SageCloud,operating,2012-01-01,2012-08-02,2013-06-11,0.59,1.44,0.0,0.0,2,2,13201789,1,MA,enterprise,0,0,1,1,0,2.0,1,1151,214,527,Software,High
New York,42.165726,-74.948051,NY,Scratch Hard,closed,2012-03-01,2012-03-01,2012-03-01,0.0,0.0,-0.16,-0.16,3,1,1400000,1,NY,mobile,0,1,0,0,0,1.0,0,1152,0,0,software,Low
Virginia,37.769337,-78.169968,Herndon,CustomerAdvocacy.com,operating,2010-02-01,2010-02-01,2010-02-01,0.0,0.0,0.0,0.0,3,1,500000,1,VA,software,0,1,0,0,0,1.0,0,1153,0,0,Software,Low
New York,42.165726,-74.948051,New York City,Hublished,operating,2012-06-22,2013-06-12,2013-06-12,0.97,0.97,0.0,1.1,9,1,150000,3,NY,social,0,1,0,0,0,1.0,0,1154,355,355,Software,Low
Massachusetts,42.3668959,-71.0801348,Cambridge,Infinio,operating,2011-01-01,2012-01-01,2013-02-12,1.0,2.12,1.84,2.85,4,2,12000000,3,MA,software,0,0,1,0,0,2.5,1,1155,365,773,Software,High
Texas,31.054487,-97.563461,Plano,PassbeeMedia,operating,2013-08-01,2013-08-01,2013-08-01,0.0,0.0,0.0,0.08,4,1,580000,2,TX,mobile,0,1,0,0,0,1.0,0,1156,0,0,software,Low
Washington DC,38.8951,-77.0364,Washington,SurpriseRide,operating,2012-10-01,2013-02-01,2013-02-01,0.34,0.34,0.0,0.0,2,1,100000,1,DC,web,0,1,0,0,0,1.0,1,1157,123,123,Software,Low
California,37.4491419,-122.1602389,Palo Alto,Deliv,operating,2012-01-01,2013-03-28,2013-09-19,1.24,1.72,1.0,1.72,3,2,7850000,2,CA,ecommerce,0,1,1,0,0,3.5,1,1158,452,627,Software,Medium
New York,42.165726,-74.948051,New York,Persado,operating,2012-12-12,2013-02-13,2013-02-13,0.17,0.17,0.05,0.05,4,1,15000000,1,NY,advertising,0,0,1,0,0,1.0,1,1159,63,63,Service,High
California,37.557637,-122.285714,San Mateo,"GetJar, Inc.",operating,2007-01-01,2007-11-07,2011-02-14,0.85,4.12,3.58,5.17,12,3,42000000,4,CA,mobile,0,0,1,1,1,1.33,1,1160,310,1505,software,High
California,33.664662,-117.755553,Irvine,Cylance,operating,2012-01-01,2013-02-13,2013-02-13,1.12,1.12,0.42,0.42,4,1,15000000,1,CA,security,0,0,1,0,0,2.0,1,1161,409,409,Service,High
California,36.116203,-119.681564,Los Angeles,IRIS.TV,operating,2012-07-01,2013-10-04,2013-10-04,1.26,1.26,1.26,1.26,6,1,1700000,1,CA,analytics,0,0,0,0,0,4.0,0,1162,460,460,Software,Low
California,36.116203,-119.681564,San Francisco,Hampton Creek Foods,operating,2011-09-01,2011-01-01,2013-05-20,-0.67,1.72,1.34,1.72,2,2,3000000,2,CA,hospitality,0,1,0,0,0,1.0,1,1163,-243,627,Service,Medium
New York,42.165726,-74.948051,Brooklyn,Kitchensurfing,operating,2012-03-01,2013-02-14,2013-04-04,0.96,1.09,1.0,1.0,5,2,4500000,1,NY,hospitality,0,1,1,0,0,6.5,1,1165,350,399,Service,Medium
Washington DC,38.8951,-77.0364,Washington,Kit Check,operating,2012-01-01,2013-07-16,2013-07-16,1.54,1.54,-0.84,1.54,3,1,10400000,2,DC,biotech,0,0,1,0,0,4.0,1,1166,562,562,software,Medium
California,36.116203,-119.681564,San Francisco,Runscope,operating,2013-01-01,2013-05-22,2013-05-22,0.39,0.39,0.25,0.87,3,1,1100000,2,CA,web,0,1,0,0,0,7.0,1,1167,141,141,Software,Low
Colorado,39.664426,-105.012763,Englewood,Lasso Media,operating,2012-09-01,2012-09-01,2012-09-01,0.0,0.0,0.0,0.0,3,1,1250000,1,CO,other,0,1,0,0,0,4.0,1,1168,0,0,Business,Low
Massachusetts,42.352344,-71.056266,Boston,QPID Health,operating,2012-01-01,2013-01-03,2013-03-20,1.01,1.22,1.0,1.0,4,2,6000000,1,MA,health,0,0,1,1,0,4.0,1,1169,368,444,Service,Medium
New York,42.3756409,-72.5196907,Glen Cove,Tinychat,operating,2009-01-25,2011-01-25,2011-01-25,2.0,2.0,1.57,2.27,8,1,1500000,2,NY,web,0,0,0,0,0,7.0,1,1170,730,730,Software,Low
Massachusetts,42.3914547,-71.1105231,Somerville,Home Team Therapy,closed,2011-10-01,2012-06-01,2012-06-01,0.67,0.67,0.0,0.0,1,1,20000,1,MA,health,0,1,0,0,0,1.0,1,1171,244,244,Service,Low
Virginia,37.769337,-78.169968,Richmond,Neurotrack,operating,2012-01-01,2013-05-22,2013-09-26,1.39,1.74,1.74,1.74,0,2,2090000,1,VA,biotech,1,1,0,0,0,2.0,1,1172,507,634,software,Medium
Maryland,39.063946,-76.802101,Baltimore,Reify Health,operating,2010-01-01,2012-06-01,2013-03-01,2.42,3.16,3.09,3.09,2,2,350000,1,MD,mobile,0,1,0,0,0,2.0,1,1173,882,1155,software,Low
Washington DC,38.902087,-77.042064,Washington,Quad Learning,operating,2012-01-01,2013-02-14,2013-02-14,1.12,1.12,1.13,1.13,2,1,11000000,1,DC,education,1,0,0,0,0,3.0,1,1174,410,410,Service,Medium
New York,42.165726,-74.948051,New York,Monaeo,operating,2011-01-01,2013-01-07,2013-07-01,2.02,2.5,2.32,2.33,3,2,40000,2,NY,enterprise,0,1,0,0,0,1.0,1,1175,737,912,Software,Low
New York,40.7406966,-73.9919686,New York,Thinkful,operating,2012-10-01,2013-02-26,2013-02-26,0.41,0.41,0.41,0.58,5,1,1000000,2,NY,education,0,1,0,0,0,4.0,1,1176,148,148,Service,Low
California,32.9010041,-117.2001287,San Diego,Yapert,operating,2012-01-01,2012-06-01,2013-07-18,0.42,1.55,1.15,1.58,4,2,1700000,2,CA,mobile,0,1,0,0,0,3.0,1,1177,152,564,software,Low
California,36.116203,-119.681564,San Diego,Nasseo,operating,2012-01-01,2013-02-17,2013-02-17,1.13,1.13,0.25,0.25,4,1,520000,1,CA,medical,0,1,0,0,0,1.0,0,1178,413,413,Service,Low
California,37.7896246,-122.3954269,San Francisco,Wandera,operating,2012-01-01,2013-04-10,2013-04-10,1.27,1.27,1.16,1.16,7,1,7000000,1,CA,mobile,0,0,1,0,0,1.0,1,1179,465,465,software,Medium
New York,42.165726,-74.948051,New York,Vaunte,operating,2012-01-01,2012-08-01,2013-08-12,0.58,1.61,0.67,1.39,2,2,2220000,2,NY,fashion,1,1,0,0,0,4.0,1,1180,213,589,Business,Medium
New York,40.724364,-73.997458,New York,Sumpto,operating,2012-07-30,2012-03-01,2013-10-22,-0.41,1.23,-0.58,-0.58,1,2,425000,1,NY,social,0,1,0,0,0,2.0,0,1181,-151,449,Software,Low
California,36.116203,-119.681564,San Francisco,Boatbound,closed,2012-07-01,2013-06-01,2013-06-01,0.92,0.92,1.1,1.26,6,1,1000000,2,CA,ecommerce,0,1,0,0,0,6.0,1,1182,335,335,Software,Low
California,36.116203,-119.681564,San Jose,PernixData,operating,2012-01-01,2012-01-01,2013-05-15,0.0,1.37,1.42,1.65,8,2,27000000,3,CA,enterprise,0,0,1,1,0,4.5,1,1183,0,500,Software,High
California,34.093003,-118.377969,West Hollywood,ShowKit,closed,2012-06-01,2012-08-15,2013-08-28,0.21,1.24,1.17,1.17,6,2,710000,1,CA,mobile,0,1,0,0,0,2.0,0,1184,75,453,software,Low
Massachusetts,42.230171,-71.530106,Boston,Bolt.io,operating,2013-01-01,2013-02-20,2013-02-20,0.14,0.14,-0.59,-0.59,7,1,3500000,1,MA,hardware,1,0,0,0,0,8.0,0,1185,50,50,Hardware,Medium
California,36.116203,-119.681564,San Jose,streamOnce,operating,2012-07-01,2012-07-01,2012-07-01,0.0,0.0,0.0,0.0,5,1,1360000,1,CA,enterprise,0,1,0,0,0,5.0,1,1186,0,0,Software,Low
California,36.116203,-119.681564,Palo Alto,Alminder,operating,2012-04-01,2013-10-22,2013-10-22,1.56,1.56,0.0,0.0,3,1,1525000,1,CA,mobile,0,0,0,0,0,2.0,0,1187,569,569,software,Low
New York,42.165726,-74.948051,New York,Agolo,closed,2012-12-07,2013-06-03,2013-06-03,0.49,0.49,-0.1,0.81,2,1,40000,2,NY,web,0,1,0,0,0,1.0,1,1188,178,178,Software,Low
Ohio,40.388783,-82.764915,Columbus,Jifiti.com,operating,2011-09-01,2013-07-29,2013-11-26,1.91,2.24,1.17,1.17,5,2,3500000,1,OH,ecommerce,0,1,0,0,0,2.0,0,1189,697,817,Software,Medium
New York,40.750468,-73.980608,NYC,MyCheck,operating,2011-03-07,2011-01-01,2013-08-01,-0.18,2.41,1.86,1.86,2,3,6100000,1,NY,mobile,0,1,1,0,0,2.0,0,1190,-65,878,software,Medium
California,36.116203,-119.681564,Redwood City,Misfit Wearables,operating,2011-10-05,2011-11-23,2013-12-04,0.13,2.17,1.24,1.81,4,3,23000006,2,CA,health,1,0,0,0,0,8.0,1,1191,49,791,Service,High
Massachusetts,42.3481058,-71.0863924,Boston,Maple Farm Media,operating,2012-04-01,2012-04-01,2012-04-01,0.0,0.0,0.0,0.0,2,1,500000,1,MA,advertising,0,1,0,0,0,1.0,0,1192,0,0,Service,Low
California,36.116203,-119.681564,San Diego,LIA,operating,2012-04-01,2013-03-06,2013-03-06,0.93,0.93,0.64,0.64,2,1,400000,1,CA,mobile,0,1,0,0,0,2.0,0,1193,339,339,software,Low
California,36.116203,-119.681564,San Francisco,Meldium,operating,2012-01-01,2013-07-17,2013-07-17,1.54,1.54,1.0,1.0,4,1,1000000,1,CA,enterprise,0,1,0,0,0,2.0,1,1194,563,563,Software,Low
California,33.8980222,-118.3846343,Manhattan Beach,Otozip,closed,2013-01-10,2013-02-26,2013-02-26,0.13,0.13,0.0,0.0,3,1,300000,1,CA,automotive,0,1,0,0,0,1.0,0,1195,47,47,Service,Low
California,36.116203,-119.681564,San Francisco,Codenvy,operating,2012-11-01,2013-02-26,2013-02-26,0.32,0.32,0.0,0.0,0,1,9000000,1,CA,enterprise,0,0,1,0,0,2.0,1,1197,117,117,Software,Medium
Texas,37.7749295,-122.4194155,Austin,Outbox,operating,2011-01-01,2011-12-12,2013-07-01,0.95,2.5,2.66,2.66,3,2,6500000,1,TX,web,1,0,1,0,0,9.0,1,1198,345,912,Software,Medium
Georgia,34.038201,-84.295114,Alpharetta,Pipefish,closed,2012-07-15,2012-07-15,2012-07-15,0.0,0.0,0.0,0.6,1,1,300000,2,GA,web,0,1,0,0,0,1.0,0,1199,0,0,Software,Low
California,37.7744657,-122.398549,San Francisco,vidIQ,operating,2012-01-01,2012-03-01,2013-02-26,0.16,1.16,1.09,1.09,4,3,800000,1,CA,advertising,0,1,0,0,0,2.67,1,1200,60,422,Service,Low
Maryland,38.9845797,-77.0960388,Bethesda,Synapsify,operating,2012-01-01,2013-02-26,2013-02-26,1.16,1.16,0.5,1.16,2,1,600000,2,MD,analytics,0,1,0,0,0,2.0,0,1202,422,422,Software,Low
California,36.116203,-119.681564,Santa Clara,Armor5,operating,2011-01-01,2013-02-27,2013-02-27,2.16,2.16,2.0,2.0,8,1,2000000,1,CA,enterprise,0,0,0,0,0,3.0,1,1203,788,788,Software,Low
New York,40.749038,-73.994379,New York,Black Ocean,operating,2010-01-01,2011-09-01,2011-09-01,1.67,1.67,3.0,3.12,9,1,100000000,2,NY,web,1,0,0,0,0,1.0,0,1204,608,608,Software,High
California,37.3998333,-122.0465447,Mountain View,Luminate,operating,2008-01-01,2009-03-24,2012-02-23,1.23,4.15,1.65,4.7,17,3,28450000,4,CA,advertising,0,0,1,1,1,6.0,1,1205,448,1514,Service,High
California,37.414271,-122.134666,Palo Alto,Superfish,operating,2006-01-01,2009-01-05,2013-07-30,3.01,7.58,3.27,7.79,8,3,19300000,3,CA,search,0,0,0,1,1,3.33,1,1206,1100,2767,Software,High
Colorado,39.059811,-105.311104,Denver,SupportLocal,operating,2011-01-03,2012-01-01,2013-05-07,0.99,2.34,0.32,0.32,4,3,4080000,1,CO,social,0,1,0,0,0,4.0,0,1207,363,855,Software,Medium
California,37.4013589,-122.0531348,Mountain View,GlobeIn,operating,2011-01-01,2013-02-28,2013-02-28,2.16,2.16,2.67,2.67,0,1,1100000,1,CA,ecommerce,0,1,0,0,0,3.0,0,1208,789,789,Software,Low
California,36.116203,-119.681564,Emeryville,Revolights,operating,2011-09-01,2012-05-01,2012-11-01,0.67,1.17,0.0,0.0,2,2,550000,1,CA,hardware,0,0,0,0,0,1.0,0,1209,243,427,Hardware,Low
New York,40.7448046,-73.9935406,New York,Zady,operating,2012-01-01,2013-03-01,2013-03-01,1.16,1.16,0.33,1.85,3,1,1350000,2,NY,fashion,0,1,0,0,0,1.0,1,1210,425,425,Business,Low
Maryland,39.2766287,-76.612272,Baltimore,Riskive,closed,2013-01-01,2013-07-09,2013-07-09,0.52,0.52,0.08,0.08,3,1,2200000,1,MD,security,0,0,0,0,0,3.0,1,1211,189,189,Service,Medium
California,36.116203,-119.681564,Montecito,AnsibleWorks,operating,2013-01-01,2013-08-12,2013-08-12,0.61,0.61,0.25,0.25,4,1,6000000,1,CA,enterprise,0,0,1,0,0,2.0,1,1212,223,223,Software,Medium
California,36.116203,-119.681564,La Jolla,Carolus Therapeutics,closed,2007-01-01,2013-03-05,2013-03-05,6.18,6.18,0.92,0.92,4,1,2250000,1,CA,biotech,0,0,0,0,0,1.0,1,1213,2255,2255,software,Medium
Massachusetts,42.36263,-71.082047,Cambridge,clypd,operating,2012-11-01,2013-03-05,2013-11-20,0.34,1.05,0.41,1.05,7,2,10400000,2,MA,advertising,0,0,1,0,0,5.5,1,1214,124,384,Service,Medium
California,36.9742092,-122.0276183,Santa Cruz,Looker,operating,2011-01-01,2013-03-06,2013-08-13,2.18,2.62,2.58,2.58,7,2,18000000,1,CA,analytics,0,0,1,0,0,2.0,1,1215,795,955,Software,High
California,36.116203,-119.681564,Santa Clara,Illumio,operating,2013-01-01,2013-01-14,2013-09-20,0.04,0.72,0.72,0.72,0,2,42500000,1,CA,enterprise,0,0,1,1,0,2.0,1,1216,13,262,Software,High
California,36.116203,-119.681564,San Francisco,AdStage,operating,2012-05-01,2013-03-01,2013-06-21,0.83,1.14,0.92,1.4,4,2,1500000,3,CA,advertising,0,1,0,0,0,7.0,1,1217,304,416,Service,Low
New York,42.165726,-74.948051,New York,Slate Science,operating,2011-01-01,2013-03-06,2013-03-06,2.18,2.18,2.22,2.22,2,1,1100000,1,NY,education,0,1,0,0,0,3.0,0,1218,795,795,Service,Low
Indiana,39.849426,-86.258278,Indianapolis,Scale Computing,operating,2006-01-01,2009-05-29,2012-10-24,3.41,6.82,3.72,7.5,16,5,43000000,3,IN,enterprise,1,0,1,1,1,3.6,1,1219,1244,2488,Software,High
Washington DC,38.9198295,-77.0319173,Washington,Attentive.ly,operating,2012-06-03,2012-06-01,2013-06-15,-0.01,1.03,0.52,0.52,4,2,475000,1,DC,nonprofit,0,1,0,0,0,1.5,0,1220,-2,377,Service,Low
New York,42.165726,-74.948051,Brooklyn,Quandora,operating,2012-03-10,2013-02-20,2013-02-20,0.95,0.95,-0.07,-0.07,3,1,150000,1,NY,enterprise,0,1,0,0,0,1.0,1,1221,347,347,Software,Low
Texas,31.054487,-97.563461,Dallas,HipLogiq,operating,2013-03-08,2013-05-13,2013-11-18,0.18,0.7,0.0,0.0,7,2,12000000,1,TX,web,0,0,1,1,0,2.0,0,1222,66,255,Software,High
California,36.116203,-119.681564,Campbell,Bitglass,operating,2013-01-01,2013-03-08,2013-03-08,0.18,0.18,0.01,0.01,5,1,10000000,1,CA,other,0,0,1,0,0,2.0,1,1223,66,66,Business,Medium
California,37.7878824,-122.399447,San Francisco,Biba,operating,2012-01-01,2013-02-01,2013-06-25,1.09,1.48,0.85,1.48,11,2,15515000,2,CA,mobile,0,0,1,1,0,4.0,1,1224,397,541,software,High
Oregon,44.572021,-122.070938,Portalnd,Crowd Supply,closed,2012-01-01,2013-01-01,2013-01-01,1.0,1.0,1.0,1.0,4,1,500000,1,OR,ecommerce,0,1,0,0,0,1.0,0,1225,366,366,Software,Low
Rhode Island,41.680893,-71.51178,Providence,Plandree,closed,2012-09-10,2012-08-20,2012-12-20,-0.06,0.28,-5.28,0.63,1,2,62000,2,RI,travel,0,1,0,0,0,1.0,1,1226,-21,101,Service,Low
Nevada,38.313515,-117.055374,Las Vegas,OnTheRoad,operating,2007-12-01,2007-12-01,2007-12-01,0.0,0.0,1.98,1.98,2,1,210000,1,NV,web,0,1,0,0,0,1.0,0,1227,0,0,Software,Low
New York,42.165726,-74.948051,New York,Keepy,closed,2013-01-01,2013-10-15,2013-10-15,0.79,0.79,0.08,0.79,3,1,1100000,3,NY,social,0,1,0,0,0,8.0,1,1228,287,287,Software,Low
Illinois,40.349457,-88.986137,Chicago,Thoughtly,closed,2012-08-20,2013-12-10,2013-12-10,1.31,1.31,0.0,0.0,1,1,25000,1,IL,mobile,1,0,0,0,0,1.0,0,1229,477,477,software,Low
Illinois,41.8843738,-87.6426389,Chicago,LOOKCAST,operating,2012-01-01,2012-11-29,2012-11-29,0.91,0.91,0.92,0.92,3,1,500000,1,IL,web,0,1,0,0,0,1.0,0,1230,333,333,Software,Low
Oregon,44.572021,-122.070938,Portland,Wildfang,closed,2011-01-01,2013-03-11,2013-11-27,2.19,2.91,2.0,2.0,2,2,1975000,1,OR,fashion,1,0,0,0,0,1.0,0,1231,800,1061,Business,Low
California,36.116203,-119.681564,Sants Clara,Vasona Networks,operating,2010-01-01,2011-05-01,2013-03-19,1.33,3.21,2.33,2.33,5,2,22000000,1,CA,mobile,0,0,1,1,0,2.0,1,1232,485,1173,software,High
Nevada,38.313515,-117.055374,Las Vegas,Fluencr,operating,2012-01-01,2013-02-01,2013-09-17,1.09,1.71,1.71,1.71,4,2,335000,1,NV,web,0,1,0,0,0,2.0,0,1233,397,625,Software,Low
Washington,47.628884,-122.129762,Bellevue,Radio Runt Inc.,closed,2012-01-01,2012-01-01,2012-01-01,0.0,0.0,0.0,0.0,3,1,1000000,1,WA,software,0,1,0,0,0,1.0,0,1234,0,0,Software,Low
New York,42.165726,-74.948051,New York,AdhereTech,closed,2011-10-01,2011-07-19,2013-11-06,-0.2,2.1,0.25,2.04,3,2,620000,2,NY,medical,0,1,0,0,0,1.0,0,1235,-74,767,Service,Low
California,36.116203,-119.681564,Venice,SmartyPants Vitamins,operating,2009-01-01,2010-07-01,2013-08-21,1.5,4.64,0.16,0.16,2,4,4740000,1,CA,ecommerce,0,1,0,0,0,3.0,0,1237,546,1693,Software,Medium
New York,42.165726,-74.948051,Brooklyn,Domino Street,closed,2011-02-01,2012-03-01,2012-06-01,1.08,1.33,1.7,1.7,6,3,75000,1,NY,web,0,1,0,0,0,1.0,0,1238,394,486,Software,Low
Illinois,41.8864688,-87.6322669,Chicago,Golden Reviews,operating,2012-11-01,2012-11-01,2012-11-01,0.0,0.0,0.23,0.23,2,1,500000,1,IL,web,0,1,0,0,0,1.0,0,1239,0,0,Software,Low
California,37.7749295,-122.4194155,San Francisco,EasyPost,operating,2012-09-01,2013-03-01,2013-06-06,0.5,0.76,0.0,0.97,2,2,850000,2,CA,ecommerce,0,1,0,0,0,6.5,1,1240,181,278,Software,Low
California,36.116203,-119.681564,San Francisco,Weemo,closed,2007-12-01,2011-06-01,2013-05-20,3.5,5.47,5.34,5.97,3,2,4300000,2,CA,enterprise,0,1,0,0,0,1.0,1,1241,1278,1997,Software,Medium
California,36.116203,-119.681564,San Francisco,Rollbar,closed,2012-05-01,2012-09-01,2012-09-01,0.34,0.34,0.0,0.0,2,1,235000,1,CA,analytics,0,1,0,0,0,3.0,0,1242,123,123,Software,Low
Colorado,39.059811,-105.311104,Boulder,Startup Quest,operating,2012-05-17,2012-10-20,2012-10-20,0.43,0.43,0.0,0.0,1,1,100000,1,CO,finance,0,1,0,0,0,2.0,1,1243,156,156,Service,Low
Virginia,38.930363,-77.2195009,Tysons Corner,ID.me,operating,2010-01-01,2013-03-17,2013-09-17,3.21,3.71,3.32,3.52,1,2,3300000,2,VA,web,0,0,0,0,0,2.0,1,1244,1171,1355,Software,Medium
Ohio,40.388783,-82.764915,Cleveland,FlashStarts,operating,2013-01-01,2013-06-01,2013-06-01,0.41,0.41,0.41,0.41,3,1,14000,1,OH,software,0,1,0,0,0,1.0,0,1245,151,151,Software,Low
California,36.116203,-119.681564,Los Angeles,FindMySong,operating,2011-12-11,2013-01-13,2013-06-12,1.09,1.5,1.22,1.22,4,3,375000,1,CA,web,0,1,0,0,0,1.0,0,1247,399,549,Software,Low
California,36.116203,-119.681564,San Francisco,LearnUp,operating,2011-01-01,2012-08-16,2012-08-16,1.62,1.62,1.0,1.0,1,1,1900000,1,CA,web,0,0,0,0,0,1.0,1,1248,593,593,Software,Low
Connecticut,41.1268961,-73.3874777,Norwalk,Human Demand,closed,2012-02-01,2012-12-03,2013-03-20,0.84,1.13,0.0,1.13,4,2,1225000,2,CT,mobile,1,0,1,0,0,3.0,0,1249,306,413,software,Low
California,36.116203,-119.681564,San Mateo,StrongLoop,operating,2013-01-01,2013-03-04,2013-09-18,0.17,0.71,0.71,0.71,9,2,9000000,2,CA,software,0,1,1,0,0,1.5,1,1250,62,260,Software,Medium
New Hampshire,42.3584308,-71.0597732,Manchester,ApplyKit,operating,2012-10-01,2012-10-01,2013-08-06,0.0,0.85,0.75,0.75,3,2,98000,1,NH,education,0,1,0,0,0,1.0,0,1251,0,309,Service,Low
California,37.3597174,-121.9396645,Santa Clara,Curried Away Catering,closed,2009-01-01,2009-01-01,2009-01-01,0.0,0.0,0.0,0.0,2,1,25000,1,CA,other,0,1,0,0,0,1.0,0,1252,0,0,Business,Low
Washington,47.676762,-122.2049192,Seattle,L4 Mobile,operating,2008-01-01,2006-06-21,2006-06-21,-1.53,-1.53,2.0,2.0,6,1,4800000,1,WA,mobile,0,0,0,0,0,3.0,1,1253,-559,-559,software,Medium
Oregon,45.502468,-122.674996,Portland,Scayl,operating,2007-09-01,2013-07-02,2013-07-02,5.84,5.84,-2.47,5.62,2,1,245000,2,OR,messaging,1,0,0,0,0,1.0,1,1254,2131,2131,Software,Low
Idaho,44.240459,-114.478828,Boise,One4All,operating,2011-02-01,2011-11-04,2012-10-01,0.76,1.67,1.67,1.67,2,2,1025000,1,ID,nonprofit,0,1,0,0,0,1.0,0,1255,276,608,Service,Low
Kentucky,37.66814,-84.670067,Prospect,Red e App,closed,2011-03-01,2012-06-13,2013-03-21,1.29,2.06,1.76,2.65,8,2,1060000,3,KY,enterprise,1,0,1,0,0,1.0,0,1256,470,751,Software,Low
Florida,27.766279,-81.686783,Hallandale Beach,Nearpod,operating,2012-01-01,2013-03-01,2013-03-01,1.16,1.16,1.22,1.22,3,1,1500000,1,FL,education,0,0,0,0,0,3.0,0,1257,425,425,Service,Low
California,37.779306,-122.410401,San Francisco,Concurrent Inc,closed,2008-01-01,2011-04-10,2013-03-20,3.27,5.22,5.59,5.62,8,2,4900000,2,CA,enterprise,0,1,1,0,0,2.0,1,1258,1195,1905,Software,Medium
New York,42.165726,-74.948051,New York,Vidaao,operating,2012-09-24,2012-11-12,2013-08-22,0.13,0.91,0.79,0.91,4,2,525000,2,NY,ecommerce,0,1,0,0,0,1.0,0,1259,49,332,Software,Low
Rhode Island,41.680893,-71.51178,Providence,Learning Hyperdrive,operating,2013-02-01,2013-02-01,2013-02-01,0.0,0.0,0.0,0.0,1,1,16000,1,RI,education,0,1,0,0,0,1.0,1,1260,0,0,Service,Low
Pennsylvania,40.590752,-77.209755,Philadelphia,PeopleLinx,operating,2009-01-01,2013-03-19,2013-03-19,4.21,4.21,4.37,4.37,9,1,3200000,1,PA,software,0,0,1,0,0,3.0,1,1261,1538,1538,Software,Medium
California,36.116203,-119.681564,Santa Monica,Shop Hers,operating,2012-01-01,2012-08-15,2013-12-11,0.62,1.95,1.95,1.95,1,2,3500000,1,CA,fashion,1,1,0,0,0,7.0,1,1262,227,710,Business,Medium
Massachusetts,42.318138,-71.24756,SOUTH BOSTON,AppNeta,operating,2010-01-01,2007-07-16,2013-11-12,-2.47,3.87,2.0,2.0,17,5,55799998,1,MA,software,1,0,0,1,1,4.0,1,1263,-900,1411,Software,High
California,36.116203,-119.681564,Fountain Valley,Hang w/,operating,2011-04-20,2013-07-16,2013-07-16,2.24,2.24,1.57,2.24,4,1,2000000,2,CA,photo_video,0,0,1,0,0,2.0,0,1264,818,818,Software,Low
New York,40.762669,-73.968272,New York,SingWho,operating,2012-01-01,2013-03-25,2013-03-25,1.23,1.23,0.75,0.75,2,1,300000,1,NY,music,0,1,0,0,0,2.0,0,1265,449,449,Service,Low
California,36.116203,-119.681564,Pasadena,SquareOne,operating,2012-11-01,2013-08-05,2013-08-05,0.76,0.76,1.03,1.03,3,1,150000,1,CA,games_video,1,0,0,0,0,1.0,0,1266,277,277,Software,Low
California,36.116203,-119.681564,Santa Monica,Bettyvision,closed,2012-01-15,2012-09-01,2013-05-20,0.63,1.35,0.0,0.0,1,2,200000,1,CA,web,0,1,0,0,0,1.0,0,1267,230,491,Software,Low
Tennessee,36.1825607,-86.7487126,Nashville,Artist Growth,operating,2011-01-01,2013-03-15,2013-03-15,2.2,2.2,0.41,0.41,4,1,2000000,1,TN,mobile,0,0,0,0,0,4.0,0,1268,804,804,software,Low
Ohio,39.0472046,-84.5599169,Cincinnati,Skinny Mom,operating,2011-04-01,2013-03-15,2013-03-15,1.96,1.96,2.0,2.0,7,1,100000,2,OH,health,0,1,0,0,0,1.0,1,1269,714,714,Service,Low
California,37.7816707,-122.3924896,San Francisco,MessageMe,operating,2012-01-01,2012-07-01,2013-05-16,0.5,1.37,1.5,1.85,6,4,13375000,3,CA,messaging,1,1,1,0,0,4.75,1,1270,182,501,Software,High
California,36.116203,-119.681564,Palo Alto,RelateIQ,operating,2011-01-01,2011-08-23,2013-06-12,0.64,2.45,2.58,2.58,3,3,29000000,2,CA,enterprise,0,1,1,1,0,2.67,1,1271,234,893,Software,High
Texas,32.7968129,-96.8036123,Dallas,CrowdFeed,operating,2013-01-01,2013-03-01,2013-03-01,0.16,0.16,0.0,0.0,2,1,25000,1,TX,mobile,0,1,0,0,0,1.0,0,1272,59,59,software,Low
Missouri,38.6283027,-90.1906904,St. Louis,Time To Cater,operating,2009-11-01,2013-01-01,2013-01-01,3.17,3.17,0.0,3.34,1,2,100000,2,MO,ecommerce,0,1,0,0,0,1.0,1,1273,1157,1157,Software,Low
California,37.4990401,-122.2161198,Redwood City,Genapsys,operating,2010-01-01,2013-03-22,2013-11-14,3.22,3.87,3.87,3.87,2,2,45500000,1,CA,biotech,0,0,1,1,0,4.0,1,1274,1176,1413,software,High
Georgia,33.909439,-84.44041,Atlanta,LoopFuse,operating,2007-01-01,2009-02-12,2009-02-12,2.12,2.12,3.53,5.0,7,1,1400000,3,GA,enterprise,0,0,1,0,0,1.0,1,1275,773,773,Software,Low
New York,42.165726,-74.948051,New York,ElectNext,operating,2011-11-01,2013-04-02,2013-04-02,1.42,1.42,1.42,1.42,1,1,1300000,1,NY,analytics,0,1,0,0,0,6.0,1,1276,518,518,Software,Low
California,36.116203,-119.681564,Beverly Hills,Realty Mogul,operating,2012-01-01,2013-03-20,2013-04-01,1.22,1.25,1.27,1.27,1,2,1050000,1,CA,real_estate,1,1,0,0,0,2.0,0,1278,444,456,Business,Low
Texas,31.054487,-97.563461,Plano,Choose Energy,operating,2008-01-01,2013-03-26,2013-11-07,5.24,5.85,5.59,5.59,7,2,11500000,1,TX,cleantech,0,0,1,1,0,3.5,1,1279,1911,2137,Business,High
Maryland,39.063946,-76.802101,Baltimore,Asurvest,operating,2013-01-01,2013-03-01,2013-03-01,0.16,0.16,0.5,0.5,6,1,50000,1,MD,software,0,1,0,0,0,1.0,0,1280,59,59,Software,Low
California,34.0579135,-118.4461769,Los Angeles,dreamsha.re,operating,2013-02-03,2013-03-01,2013-03-01,0.07,0.07,0.0,0.0,2,1,20000,1,CA,software,0,1,0,0,0,1.0,0,1281,26,26,Software,Low
California,37.5207463,-122.2561061,Redwood City,Bina Technologies,operating,2010-01-01,2011-04-21,2013-07-30,1.3,3.58,2.0,2.0,10,4,10304545,1,CA,analytics,1,1,0,1,0,1.5,1,1282,475,1306,Software,Medium
New York,42.165726,-74.948051,New York,Relationship Science,operating,2010-01-01,2010-01-01,2013-06-03,0.0,3.42,2.0,2.0,3,2,90000000,1,NY,other,0,0,0,0,0,8.5,1,1283,0,1249,Business,High
Georgia,33.9058944,-84.4358414,Atlanta,PowWowHR,operating,2012-12-12,2012-12-17,2013-01-02,0.01,0.06,0.01,0.01,3,2,4302352,1,GA,enterprise,0,0,1,1,0,3.0,0,1284,5,21,Software,Medium
California,36.116203,-119.681564,San Diego,Proximal Data,operating,2011-01-01,2012-10-24,2013-04-26,1.81,2.32,2.0,2.0,2,4,7999996,1,CA,software,1,0,0,1,0,2.0,1,1285,662,846,Software,Medium
California,37.785271,-122.3975806,San Francisco,Good.Co,closed,2012-01-01,2012-12-20,2013-11-12,0.97,1.87,0.33,0.33,4,2,1418000,1,CA,web,0,1,0,0,0,6.0,1,1286,354,681,Software,Low
Wisconsin,43.0674478,-89.3923971,Madison,Propeller Health,operating,2007-01-01,2012-06-25,2013-04-05,5.48,6.26,5.84,6.26,5,3,13865200,2,WI,medical,0,0,1,0,0,1.0,1,1287,2002,2286,Service,High
California,29.717881,-95.452352,Fullerton,SeatKarma,closed,2008-03-01,2008-01-01,2008-01-01,-0.16,-0.16,1.0,1.0,3,1,30000,1,CA,web,0,1,0,0,0,1.0,0,1288,-60,-60,Software,Low
Massachusetts,42.6751888,-71.1469003,Andover,AppZero,operating,2009-01-01,2003-05-01,2007-02-06,-5.68,-1.9,3.92,3.92,7,4,15100000,1,MA,software,0,1,1,1,0,2.0,1,1289,-2072,-695,Software,High
South Carolina,34.849294,-82.3996325,Greenville,Dealer Ignition,operating,2007-11-07,2009-03-27,2009-03-27,1.39,1.39,1.37,4.15,16,1,100000,2,SC,advertising,0,0,0,0,0,1.0,0,1290,506,506,Service,Low
Massachusetts,42.3622911,-71.0816903,Cambridge,Sentimed Medical Corporation,operating,2010-11-01,2010-11-01,2013-01-01,0.0,2.17,2.17,2.17,4,2,475000,1,MA,medical,0,1,0,0,0,1.0,0,1291,0,792,Service,Low
California,37.511228,-122.200622,Redwood City,Course Hero,operating,2006-10-01,2010-01-01,2010-07-13,3.25,3.78,4.13,5.78,5,2,2383000,2,CA,education,0,1,0,0,0,6.0,1,1292,1188,1381,Service,Medium
New York,40.750669,-73.985265,New York,Mic Network,operating,2011-06-01,2013-03-01,2013-10-27,1.75,2.41,0.0,2.38,2,2,5000000,2,NY,news,0,0,0,0,0,3.5,1,1293,639,879,Service,Medium
California,36.116203,-119.681564,Culver City,Pickwick & Weller,operating,2012-01-01,2012-07-01,2013-04-03,0.5,1.25,0.0,0.0,3,3,4000000,1,CA,ecommerce,1,0,0,0,0,3.67,1,1294,182,458,Software,Medium
California,36.116203,-119.681564,Santa Monica,MD Insider,closed,2012-01-01,2012-02-01,2012-02-01,0.08,0.08,1.58,1.58,5,1,450000,1,CA,other,0,1,0,0,0,1.0,0,1295,31,31,Business,Low
Indiana,39.849426,-86.258278,Indianapolis,MaxTradeIn.com,operating,2011-09-04,2012-12-01,2013-06-11,1.24,1.77,1.74,1.74,5,2,1407360,1,IN,automotive,0,1,0,0,0,1.0,0,1296,454,646,Service,Low
New York,42.165726,-74.948051,New York,Floored,operating,2012-07-01,2012-12-01,2012-12-01,0.42,0.42,0.0,0.83,4,1,1100000,2,NY,software,0,1,0,0,0,7.0,1,1297,153,153,Software,Low
Texas,31.054487,-97.563461,Austin,Digby,operating,2006-01-01,2008-10-28,2012-03-27,2.82,6.24,4.0,7.35,8,4,16750000,3,TX,mobile,0,0,1,1,1,2.5,1,1298,1031,2277,software,High
Virginia,37.769337,-78.169968,Charlottesville,VividCortex,operating,2012-01-01,2012-10-12,2013-08-07,0.78,1.6,0.66,0.66,2,3,2673000,1,VA,analytics,1,1,0,0,0,1.5,1,1299,285,584,Software,Medium
California,37.7810008,-122.3955574,San Francisco,Handle,operating,2011-05-24,2011-11-01,2013-10-09,0.44,2.38,0.1,1.94,2,3,8310000,2,CA,messaging,0,0,1,0,0,1.5,1,1300,161,869,Software,Medium
California,36.116203,-119.681564,Palo Alto,Retrace,operating,2012-07-09,2013-04-01,2013-04-01,0.73,0.73,0.0,0.81,2,1,100000,2,CA,mobile,0,1,0,0,0,3.0,1,1301,266,266,software,Low
Virginia,37.769337,-78.169968,Reston,Canvas,operating,2008-08-01,2008-08-01,2013-05-03,0.0,4.76,0.96,5.31,21,6,9295000,4,VA,mobile,0,1,1,1,1,1.33,1,1302,0,1736,software,Medium
New York,42.165726,-74.948051,New York,PeepsOut Inc.,operating,2011-01-01,2013-10-01,2013-10-01,2.75,2.75,0.0,2.56,2,1,260000,2,NY,mobile,0,1,0,0,0,1.0,0,1303,1004,1004,software,Low
Texas,31.054487,-97.563461,Austin,SimplyTapp,closed,2011-01-01,2013-02-01,2013-11-27,2.09,2.91,2.87,2.87,4,2,200000,1,TX,mobile,0,1,1,0,0,2.0,1,1304,762,1061,software,Low
Pennsylvania,40.532969,-80.010645,Pittsburgh,Avere Systems,operating,2008-01-01,2010-08-05,2012-07-10,2.59,4.53,1.67,5.01,16,2,37000000,2,PA,network_hosting,0,0,0,1,1,3.5,1,1305,947,1652,Software,High
New York,40.7298056,-74.0082188,New York,Kinsa,operating,2012-03-27,2012-08-14,2012-08-14,0.38,0.38,0.0,0.0,2,1,2000000,1,NY,health,0,0,0,0,0,4.0,1,1306,140,140,Service,Low
California,37.4498742,-122.1209066,Palo Alto,Shopgate,operating,2009-01-01,2010-01-01,2013-06-06,1.0,4.43,4.81,4.87,5,3,9400000,3,CA,mobile,0,1,1,1,0,1.33,1,1307,365,1617,software,Medium
California,36.116203,-119.681564,San Francisco,Traffio,closed,2012-03-01,2012-01-01,2013-07-31,-0.16,1.42,0.0,0.0,2,3,700000,1,CA,games_video,0,1,0,0,0,1.0,1,1308,-60,517,Software,Low
California,37.7899027,-122.4007846,San Francisco,Bountysource,operating,2012-08-22,2013-07-17,2013-07-17,0.9,0.9,-0.56,-0.56,4,1,1100000,1,CA,web,0,1,0,0,0,2.0,0,1309,329,329,Software,Low
Kentucky,38.257035,-85.717393,Louisville,First30Days,operating,2008-02-01,2007-01-01,2007-02-11,-1.08,-0.97,0.07,0.07,26,2,5000000,1,KY,web,0,1,1,0,0,2.0,1,1310,-396,-355,Software,Medium
New York,40.745064,-73.992637,New York,Just Sing It,operating,2012-05-08,2013-04-25,2013-04-25,0.96,0.96,0.48,0.96,4,1,1000000,2,NY,games_video,1,0,0,0,0,6.0,1,1311,352,352,Software,Low
Massachusetts,42.3650128,-71.1606038,Watertown,Syros Pharmaceuticals,operating,2013-04-16,2013-04-11,2013-04-11,-0.01,-0.01,-0.29,-0.29,3,1,30000000,1,MA,biotech,0,0,1,0,0,2.0,1,1312,-5,-5,software,High
Illinois,40.349457,-88.986137,Chicago,Joint Loyalty,operating,2012-08-13,2013-06-13,2013-10-01,0.83,1.13,0.13,0.81,2,2,35000,2,IL,advertising,0,1,0,0,0,1.0,0,1313,304,414,Service,Low
California,36.116203,-119.681564,Mountain View,Tynker,operating,2012-01-01,2013-04-11,2013-04-11,1.28,1.28,1.0,1.6,3,1,3250000,2,CA,education,1,0,0,0,0,7.0,1,1314,466,466,Service,Medium
California,36.116203,-119.681564,Burlingame,Vastrm,operating,2010-01-01,2012-01-01,2013-08-29,2.0,3.66,2.75,3.73,2,2,1000000,2,CA,fashion,0,1,0,0,0,5.0,1,1315,730,1336,Business,Low
Oregon,45.5266975,-122.6880503,PORTLAND,Lytics,operating,2012-01-01,2013-07-19,2013-08-09,1.55,1.61,1.57,1.61,4,2,2300000,2,OR,software,0,0,0,0,0,5.0,1,1316,565,586,Software,Medium
California,37.777995,-122.408914,San Francisco,MyLikes,closed,2010-01-01,2010-04-13,2010-11-30,0.28,0.91,0.92,2.08,9,2,6230000,2,CA,advertising,0,1,1,0,0,7.0,1,1317,102,333,Service,Medium
California,33.582807,-117.727651,Aliso Viejo,Arkami,operating,2012-04-01,2013-08-13,2013-08-13,1.37,1.37,1.42,1.42,9,1,1800000,1,CA,hardware,0,0,1,0,0,3.0,0,1318,499,499,Hardware,Low
Texas,30.498112,-97.777273,Austin,UnboundID,operating,2007-12-01,2008-12-02,2012-03-27,1.01,4.32,0.04,4.32,18,2,14500000,2,TX,software,0,0,1,1,0,1.0,1,1319,367,1578,Software,High
Washington,47.603364,-122.333359,Seattle,Optify,operating,2008-08-08,2008-10-10,2012-07-16,0.17,3.94,2.2,4.73,18,3,10849999,3,WA,software,1,0,1,1,0,6.5,1,1320,63,1438,Software,Medium
California,37.7850379,-122.4070839,San Francisco,built.io,operating,2013-01-01,2012-11-13,2012-11-13,-0.13,-0.13,0.75,0.85,4,1,600000,2,CA,software,0,1,0,0,0,2.0,0,1321,-49,-49,Software,Low
New York,40.7454098,-73.9822211,New York,Cognitive Match,operating,2009-01-01,2009-07-01,2011-05-18,0.5,2.38,2.33,2.82,11,3,10150000,3,NY,advertising,0,0,1,1,1,1.33,0,1322,181,867,Service,Medium
New York,40.727216,-73.994797,New York,Simulmedia,operating,2009-01-01,2009-03-06,2013-12-10,0.18,4.94,1.3,4.12,5,6,57250008,3,NY,advertising,1,0,1,1,1,2.6,1,1323,64,1804,Service,High
California,36.116203,-119.681564,San Francisco,Brandcast,operating,2012-01-01,2012-01-01,2013-01-01,0.0,1.0,0.0,1.29,4,2,1800000,2,CA,web,0,1,1,0,0,1.0,0,1324,0,366,Software,Low
Virginia,38.9530391,-77.3479238,Reston,VisualCV,closed,2006-12-19,2008-02-11,2008-02-11,1.15,1.15,1.15,3.55,8,1,5000000,4,VA,web,0,0,1,0,0,2.0,1,1325,419,419,Software,Medium
Utah,40.769795,-111.904545,Salt Lake City,Radiate Media,operating,2011-01-01,2011-11-01,2013-08-21,0.83,2.64,0.83,0.83,3,2,29474557,1,UT,news,1,0,0,1,0,3.0,1,1326,304,963,Service,High
California,37.4189073,-122.0884286,Mountain View,Gridstore,operating,2009-01-01,2010-12-29,2013-12-04,1.99,4.93,3.79,3.84,7,3,25470400,2,CA,network_hosting,0,0,1,1,0,3.33,1,1327,727,1798,Software,High
Georgia,33.7489954,-84.3879824,Atlanta,Ionic Security,operating,2011-01-01,2013-04-19,2013-04-19,2.3,2.3,2.3,2.3,2,1,9400000,1,GA,security,0,0,1,0,0,5.0,1,1328,839,839,Service,Medium
Colorado,40.146898,-105.1350397,Longmont,Rebit,operating,2007-01-01,2008-12-01,2010-01-22,1.92,3.06,2.0,3.63,8,2,6700000,2,CO,software,0,0,0,1,1,3.0,1,1331,700,1117,Software,Medium
Washington,47.400902,-121.490494,Seattle,LiquidPlanner,closed,2006-03-01,2008-01-01,2009-06-22,1.84,3.31,3.34,6.79,4,2,2200000,4,WA,software,0,1,0,0,0,2.5,1,1332,671,1209,Software,Medium
Colorado,39.733536,-104.992611,Denver,Brandfolder,operating,2012-11-01,2013-03-01,2013-05-13,0.33,0.53,0.5,0.5,4,2,320000,1,CO,software,0,1,0,0,0,1.0,1,1333,120,193,Software,Low
California,36.116203,-119.681564,San Francisco,InVitae,operating,2012-01-01,2011-03-29,2013-12-10,-0.76,1.94,0.67,0.67,4,3,71857112,1,CA,biotech,1,0,1,0,0,5.0,0,1334,-278,709,software,High
California,36.116203,-119.681564,Pleasanton,SmartZip Analytics,operating,2009-01-01,2009-03-10,2010-04-19,0.19,1.3,0.0,1.7,12,2,6550000,2,CA,analytics,1,0,1,0,0,3.0,1,1335,68,473,Software,Medium
California,36.116203,-119.681564,San Francisco,Keas,operating,2008-01-01,2009-06-01,2013-06-25,1.42,5.48,3.6,5.33,22,3,25500000,3,CA,enterprise,0,0,1,1,0,2.33,1,1336,517,2002,Software,High
California,36.116203,-119.681564,Sunnyvale,Gainspeed,operating,2012-01-01,2013-01-14,2013-10-23,1.04,1.81,0.0,0.0,8,2,23272000,1,CA,network_hosting,0,0,1,1,0,2.0,1,1337,379,661,Software,High
California,37.3723285,-122.0650215,Mountain View,PayTango,operating,2012-08-01,2013-01-01,2013-01-01,0.42,0.42,0.0,0.0,4,1,700000,1,CA,software,0,1,0,0,0,2.0,1,1338,153,153,Software,Low
New York,40.75406,-73.999003,New York,33Across,operating,2007-09-01,2009-03-13,2012-07-19,1.53,4.88,3.35,6.01,23,4,24134560,3,NY,advertising,0,1,1,1,1,4.25,1,1339,559,1783,Service,High
California,36.116203,-119.681564,Palo Alto,Qubole,operating,2011-01-01,2013-04-24,2013-04-24,2.31,2.31,2.16,2.16,3,1,7000000,1,CA,enterprise,0,0,1,0,0,4.0,1,1340,844,844,Software,Medium
California,36.116203,-119.681564,San Francisco,thredUP,operating,2009-01-01,2010-02-24,2012-10-03,1.15,3.76,2.0,4.33,6,5,25820000,2,CA,fashion,1,0,0,1,1,2.5,1,1341,419,1371,Business,High
California,36.116203,-119.681564,Redwood City,Poken,operating,2007-12-17,2010-05-18,2010-05-18,2.42,2.42,2.42,4.29,18,1,1800000,3,CA,enterprise,0,0,1,0,0,1.0,0,1342,883,883,Software,Low
California,37.442601,-122.162159,San JOSE,Powervation,operating,2006-01-01,2007-12-17,2012-12-05,1.96,6.93,5.0,5.0,12,4,26996651,1,CA,hardware,0,0,1,1,1,3.75,1,1343,715,2530,Hardware,High
California,36.116203,-119.681564,San Mateo,Pivotal,operating,2013-01-01,2013-04-24,2013-05-14,0.31,0.36,0.0,0.86,7,2,210111114,2,CA,enterprise,1,0,0,0,0,1.0,0,1344,113,133,Software,High
California,37.7891642,-122.4015878,San Francisco,PresenceLearning,operating,2009-01-01,2013-04-26,2013-04-26,4.32,4.32,2.0,2.0,3,1,8000000,1,CA,education,1,0,0,0,0,6.0,1,1345,1576,1576,Service,Medium
Texas,31.054487,-97.563461,Plano,BookShout!,operating,2011-02-01,2011-02-11,2013-04-25,0.03,2.23,-1.08,2.57,1,3,8750000,2,TX,software,0,1,1,1,0,1.0,0,1346,10,814,Software,Medium
California,36.116203,-119.681564,San Francisco,Clustrix,operating,2006-01-01,2006-01-01,2013-08-19,0.0,7.64,7.05,7.59,20,6,47750000,2,CA,enterprise,1,1,0,1,1,2.8,1,1347,0,2787,Software,High
New York,42.165726,-74.948051,Brooklyn,Dash Software,operating,2011-01-01,2013-07-18,2013-07-18,2.55,2.55,0.0,0.0,2,1,700000,1,NY,mobile,0,1,0,0,0,3.0,1,1348,929,929,software,Low
California,36.116203,-119.681564,Los Angeles,Moonfrye,operating,2012-01-01,2013-04-25,2013-11-25,1.32,1.9,1.0,1.62,1,2,3600000,2,CA,web,0,1,0,0,0,4.0,1,1349,480,694,Software,Medium
Minnesota,45.694454,-93.900192,Maple Grove,Conventus Orthopaedics,operating,2009-01-01,2013-03-04,2013-10-03,4.17,4.76,2.0,2.0,3,2,16900333,1,MN,biotech,1,0,0,0,0,3.0,0,1350,1523,1736,software,High
New York,40.739992,-74.003839,New York,Plated,operating,2012-01-01,2013-04-02,2013-05-09,1.25,1.35,1.93,1.93,3,2,1400000,1,NY,ecommerce,0,1,0,0,0,4.0,1,1351,457,494,Software,Low
Florida,28.5404604,-81.3797629,Orlando,TapShield,operating,2013-02-02,2013-08-29,2013-12-10,0.57,0.85,0.66,0.66,9,2,1350000,1,FL,security,0,1,0,0,0,1.0,0,1352,208,311,Service,Low
Tennessee,35.747845,-86.692345,Chattanooga,SupplyHog,operating,2011-01-01,2013-06-07,2013-06-07,2.43,2.43,1.0,1.0,2,1,2500000,1,TN,real_estate,0,0,0,0,0,2.0,1,1353,888,888,Business,Medium
Wisconsin,43.0748093,-89.3813697,Madison,Drifty,closed,2012-01-01,2013-01-01,2013-01-01,1.0,1.0,0.0,0.0,2,1,118000,1,WI,web,0,1,0,0,0,1.0,1,1354,366,366,Software,Low
California,36.116203,-119.681564,Palo Alto,Conspire,operating,2012-07-01,2013-01-14,2013-01-14,0.54,0.54,0.0,0.0,2,1,118000,1,CA,analytics,0,1,0,0,0,1.0,1,1355,197,197,Software,Low
New York,40.7040072,-73.986759,Brooklyn,Maker's Row,operating,2012-11-01,2013-07-19,2013-07-19,0.71,0.71,0.0,0.71,3,1,1000000,2,NY,other,0,1,0,0,0,8.0,1,1356,260,260,Business,Low
New York,40.7575819,-73.9759558,New York,LightSail Education,operating,2012-05-01,2013-11-18,2013-11-18,1.55,1.55,1.13,1.29,6,1,3500000,2,NY,education,0,0,1,0,0,2.0,0,1357,566,566,Service,Medium
Ohio,39.1097811,-84.5051496,Cincinnati,BlackbookHR,closed,2009-11-01,2011-09-01,2011-09-01,1.83,1.83,3.41,3.41,6,1,1250000,1,OH,enterprise,0,1,0,0,0,2.0,1,1359,669,669,Software,Low
New York,40.758343,-73.990152,New York,Magnetic,operating,2008-01-01,2009-03-16,2012-06-07,1.21,4.44,4.5,5.17,28,3,16250000,2,NY,advertising,0,1,1,1,0,5.0,1,1360,440,1619,Service,High
New York,40.7492278,-73.9944757,New York,PaintZen,operating,2013-04-01,2013-09-24,2013-09-24,0.48,0.48,0.0,0.0,3,1,220000,1,NY,web,0,1,0,0,0,1.0,1,1361,176,176,Software,Low
California,36.116203,-119.681564,West Hollywood,F.8 Interactive,operating,2007-01-01,2013-04-30,2013-04-30,6.33,6.33,6.17,6.17,8,1,150000,1,CA,games_video,0,1,0,0,0,1.0,0,1362,2311,2311,Software,Low
California,36.116203,-119.681564,West Hollywood,Snapcious,operating,2011-04-01,2012-12-01,2012-12-01,1.67,1.67,2.18,2.18,10,1,150000,1,CA,mobile,0,1,0,0,0,1.0,0,1363,610,610,software,Low
Ohio,41.50699,-81.66789,Cleveland,LibriLoop,closed,2010-05-16,2011-09-06,2011-09-06,1.31,1.31,0.0,0.0,1,1,50000,1,OH,cleantech,0,1,0,0,0,1.0,0,1366,478,478,Business,Low
Maine,44.693947,-69.381927,Portland,CashStar,operating,2007-12-01,2008-01-01,2012-07-10,0.08,4.61,3.09,4.61,21,4,26000000,3,ME,ecommerce,1,0,1,1,1,3.0,1,1367,31,1683,Software,High
California,37.398129,-122.013449,Mountain View,Play-i,operating,2012-11-01,2013-05-01,2013-12-06,0.5,1.1,0.17,1.1,4,2,2400000,2,CA,hardware,0,1,0,0,0,2.0,1,1368,181,400,Hardware,Medium
Massachusetts,42.230171,-71.530106,Boston,Crimson Hexagon,operating,2007-08-01,2011-01-06,2012-09-28,3.44,5.16,3.81,6.28,21,3,10478844,3,MA,analytics,0,0,0,1,0,1.0,0,1369,1254,1885,Software,Medium
Massachusetts,42.3406534,-71.0680027,Boston,SCVNGR,operating,2008-01-01,2008-06-01,2012-08-02,0.42,4.59,3.36,4.59,9,6,40785000,3,MA,games_video,1,1,1,1,0,2.0,1,1370,152,1675,Software,High
New York,40.720391,-73.9983139,New York,Kapitall,operating,2008-03-01,2010-09-17,2010-09-17,2.55,2.55,2.59,4.42,24,1,7300000,3,NY,finance,0,0,1,0,0,2.0,0,1372,930,930,Service,Medium
Massachusetts,42.3847233,-71.2643385,Waltham,Q Factor Communications,operating,2012-02-01,2012-11-13,2013-10-29,0.78,1.74,2.38,2.38,12,2,8143000,1,MA,mobile,0,0,1,0,0,2.0,1,1373,286,636,software,Medium
California,37.7651521,-122.3946941,San Francisco,Channel Medsystems,operating,2009-01-01,2013-05-02,2013-05-02,4.33,4.33,0.0,0.0,2,1,9787000,1,CA,biotech,0,0,0,1,0,3.0,0,1374,1582,1582,software,Medium
Washington,47.400902,-121.490494,Bellingham WA,AVA.ai,operating,2007-01-01,2013-05-02,2013-05-02,6.34,6.34,6.17,6.17,3,1,16000000,1,WA,consulting,0,0,0,0,0,1.0,0,1375,2313,2313,Business,High
California,37.4484914,-122.1802812,Menlo Park,Curious.com,operating,2012-01-01,2012-05-01,2013-05-02,0.33,1.33,0.0,1.65,2,2,14500000,2,CA,education,1,0,1,0,0,2.5,1,1376,121,487,Service,High
New York,40.7078343,-74.0136605,New York,GameChanger Media,operating,2009-01-01,2009-01-31,2011-11-29,0.08,2.91,2.45,3.12,8,5,3637657,2,NY,software,1,1,0,0,0,1.0,1,1377,30,1062,Software,Medium
Pennsylvania,39.9502045,-75.1618758,Philadelphia,Snipi,operating,2007-01-01,2011-11-04,2013-01-11,4.84,6.03,2.36,2.36,1,2,4025000,1,PA,ecommerce,0,0,1,0,0,4.0,1,1378,1768,2202,Software,Medium
California,36.116203,-119.681564,San Francisco,Medlert,operating,2011-01-01,2012-01-01,2013-09-23,1.0,2.73,1.0,1.0,2,3,1275388,1,CA,health,0,1,0,0,0,1.0,0,1379,365,996,Service,Low
California,38.542425,-121.743929,Davis,Greekdrop,closed,2012-08-01,2013-01-01,2013-01-01,0.42,0.42,-0.17,-0.17,1,1,10000,1,CA,ecommerce,0,1,0,0,0,1.0,0,1380,153,153,Software,Low
Washington,47.6103008,-122.3399782,Seattle,Z2Live,operating,2009-01-01,2008-10-01,2011-03-30,-0.25,2.24,0.61,3.5,13,3,6499999,3,WA,games_video,0,0,1,1,0,1.33,1,1381,-92,818,Software,Medium
Minnesota,44.977482,-93.264351,Minneapolis,SwapBeats,closed,2008-03-04,2013-02-04,2013-02-04,4.93,4.93,3.24,4.83,15,1,300000,2,MN,software,0,1,0,0,0,3.0,0,1382,1798,1798,Software,Low
California,36.116203,-119.681564,Berkeley,BioBeats,operating,2012-01-01,2013-08-01,2013-08-01,1.58,1.58,1.0,1.58,5,1,650000,2,CA,health,0,1,0,0,0,4.0,0,1383,578,578,Service,Low
California,37.7824505,-122.4107479,San Francisco,Minbox,closed,2012-04-01,2012-05-11,2012-05-11,0.11,0.11,0.0,0.0,3,1,800000,1,CA,software,0,1,0,0,0,8.0,1,1384,40,40,Software,Low
New York,42.165726,-74.948051,New York,LendKey Technologies,operating,2007-01-01,2013-08-07,2013-08-07,6.6,6.6,1.58,6.6,4,1,12500000,2,NY,network_hosting,0,0,0,1,0,4.0,1,1385,2410,2410,Software,High
California,37.485062,-122.210949,Redwood City,PayClip,operating,2013-04-01,2013-04-01,2013-11-17,0.0,0.63,0.17,0.17,5,3,3625000,1,CA,mobile,0,1,0,0,0,2.5,0,1387,0,230,software,Medium
New York,40.7413035,-73.9929207,New York,AppCard,operating,2011-01-01,2012-01-01,2012-01-01,1.0,1.0,1.0,1.0,3,1,6500000,1,NY,advertising,0,0,1,0,0,4.0,1,1388,365,365,Service,Medium
California,34.1012181,-118.325739,Los Angeles,Ranker,operating,2008-05-02,2008-06-01,2013-06-27,0.08,5.16,3.42,5.16,13,4,5100000,3,CA,web,1,1,1,0,0,6.33,1,1389,30,1882,Software,Medium
California,36.116203,-119.681564,SF,Prompt.ly,operating,2013-01-01,2013-11-25,2013-11-25,0.9,0.9,0.0,0.0,2,1,1500000,1,CA,software,0,0,0,0,0,2.0,0,1390,328,328,Software,Low
California,36.116203,-119.681564,Sunnyvale,Muzzley,closed,2012-03-01,2012-12-10,2013-03-01,0.78,1.0,0.92,0.92,3,2,1000000,1,CA,software,0,1,1,0,0,1.0,1,1391,284,365,Software,Low
California,34.007112,-118.489748,Santa Monica,Tongal,operating,2009-05-01,2008-06-01,2013-01-14,-0.92,3.71,3.71,3.71,13,2,16000000,1,CA,web,0,1,1,0,0,1.0,1,1392,-334,1354,Software,High
California,36.116203,-119.681564,San Diego,Lumena Pharmaceuticals,operating,2011-01-01,2012-05-24,2013-05-08,1.39,2.35,0.08,0.08,3,2,25550150,1,CA,biotech,0,0,1,0,0,3.0,1,1393,509,858,software,High
California,36.116203,-119.681564,San Francisco,Pict,operating,2012-02-03,2013-04-26,2013-04-26,1.23,1.23,1.0,1.22,2,1,1400000,2,CA,ecommerce,0,1,0,0,0,9.0,1,1394,448,448,Software,Low
Tennessee,35.747845,-86.692345,Memphis,Boosterville,operating,2013-02-08,2013-02-01,2013-02-01,-0.02,-0.02,0.0,0.27,2,1,15000,2,TN,mobile,0,1,0,0,0,2.0,0,1395,-7,-7,software,Low
California,36.116203,-119.681564,Irvine,uParts,operating,2011-01-01,2013-05-10,2013-05-10,2.36,2.36,1.0,1.0,1,1,2000000,1,CA,ecommerce,0,0,1,0,0,2.0,1,1396,860,860,Software,Low
California,36.116203,-119.681564,San Jose,1World Online,closed,2011-12-01,2013-07-02,2013-07-02,1.59,1.59,1.27,1.58,4,1,1000000,2,CA,enterprise,0,0,1,0,0,1.0,0,1398,579,579,Software,Low
New York,40.745245,-73.988347,New York,Everwise,closed,2012-04-01,2012-05-01,2013-06-19,0.08,1.22,0.75,0.75,2,2,3450000,1,NY,software,0,1,0,0,0,1.0,1,1400,30,444,Software,Medium
Illinois,40.349457,-88.986137,Chicago,Pangea,operating,2012-09-01,2013-05-01,2013-05-01,0.66,0.66,-5.67,-5.67,4,1,1000000,1,IL,finance,0,1,0,0,0,7.0,1,1401,242,242,Service,Low
Georgia,33.040619,-83.643074,Atlanta,T5 Data Centers,operating,2008-01-01,2013-05-14,2013-05-14,5.37,5.37,5.37,5.37,0,1,113000000,1,GA,security,0,0,0,0,0,3.0,0,1402,1960,1960,Service,High
California,37.5389117,-122.0644999,Newark,CellScape,operating,2008-01-01,2009-05-01,2013-05-10,1.33,5.36,5.01,5.01,5,5,12000000,1,CA,biotech,1,1,1,1,0,1.75,1,1403,486,1956,software,High
New York,40.73343,-73.990967,New York,Chartbeat,operating,2009-04-01,2010-09-01,2012-04-16,1.42,3.04,1.79,4.68,17,4,14475000,3,NY,analytics,1,0,0,1,0,7.0,1,1404,518,1111,Software,High
California,36.116203,-119.681564,Newport Beach,Airware,operating,2011-01-01,2013-03-31,2013-05-15,2.25,2.37,1.12,1.12,1,2,13700000,1,CA,hardware,0,0,1,0,0,8.0,1,1405,820,865,Hardware,High
California,36.116203,-119.681564,San Francisco,One Kings Lane,operating,2009-01-01,2009-12-06,2012-12-12,0.93,3.95,0.93,4.73,26,4,113000000,3,CA,ecommerce,1,0,0,1,1,4.0,1,1406,339,1441,Software,High
Hawaii,21.094318,-157.498337,Honolulu,Volta Industries,closed,2010-01-01,2012-07-27,2013-07-01,2.57,3.5,3.09,3.09,3,3,210000,1,HI,real_estate,1,1,0,0,0,1.0,0,1407,938,1277,Business,Low
Washington,47.400902,-121.490494,Bothell,WeVorce,operating,2012-01-01,2013-03-01,2013-11-21,1.16,1.89,1.89,1.89,1,2,1700000,1,WA,legal,0,1,0,0,0,1.5,1,1408,425,690,Service,Low
California,37.393836,-122.099454,Mountain View,HyTrust,operating,2008-01-01,2009-04-06,2013-08-26,1.26,5.65,2.2,5.66,16,3,34500000,3,CA,security,0,0,1,1,1,4.33,1,1409,461,2064,Service,High
Georgia,33.954713,-84.2213281,Norcross,Suniva,operating,2006-01-01,2008-02-01,2011-04-14,2.08,5.28,2.0,2.0,17,3,219400000,1,GA,cleantech,1,0,0,1,1,5.0,1,1410,761,1929,Business,High
New York,40.7065753,-74.0064639,New York,Justworks,operating,2012-10-01,2013-10-16,2013-10-16,1.04,1.04,0.62,0.62,4,1,1000000,1,NY,other,0,1,0,0,0,2.0,1,1411,380,380,Business,Low
California,33.878375,-118.3669308,Redondo Beach,Ninja Metrics,operating,2010-01-01,2012-07-17,2013-11-11,2.54,3.86,3.25,3.25,3,2,5400000,1,CA,analytics,1,0,1,0,0,2.5,1,1412,928,1410,Software,Medium
Washington,47.6209107,-122.361239,Seattle,ExtraHop Networks,operating,2007-01-01,2009-04-14,2011-05-03,2.28,4.34,2.28,3.0,9,2,19100000,2,WA,enterprise,0,0,1,1,0,2.5,1,1413,834,1583,Software,High
California,37.3834395,-122.0130457,Sunnyvale,FiscalNote,closed,2013-04-01,2013-06-01,2013-09-11,0.17,0.45,0.45,0.45,13,3,1231500,1,CA,enterprise,0,1,0,0,0,2.0,1,1415,61,163,Software,Low
California,36.116203,-119.681564,Irvine,Oculus VR,operating,2012-07-01,2012-08-01,2013-06-17,0.08,0.96,1.08,1.08,7,2,18400000,1,CA,hardware,0,0,1,0,0,5.0,1,1416,31,351,Hardware,High
Massachusetts,42.365867,-71.092285,Cambridge,Basho Technologies,operating,2007-12-01,2009-04-09,2012-07-17,1.36,4.63,3.58,5.19,18,6,33393001,3,MA,software,1,0,0,0,1,1.67,0,1418,495,1690,Software,High
California,36.116203,-119.681564,Encino,DanceOn,operating,2010-01-01,2013-10-10,2013-10-10,3.78,3.78,3.16,3.78,3,1,4000000,2,CA,music,1,0,0,0,0,2.0,0,1419,1378,1378,Service,Medium
California,38.709006,-121.084432,El Dorado Hills,BoardEvals,operating,2008-08-19,2008-08-01,2008-08-01,-0.05,-0.05,0.87,0.87,2,1,100000,1,CA,software,0,1,0,0,0,1.0,0,1420,-18,-18,Software,Low
California,37.7973814,-122.4052618,San Francisco,popexpert,operating,2012-01-01,2012-11-28,2013-05-21,0.91,1.39,1.39,1.39,3,4,4200000,1,CA,education,0,1,0,0,0,7.0,1,1421,332,506,Service,Medium
California,36.116203,-119.681564,Cupertino,Skyhigh Networks,operating,2011-01-01,2012-04-09,2013-05-22,1.27,2.39,1.0,2.39,6,2,26500000,2,CA,enterprise,0,0,0,1,0,2.0,1,1422,464,872,Software,High
Wisconsin,43.0739707,-89.3827247,Madison,Subsidence,operating,2012-08-20,2013-07-31,2013-07-31,0.95,0.95,-0.05,-0.05,1,1,50000,1,WI,analytics,0,1,0,0,0,2.0,0,1423,345,345,Software,Low
Colorado,40.02375,-105.226353,Boulder,OPX Biotechnologies,operating,2007-01-01,2007-05-01,2011-07-07,0.33,4.52,6.01,6.01,13,4,57600000,1,CO,cleantech,0,1,1,1,1,3.25,1,1424,120,1648,Business,High
Pennsylvania,40.590752,-77.209755,Pittsburgh,Foundation Radiology Group,operating,2006-01-01,2009-04-13,2013-07-08,3.28,7.52,2.0,2.0,1,2,16000000,1,PA,biotech,0,0,1,0,0,1.5,1,1425,1198,2745,software,High
New York,42.165726,-74.948051,New York,Zula,operating,2012-03-01,2013-05-22,2013-11-18,1.22,1.72,1.72,1.72,2,2,1000000,1,NY,mobile,0,1,0,0,0,4.5,1,1426,447,627,software,Low
Colorado,39.89674,-105.07359,Westminster,SpotXchange,operating,2006-11-01,2008-01-01,2010-12-15,1.17,4.12,4.12,6.17,23,2,12000000,2,CO,advertising,0,1,1,0,0,1.0,1,1427,426,1505,Service,High
California,36.116203,-119.681564,Aliso Viejo,Inceptus Medical,operating,2011-06-01,2013-10-16,2013-10-16,2.38,2.38,-0.41,-0.41,2,1,4700000,1,CA,medical,0,0,1,0,0,2.0,1,1428,868,868,Service,Medium
California,37.4757796,-121.9382415,Fremont,SolarEdge,operating,2006-01-01,2009-10-01,2011-10-24,3.75,5.81,5.75,5.75,7,3,85000000,1,CA,cleantech,1,0,0,1,1,6.33,1,1429,1369,2122,Business,High
Massachusetts,42.230171,-71.530106,Newton,InStream Media,closed,2007-01-01,2009-03-30,2011-05-26,2.24,4.4,4.0,4.69,5,3,2142981,2,MA,advertising,1,0,1,0,0,2.0,1,1430,819,1606,Service,Medium
Washington,47.400902,-121.490494,Seattle,Cozi,closed,2013-01-30,2013-01-31,2013-01-31,0.0,0.0,0.0,0.0,5,1,5800000,1,WA,mobile,0,0,1,0,0,3.0,0,1431,1,1,software,Medium
Illinois,41.8883695,-87.6353645,Chicago,SimpleRelevance,closed,2012-01-07,2012-03-01,2013-05-28,0.15,1.39,1.23,1.64,9,3,1268000,2,IL,software,0,1,1,0,0,2.33,1,1433,54,507,Software,Low
Pennsylvania,40.590752,-77.209755,Radnor,Novira Therapeutics,operating,2009-01-01,2011-07-26,2013-03-25,2.56,4.23,-2.0,-2.0,9,4,43995221,1,PA,biotech,0,0,1,1,0,3.0,1,1434,936,1544,software,High
Washington,47.6097449,-122.196699,Bellevue,Limeade,operating,2006-02-01,2007-01-01,2012-11-08,0.92,6.77,6.92,6.92,18,3,8993894,1,WA,health,0,1,1,1,0,1.0,1,1435,334,2472,Service,Medium
Washington,47.61766,-122.194024,Bellevue,Tipbit,closed,2011-01-01,2013-05-22,2013-05-22,2.39,2.39,2.62,2.62,2,1,1950000,1,WA,software,0,0,0,0,0,2.0,1,1436,872,872,Software,Low
California,36.116203,-119.681564,San Francisco,Sqwiggle,operating,2013-02-01,2013-08-29,2013-08-29,0.57,0.57,0.08,0.08,4,1,1100000,1,CA,software,0,1,0,0,0,7.0,1,1437,209,209,Software,Low
California,36.116203,-119.681564,San Francisco,Cotap,operating,2013-05-01,2013-05-28,2013-05-28,0.07,0.07,0.0,0.42,3,1,5500000,3,CA,mobile,0,0,1,0,0,2.0,1,1438,27,27,software,Medium
Missouri,38.6356297,-90.2459181,ST. LOUIS,GeneriCo,operating,2013-01-01,2013-05-15,2013-05-15,0.37,0.37,0.0,0.0,1,1,435000,1,MO,biotech,0,0,0,0,0,1.0,0,1439,134,134,software,Low
Pennsylvania,39.9564403,-75.1961715,Philadelphia,Vuzit,operating,2006-06-06,2006-07-01,2008-12-22,0.07,2.55,1.57,1.57,6,3,355000,1,PA,software,0,1,0,0,0,1.0,1,1440,25,930,Software,Low
California,37.383844,-121.918319,Palo Alto,Mixbook,operating,2006-08-30,2008-01-01,2011-08-01,1.34,4.92,3.68,7.23,4,2,11000000,4,CA,web,0,0,1,1,0,1.5,1,1441,489,1797,Software,Medium
Washington,47.5826585,-122.1352822,Bellevue,DataSphere,operating,2006-01-01,2010-01-05,2012-03-13,4.01,6.2,4.45,5.0,13,3,28805381,2,WA,advertising,0,0,0,1,1,1.0,1,1443,1465,2263,Service,High
New York,42.165726,-74.948051,New York,Greenhouse Software,closed,2012-01-01,2012-05-01,2013-11-14,0.33,1.87,0.33,0.33,3,3,3730270,1,NY,software,1,1,0,0,0,4.0,1,1445,121,683,Software,Medium
California,36.116203,-119.681564,Sunnyvale,Nanostim,operating,2007-01-01,2011-02-04,2013-05-03,4.1,6.34,2.0,2.0,3,5,38000903,1,CA,medical,1,0,0,0,0,3.0,1,1447,1495,2314,Service,High
Georgia,33.040619,-83.643074,Atlanta,Reflex Systems,operating,2008-04-01,2009-04-17,2011-05-27,1.04,3.15,-0.54,3.15,2,2,18500000,2,GA,security,0,0,1,1,0,1.0,0,1448,381,1151,Service,High
Massachusetts,42.230171,-71.530106,Boston,DataXu,operating,2009-09-01,2009-04-17,2013-02-07,-0.38,3.44,3.42,3.44,22,3,45800000,2,MA,advertising,0,0,1,1,1,3.0,1,1449,-137,1255,Service,High
Washington,47.400902,-121.490494,Seattle,Linea,operating,2011-04-01,2013-05-31,2013-05-31,2.17,2.17,2.0,2.17,2,1,4000000,2,WA,photo_video,0,0,0,0,0,1.0,0,1450,791,791,Software,Medium
California,36.116203,-119.681564,Hayward,Moximed,operating,2006-01-01,2011-12-05,2012-01-01,5.93,6.0,2.5,2.5,3,2,47607656,1,CA,biotech,1,0,1,0,0,4.0,1,1452,2164,2191,software,High
New York,42.165726,-74.948051,NEW-YORK,Happy Cloud,operating,2011-01-01,2013-04-23,2013-05-22,2.31,2.39,2.42,2.42,3,2,8500000,1,NY,games_video,0,0,1,0,0,3.0,1,1453,843,872,Software,Medium
California,37.2624336,-121.9577118,Campbell,"ChargePoint, Inc.",operating,2007-01-01,2009-01-26,2012-05-07,2.07,5.35,4.44,5.0,18,4,80250000,2,CA,cleantech,0,0,1,1,1,4.0,1,1454,756,1953,Business,High
Massachusetts,42.3028939,-71.0526443,Boston,Freight Farms,operating,2011-01-01,2013-02-25,2013-12-09,2.15,2.94,-1.0,-1.0,2,2,1200000,1,MA,other,0,1,1,0,0,2.0,1,1455,786,1073,Business,Low
California,36.116203,-119.681564,San Francisco,August,operating,2013-01-01,2013-01-01,2013-11-19,0.0,0.88,0.75,0.88,4,2,10000000,2,CA,hardware,0,0,1,0,0,8.0,1,1456,0,322,Hardware,Medium
North Carolina,35.8630913,-78.8245693,Morrisville,BlueStripe Software,operating,2007-01-01,2007-01-01,2009-04-20,0.0,2.3,2.3,5.68,17,2,13000000,3,NC,enterprise,0,0,1,1,0,1.5,1,1457,0,840,Software,High
New Jersey,40.298904,-74.521011,Tenafly,Mobiscope,closed,2012-09-01,2012-09-01,2012-11-01,0.0,0.17,0.0,0.0,4,2,600000,1,NJ,mobile,0,1,0,0,0,1.0,0,1458,0,61,software,Low
Tennessee,35.747845,-86.692345,Nashville,WellNow Urgent Care Holdings,operating,2011-01-01,2012-02-15,2013-04-12,1.12,2.28,1.0,1.0,4,2,54544948,1,TN,health,1,0,0,0,0,3.0,1,1459,410,832,Service,High
Colorado,40.0149856,-105.2705456,Boulder,Given Goods,operating,2012-01-01,2012-01-06,2013-05-06,0.01,1.35,0.16,0.16,2,3,588000,1,CO,ecommerce,0,1,0,0,0,1.0,1,1460,5,491,Software,Low
California,32.7153292,-117.1572551,San Diego,Shopventory,operating,2013-05-08,2013-05-13,2013-10-11,0.01,0.43,0.25,0.25,4,2,1000000,1,CA,analytics,1,1,0,0,0,1.0,1,1461,5,156,Software,Low
Massachusetts,42.3635847,-71.0824613,Cambridge,DapperJobs,operating,2013-03-01,2013-08-01,2013-08-01,0.42,0.42,0.0,0.0,3,1,20000,1,MA,enterprise,0,1,0,0,0,1.0,1,1462,153,153,Software,Low
California,36.116203,-119.681564,San Francisco,Whistle,operating,2012-01-01,2013-06-05,2013-06-05,1.43,1.43,1.43,1.43,10,1,6000000,1,CA,pets,0,0,1,0,0,3.0,1,1464,521,521,Service,Medium
Texas,31.054487,-97.563461,Austin,Sharegate,closed,2009-01-01,2013-05-30,2013-05-30,4.41,4.41,1.33,1.33,1,1,130000,1,TX,finance,0,0,0,0,0,1.0,0,1465,1610,1610,Service,Low
California,37.3740664,-121.9861315,Santa Clara,Kumu Networks,operating,2011-01-01,2012-09-24,2013-10-31,1.73,2.83,2.0,2.0,6,2,20425630,1,CA,mobile,0,0,1,1,0,2.0,1,1466,632,1034,software,High
Ohio,41.281754,-81.634421,Brecksville,Movable,operating,2011-01-01,2011-02-14,2013-06-04,0.12,2.42,0.67,0.67,2,2,2045000,1,OH,hardware,0,0,0,0,0,5.0,1,1467,44,885,Hardware,Medium
California,36.116203,-119.681564,Menlo Park,Mind Pirate,operating,2012-01-01,2013-07-11,2013-07-11,1.53,1.53,1.0,1.0,1,1,2500000,1,CA,games_video,0,0,0,0,0,2.0,1,1468,557,557,Software,Medium
New York,40.7172034,-73.9912267,NEW YORK,Handshake,operating,2010-01-01,2013-06-04,2013-06-04,3.42,3.42,3.67,3.67,3,1,1500000,1,NY,mobile,0,0,0,0,0,6.0,1,1470,1250,1250,software,Low
Washington,47.400902,-121.490494,Redmond,Versium Analytics,operating,2012-01-01,2013-09-09,2013-09-09,1.69,1.69,0.0,0.0,2,1,2500000,1,WA,analytics,0,0,0,0,0,1.0,0,1472,617,617,Software,Medium
New York,40.7372054,-74.0018872,New York,HouseTab,operating,2011-06-01,2012-11-01,2013-09-26,1.42,2.32,2.16,2.51,5,3,362500,2,NY,mobile,1,1,0,0,0,2.5,0,1473,519,848,software,Low
Missouri,38.456085,-92.288368,St. Louis,Companion Pharma,operating,2012-01-01,2012-01-01,2012-08-01,0.0,0.58,0.0,0.0,2,3,110000,1,MO,biotech,0,1,0,0,0,1.0,0,1474,0,213,software,Low
Missouri,38.456085,-92.288368,St. Louis,Apse,operating,2011-01-01,2012-01-01,2013-10-29,1.0,2.83,2.0,2.0,2,2,667139,1,MO,biotech,0,0,0,0,0,1.0,0,1475,365,1032,software,Low
California,36.116203,-119.681564,Menlo Park,WHILL,operating,2012-05-01,2013-05-31,2013-10-18,1.08,1.47,0.76,1.53,5,2,1701500,2,CA,hardware,0,1,0,0,0,4.5,1,1476,395,535,Hardware,Low
Colorado,40.0185985,-105.2802046,Boulder,SnowGate,operating,2012-02-01,2012-06-05,2013-06-10,0.34,1.36,1.5,1.5,9,2,410000,1,CO,security,0,1,1,0,0,1.0,0,1477,125,495,Service,Low
Massachusetts,42.230171,-71.530106,Cambridge,Edimer Pharmaceuticals,operating,2009-01-01,2013-07-30,2013-07-30,4.58,4.58,0.0,0.0,7,1,18000000,1,MA,biotech,0,0,0,1,0,1.0,1,1478,1671,1671,software,High
California,36.116203,-119.681564,San Francisco,NextUser,operating,2011-12-01,2013-07-01,2013-11-10,1.58,1.95,1.58,1.58,8,2,1250000,1,CA,analytics,0,1,0,0,0,1.5,0,1479,578,710,Software,Low
California,37.7749295,-122.4194155,San Francisco,Cuyana,operating,2013-01-01,2012-04-01,2013-06-06,-0.75,0.43,0.0,0.0,2,2,2550000,1,CA,ecommerce,1,0,0,0,0,1.0,1,1480,-275,156,Software,Medium
California,36.116203,-119.681564,Manhattan Beach,ShareMagnet,operating,2010-04-28,2011-10-01,2012-07-01,1.43,2.18,3.1,3.1,11,2,500000,1,CA,advertising,0,1,0,0,0,1.0,0,1481,521,795,Service,Low
New York,42.165726,-74.948051,New York,Piiku,operating,2011-11-01,2013-06-03,2013-07-23,1.59,1.73,1.83,1.83,0,2,949350,1,NY,advertising,0,1,0,0,0,1.0,1,1482,580,630,Service,Low
Texas,30.349864,-97.677025,Austin,Stellarray,operating,2007-09-07,2008-07-15,2008-07-15,0.85,0.85,0.0,0.0,1,1,750000,1,TX,other,0,1,0,0,0,1.0,0,1483,312,312,Business,Low
Michigan,42.3053253,-83.6694169,Ann Arbor,SurgeryEdu,operating,2013-04-01,2013-08-01,2013-08-01,0.33,0.33,0.0,0.0,5,1,5000,1,MI,mobile,0,1,0,0,0,1.0,0,1484,122,122,software,Low
California,34.052187,-118.243425,Santa Monica,GumGum,operating,2007-10-01,2007-12-01,2011-10-24,0.17,4.07,4.1,5.67,13,4,10825000,4,CA,advertising,0,1,1,1,1,2.33,1,1485,61,1484,Service,Medium
Massachusetts,42.3625828,-71.0853501,Cambridge,Dashbell,operating,2012-10-01,2012-08-15,2013-06-01,-0.13,0.67,0.0,0.0,4,3,1053000,1,MA,travel,0,1,0,0,0,6.67,1,1486,-47,243,Service,Low
California,37.7896292,-122.3998782,San Francisco,PasswordBox,operating,2012-01-01,2013-11-13,2013-11-13,1.87,1.87,1.58,1.89,25,1,6000000,3,CA,security,0,0,1,0,0,4.0,0,1487,682,682,Service,Medium
Texas,31.054487,-97.563461,Austin,First Cut Pro,operating,2012-04-01,2013-04-30,2013-04-30,1.08,1.08,0.75,1.44,6,1,100000,2,TX,games_video,1,0,0,0,0,2.0,0,1488,394,394,Software,Low
California,36.116203,-119.681564,Goleta,Eucalyptus Systems,operating,2009-01-01,2009-04-29,2012-04-18,0.32,3.3,1.5,3.3,12,3,55500000,3,CA,enterprise,0,0,1,1,1,3.0,1,1490,118,1203,Software,High
California,36.116203,-119.681564,Los Altos,Boreal Genomics,operating,2007-01-01,2010-10-01,2013-10-04,3.75,6.76,6.76,6.76,4,2,24499999,1,CA,biotech,1,0,0,0,1,2.0,1,1491,1369,2468,software,High
North Carolina,35.630066,-79.806419,Durham,Taggs,operating,2013-01-01,2013-03-01,2013-03-01,0.16,0.16,0.0,0.0,2,1,50000,1,NC,public_relations,0,1,0,0,0,1.0,0,1492,59,59,Service,Low
Arizona,33.4842839,-111.9090926,Scottsdale,nGage Labs,operating,2011-01-01,2013-06-17,2013-07-23,2.46,2.56,2.5,2.59,4,2,20876578,2,AZ,software,0,0,0,1,0,2.0,1,1493,898,934,Software,High
Washington,47.400902,-121.490494,Seattle,Banyan Branch,closed,2007-11-01,2011-10-03,2011-10-03,3.92,3.92,2.92,2.92,11,1,1700000,1,WA,news,0,0,1,0,0,8.0,0,1494,1432,1432,Service,Low
California,36.116203,-119.681564,San Francisco,Anki,operating,2010-01-05,2013-06-01,2013-06-01,3.41,3.41,2.99,3.43,5,1,50000000,2,CA,hardware,1,0,0,0,0,3.0,1,1495,1243,1243,Hardware,High
New York,40.7481129,-73.98439,New York,Dispop,closed,2013-01-01,2012-04-15,2013-06-11,-0.72,0.44,0.77,0.77,2,2,725000,1,NY,advertising,0,1,0,0,0,2.0,0,1496,-261,161,Service,Low
California,36.116203,-119.681564,San Mateo,FreeWheel,operating,2007-02-01,2009-05-01,2012-10-01,2.25,5.67,3.31,6.36,13,3,37049998,3,CA,enterprise,1,0,0,0,1,3.0,1,1497,820,2069,Software,High
Illinois,40.349457,-88.986137,Chicago,Optyn,operating,2013-04-01,2013-05-01,2013-05-01,0.08,0.08,0.0,0.0,3,1,20000,1,IL,advertising,0,1,0,0,0,1.0,0,1498,30,30,Service,Low
South Carolina,33.856892,-80.945007,Sullivans Island,Zubie,operating,2012-05-01,2012-05-01,2013-09-16,0.0,1.38,0.88,0.88,5,2,8000000,1,SC,hardware,0,1,1,0,0,1.0,0,1499,0,503,Hardware,Medium
California,36.116203,-119.681564,Sunnyvale,Knightscope,operating,2013-01-01,2013-04-05,2013-04-05,0.26,0.26,0.0,0.0,7,1,30000,1,CA,other,0,1,0,0,0,2.0,0,1500,94,94,Business,Low
California,36.116203,-119.681564,San Francisco,Mashape,operating,2010-01-01,2010-04-01,2011-08-15,0.25,1.62,1.42,2.86,9,2,1601000,3,CA,enterprise,0,1,0,0,0,8.0,1,1501,90,591,Software,Low
California,37.8017938,-122.4043215,SAN FRANCISCO,Kidlandia,operating,2008-01-01,2008-11-01,2011-02-25,0.84,3.15,2.75,3.15,5,3,3225000,2,CA,web,1,1,0,0,0,2.0,1,1502,305,1151,Software,Medium
New York,40.5989025,-74.3670724,New York City,Sverve,operating,2012-03-15,2013-04-15,2013-09-01,1.08,1.47,1.17,1.17,4,3,620000,1,NY,social,0,1,0,0,0,2.0,1,1503,396,535,Software,Low
New York,42.165726,-74.948051,New York,Shake,operating,2012-01-01,2012-09-30,2013-11-20,0.75,1.89,0.92,1.89,5,2,4000000,2,NY,mobile,0,1,1,0,0,5.0,1,1504,273,689,software,Medium
New York,40.75662,-73.969755,New York,Kroll Bond Rating Agency,operating,2010-01-01,2010-08-01,2013-08-05,0.58,3.59,0.0,0.0,1,2,15000000,1,NY,finance,0,0,1,0,1,1.5,1,1505,212,1312,Service,High
California,36.116203,-119.681564,Foster City,Navigenics,operating,2006-01-01,2007-11-07,2010-02-04,1.85,4.1,3.34,4.0,5,2,43000000,2,CA,biotech,1,0,0,0,1,3.5,1,1506,675,1495,software,High
California,36.116203,-119.681564,San Francisco,awe.sm,operating,2009-02-06,2010-12-01,2011-12-01,1.82,2.82,4.23,4.44,9,2,5250000,2,CA,analytics,1,1,0,0,0,4.0,1,1507,663,1028,Software,Medium
Texas,31.054487,-97.563461,Houston,ChartSpan Medical Technologies,operating,2012-03-15,2013-09-05,2013-09-05,1.48,1.48,1.72,1.72,10,1,250000,1,TX,software,0,1,0,0,0,3.0,0,1508,539,539,Software,Low
California,36.116203,-119.681564,Sunnyvale,Silicon Valley Data Science,closed,2013-04-01,2013-08-30,2013-08-30,0.41,0.41,0.16,0.16,3,1,3000000,1,CA,consulting,0,0,1,0,0,1.0,0,1509,151,151,Business,Medium
Washington,47.6452085,-122.3477735,Seattle,Symform,operating,2007-01-01,2009-04-27,2012-04-25,2.32,5.32,0.83,6.01,14,5,19500000,3,WA,network_hosting,1,0,1,1,0,2.5,1,1510,847,1941,Software,High
Georgia,33.676979,-84.4287223,Atlanta,Xquva,closed,2013-04-25,2013-02-08,2013-03-08,-0.21,-0.13,0.1,0.1,3,2,40000,1,GA,cleantech,0,1,0,0,0,2.5,0,1511,-76,-48,Business,Low
Kansas,38.5266,-96.726486,Overland Park,ABPathfinder,operating,2010-06-01,2012-12-05,2013-11-25,2.52,3.49,2.0,2.0,3,2,960000,1,KS,health,1,0,1,0,0,3.0,0,1512,918,1273,Service,Low
Illinois,41.6750038,-88.0642145,Woodridge,Elevance Renewable Sciences,operating,2007-11-01,2008-03-26,2012-07-10,0.4,4.69,3.14,4.17,22,4,294000000,3,IL,cleantech,0,0,1,0,1,2.0,0,1513,146,1713,Business,High
California,33.903735,-118.386998,El Segundo,Kaleo Software,operating,2011-01-01,2011-08-15,2013-07-01,0.62,2.5,1.0,1.0,4,2,1787500,1,CA,enterprise,1,0,0,0,0,4.0,1,1514,226,912,Software,Low
Washington DC,38.9047366,-77.0344213,Washington,Phone2Action,operating,2012-07-01,2012-09-01,2013-11-19,0.17,1.39,0.75,0.75,3,2,624000,1,DC,mobile,0,1,0,0,0,1.5,0,1515,62,506,software,Low
California,36.116203,-119.681564,San Francisco,KAIZEN platform,operating,2013-03-18,2013-08-20,2013-08-20,0.42,0.42,0.32,0.32,3,1,800000,1,CA,advertising,0,1,0,0,0,3.0,1,1516,155,155,Service,Low
New York,42.165726,-74.948051,New York,Takes,operating,2013-03-15,2013-04-08,2013-04-08,0.07,0.07,0.21,0.21,7,1,250000,1,NY,mobile,1,0,0,0,0,1.0,0,1517,24,24,software,Low
New York,42.165726,-74.948051,New York,AcuityAds,operating,2009-01-01,2013-07-18,2013-07-18,4.55,4.55,4.33,4.33,4,1,3000000,1,NY,advertising,0,0,0,0,0,1.0,0,1518,1659,1659,Service,Medium
New York,42.165726,-74.948051,New York,ALOHA,closed,2012-01-01,2013-11-20,2013-11-20,1.89,1.89,1.88,1.88,6,1,4000000,1,NY,health,0,0,0,0,0,7.0,1,1519,689,689,Service,Medium
California,33.984469,-118.43679,Marina del Rey,textPlus,operating,2007-12-01,2007-12-01,2012-10-18,0.0,4.88,3.51,5.96,10,4,46325000,3,CA,mobile,0,0,1,1,1,2.5,1,1520,0,1783,software,High
California,37.4202074,-122.0933053,Mountain View,drchrono,closed,2009-01-01,2011-01-04,2013-06-01,2.01,4.42,1.52,3.25,17,6,4125000,3,CA,medical,1,1,0,0,0,2.0,1,1521,733,1612,Service,Medium
Illinois,40.349457,-88.986137,Chicago,Monthlys,operating,2012-01-01,2012-03-01,2012-03-01,0.16,0.16,0.0,0.0,1,1,1000000,1,IL,web,0,1,0,0,0,1.0,1,1522,60,60,Software,Low
California,33.92997,-118.39683,El Segundo,Fuhu,operating,2006-01-01,2008-02-01,2012-08-22,2.08,6.64,6.84,6.84,10,3,17750000,1,CA,enterprise,0,0,1,1,0,1.67,0,1523,761,2425,Software,High
Virginia,38.952238,-77.351026,Reston,Resonate,operating,2008-01-01,2009-05-06,2012-02-22,1.35,4.15,2.92,5.42,13,3,29000000,2,VA,advertising,0,0,1,1,0,1.67,1,1524,491,1513,Service,High
Washington DC,38.9011088,-77.0414835,Washington,Ziklag Systems,closed,2012-06-01,2012-06-01,2012-06-01,0.0,0.0,0.67,1.18,6,1,1000000,2,DC,mobile,0,1,0,0,0,3.0,0,1525,0,0,software,Low
New York,42.165726,-74.948051,New York,CleanEdison,operating,2008-01-01,2011-10-01,2011-10-01,3.75,3.75,3.0,3.0,3,1,600000,1,NY,web,0,1,0,0,0,2.0,0,1526,1369,1369,Software,Low
Georgia,33.040619,-83.643074,Atlanta,Vehcon,operating,2012-01-01,2013-06-17,2013-06-17,1.46,1.46,1.68,1.68,1,1,1200000,1,GA,analytics,0,0,1,0,0,1.0,0,1527,533,533,Software,Low
New York,40.7275169,-74.0057193,New York,Rocketrip,closed,2013-01-01,2013-06-14,2013-07-03,0.45,0.5,0.32,0.32,2,2,625000,1,NY,other,0,1,0,0,0,3.0,0,1528,164,183,Business,Low
New York,42.165726,-74.948051,Long Island City,See Me Group,operating,2007-01-01,2012-02-20,2013-11-22,5.14,6.9,6.59,6.59,5,2,3250000,1,NY,design,1,0,0,0,0,5.0,1,1529,1876,2517,Software,Medium
California,36.116203,-119.681564,Redwood City,Paxata,operating,2012-05-29,2012-11-14,2013-10-28,0.46,1.42,1.09,1.44,6,2,9492752,2,CA,software,0,0,0,1,0,1.0,1,1530,169,517,Software,Medium
California,37.7835478,-122.408953,San Francisco,Darby Smart,operating,2013-04-01,2013-06-18,2013-06-18,0.21,0.21,-0.25,-0.25,2,1,1000000,1,CA,ecommerce,0,1,0,0,0,5.0,1,1532,78,78,Software,Low
Maryland,39.0041504,-77.0391754,Silver Spring,VentureHire,operating,2012-06-06,2013-08-16,2013-08-16,1.19,1.19,0.91,0.91,3,1,25000,1,MD,education,0,1,0,0,0,2.0,0,1534,436,436,Service,Low
California,37.7980683,-122.4022927,San Francisco,Level,closed,2012-06-22,2013-10-10,2013-10-10,1.3,1.3,0.0,1.3,3,1,5000000,2,CA,software,0,0,1,0,0,4.0,1,1535,475,475,Software,Medium
Colorado,39.862942,-105.206509,Arvada,SkyFuel,operating,2007-01-01,2008-04-01,2008-04-01,1.25,1.25,4.0,4.0,5,1,17000000,1,CO,cleantech,0,0,0,1,0,1.0,0,1536,456,456,Business,High
New York,42.165726,-74.948051,New York,Tiggly,closed,2012-05-01,2013-10-23,2013-10-23,1.48,1.48,0.92,0.92,3,1,500000,1,NY,education,0,1,0,0,0,2.0,0,1537,540,540,Service,Low
California,40.755322,-73.9932872,San Francisco,Locket,operating,2013-01-01,2013-01-01,2013-11-19,0.0,0.88,0.75,0.81,6,2,500000,2,CA,advertising,1,1,0,0,0,1.0,1,1538,0,322,Service,Low
California,37.905544,-122.547445,Mill Valley,Sparkplay Media,closed,2006-01-01,2008-02-01,2010-01-15,2.08,4.04,3.28,4.32,4,2,7050000,2,CA,web,1,0,1,0,0,2.0,1,1539,761,1475,Software,Medium
New York,40.738476,-73.994127,New York City,Ranku,closed,2013-06-01,2013-09-01,2013-11-10,0.25,0.44,0.07,0.17,4,2,1150000,2,NY,education,0,1,0,0,0,1.0,1,1540,92,162,Service,Low
Massachusetts,42.3647559,-71.1032591,Boston,Shareaholic,operating,2009-01-01,2009-09-01,2012-06-28,0.67,3.49,2.41,3.85,10,3,5455000,3,MA,web,0,1,1,0,0,7.0,1,1541,243,1274,Software,Medium
Washington,47.6220245,-122.3350847,Seattle,Glympse,operating,2008-03-01,2010-12-03,2011-06-22,2.76,3.31,4.59,5.46,9,2,7500000,2,WA,messaging,1,0,0,1,0,2.0,1,1542,1007,1208,Software,Medium
California,37.420248,-122.145825,Palo Alto,Sher.ly Inc.,operating,2013-02-01,2012-11-15,2012-11-15,-0.21,-0.21,-0.08,-0.08,2,1,250000,1,CA,software,0,1,0,0,0,1.0,0,1543,-78,-78,Software,Low
California,36.116203,-119.681564,Palo Alto,Sentinel,operating,2013-01-01,2013-03-15,2013-08-08,0.2,0.6,0.0,0.0,2,2,2520000,1,CA,security,0,1,0,0,0,2.0,1,1544,73,219,Service,Medium
Massachusetts,42.3488891,-71.1068046,Cambridge,Sand 9,operating,2007-06-01,2008-05-05,2013-01-04,0.93,5.6,4.59,4.59,17,6,70152684,1,MA,mobile,1,0,1,1,1,3.5,1,1545,339,2044,software,High
Washington DC,38.912068,-77.0190228,Washington,Create (Real Estate),operating,2012-11-01,2012-11-01,2012-11-01,0.0,0.0,-0.92,-0.92,5,1,20000,1,DC,real_estate,0,1,0,0,0,3.0,0,1546,0,0,Business,Low
California,36.116203,-119.681564,San Ramon,Trov,closed,2012-01-01,2013-07-30,2013-07-30,1.58,1.58,0.47,1.58,4,1,6800000,3,CA,software,0,0,0,1,0,1.0,0,1547,576,576,Software,Medium
California,36.116203,-119.681564,Santa Barbara,Lastline,operating,2011-01-01,2013-04-11,2013-06-13,2.28,2.45,2.0,2.48,3,3,13700000,2,CA,security,1,0,1,1,0,2.0,1,1548,831,894,Service,High
California,37.405935,-122.0788068,Mountain View,Amulyte,operating,2012-01-01,2013-03-01,2013-05-31,1.16,1.41,1.64,1.64,3,2,255000,1,CA,medical,1,1,0,0,0,1.5,1,1549,425,516,Service,Low
California,37.3758912,-121.9593122,Santa Clara,DataTorrent,operating,2012-01-01,2012-05-01,2013-06-26,0.33,1.48,0.92,1.48,2,2,8750000,2,CA,analytics,0,1,1,0,0,1.5,1,1550,121,542,Software,Medium
New York,40.7530772,-73.9892862,New York,Enchanted Diamonds,closed,2012-03-01,2013-01-30,2013-01-30,0.92,0.92,0.33,0.33,2,1,100000,1,NY,fashion,0,1,0,0,0,1.0,0,1551,335,335,Business,Low
Georgia,33.040619,-83.643074,Atlanta,eCommHub,operating,2009-12-01,2013-09-13,2013-09-13,3.79,3.79,3.94,3.94,8,1,2600000,1,GA,ecommerce,0,0,1,0,0,3.0,0,1553,1382,1382,Software,Medium
Illinois,40.349457,-88.986137,Chicago,HighGround,closed,2012-01-01,2012-12-01,2013-10-03,0.92,1.76,0.0,0.0,2,2,2160000,1,IL,enterprise,0,1,0,0,0,1.0,1,1554,335,641,Software,Medium
California,37.4097241,-122.0780032,Mountain View,OpenGov,operating,2012-01-01,2012-01-01,2013-07-03,0.0,1.5,0.0,0.0,5,2,7000000,1,CA,enterprise,1,0,1,0,0,6.0,1,1555,0,549,Software,Medium
New York,40.6454932,-73.9451011,New York,DoubleVerify,operating,2008-01-01,2009-05-18,2011-08-30,1.38,3.66,2.51,5.01,27,4,49500000,4,NY,advertising,1,0,1,1,0,2.67,1,1556,503,1337,Service,High
California,33.9984292,-118.4790084,Santa Monica,HAUL,closed,2013-01-15,2013-09-01,2013-09-01,0.63,0.63,0.33,0.33,4,1,750000,1,CA,games_video,0,1,0,0,0,5.0,1,1557,229,229,Software,Low
Missouri,38.6884763,-90.3568559,St. Louis,Symvato,closed,2012-01-01,2013-09-01,2013-09-01,1.67,1.67,0.84,0.84,2,1,50000,1,MO,software,0,1,0,0,0,1.0,1,1558,609,609,Software,Low
New York,42.165726,-74.948051,New York,FanBridge,operating,2006-01-01,2009-03-01,2010-11-01,3.16,4.84,5.09,6.32,7,2,2350000,2,NY,games_video,0,1,1,0,0,6.0,1,1559,1155,1765,Software,Medium
Massachusetts,42.609833,-70.666231,Gloucester,Groupize.com,closed,2009-01-01,2013-07-10,2013-07-10,4.52,4.52,3.0,3.0,3,1,2000000,1,MA,hospitality,0,0,1,0,0,2.0,1,1560,1651,1651,Service,Low
California,36.116203,-119.681564,Sunnyvale,SEWORKS,closed,2012-11-13,2013-04-30,2013-07-26,0.46,0.7,0.73,0.73,11,2,2000000,1,CA,security,0,1,1,0,0,1.5,1,1561,168,255,Service,Low
California,36.116203,-119.681564,Venice,FloQast,operating,2013-01-01,2013-06-28,2013-06-28,0.49,0.49,0.0,0.0,2,1,50000,1,CA,enterprise,0,1,0,0,0,1.0,0,1562,178,178,Software,Low
Florida,27.766279,-81.686783,Jacksonville,ROSTR,operating,2012-10-10,2013-08-29,2013-08-29,0.88,0.88,-0.02,-0.02,3,1,50000,1,FL,software,0,1,0,0,0,1.0,0,1563,323,323,Software,Low
Texas,31.054487,-97.563461,Austin,ProtoExchange,operating,2012-10-12,2013-05-20,2013-08-06,0.6,0.82,0.0,0.0,3,3,133000,1,TX,other,0,1,0,0,0,1.0,1,1564,220,298,Business,Low
California,34.2163937,-119.0376023,Camarillo,Partly Mobile,operating,2013-06-01,2013-06-28,2013-06-28,0.07,0.07,0.01,0.01,3,1,5000,1,CA,ecommerce,0,1,0,0,0,1.0,0,1565,27,27,Software,Low
Maryland,39.281734,-76.581864,Baltimore,Social Solutions,operating,2006-01-01,2008-06-25,2010-03-15,2.48,4.2,4.51,7.01,16,3,11750000,2,MD,software,1,0,1,1,0,2.5,0,1566,906,1534,Software,High
Washington,47.6766193,-122.1220494,Redmond,Deep Domain,operating,2007-01-01,2012-12-31,2012-12-31,6.0,6.0,6.62,6.62,2,1,393817,1,WA,analytics,0,0,0,0,0,1.0,1,1567,2191,2191,Software,Low
Pennsylvania,40.590752,-77.209755,Philadelphia,Real Food Works,closed,2012-05-01,2013-06-05,2013-10-24,1.1,1.48,0.34,0.34,4,2,375000,1,PA,hospitality,1,1,0,0,0,5.5,1,1568,400,541,Service,Low
California,37.7697623,-122.4183929,San Francisco,PlantSense,operating,2006-01-01,2008-06-12,2010-07-19,2.45,4.55,4.0,4.0,2,4,8660000,1,CA,web,1,1,1,0,0,1.0,1,1569,893,1660,Software,Medium
New York,40.750468,-73.980608,New York,eduClipper,operating,2012-07-01,2012-09-30,2012-09-30,0.25,0.25,0.5,0.5,9,1,600000,1,NY,education,0,1,0,0,0,2.0,0,1570,91,91,Service,Low
Massachusetts,42.230171,-71.530106,Wellesley,Shuttersong,closed,2012-09-14,2013-02-07,2013-11-12,0.4,1.16,0.4,0.4,3,2,1675000,2,MA,mobile,0,1,0,0,0,3.0,0,1571,146,424,software,Low
Virginia,37.6776218,-77.5867367,Glen Allen,DriveFactor,closed,2010-01-01,2012-12-12,2013-08-16,2.95,3.62,1.0,1.0,4,2,5299998,1,VA,analytics,0,0,0,0,0,1.0,1,1572,1076,1323,Software,Medium
New Jersey,40.9386104,-74.0923946,Clifton,30 Second Showcase,operating,2013-04-01,2013-05-20,2013-05-20,0.13,0.13,0.08,0.13,4,1,25000,2,NJ,software,0,1,0,0,0,1.0,0,1573,49,49,Software,Low
California,36.116203,-119.681564,San Francisco,Opsmatic,closed,2013-03-01,2013-06-14,2013-06-14,0.29,0.29,0.25,0.25,3,1,3000000,1,CA,enterprise,0,0,0,0,0,6.0,1,1575,105,105,Software,Medium
California,36.116203,-119.681564,Moffett Field,HealthLoop,operating,2009-01-01,2013-12-09,2013-12-09,4.94,4.94,4.92,4.94,3,1,10000000,2,CA,health,0,0,1,0,0,3.0,1,1576,1803,1803,Service,Medium
California,36.116203,-119.681564,San Mateo,Viralheat,operating,2009-05-01,2009-12-31,2011-06-28,0.67,2.16,2.91,4.67,10,2,4325000,3,CA,enterprise,1,0,1,0,0,1.0,1,1577,244,788,Software,Medium
California,37.553743,-122.300246,San Mateo,Lattice Engines,operating,2006-01-01,2008-05-27,2012-11-23,2.4,6.9,2.0,7.82,15,2,21700000,3,CA,analytics,1,0,1,0,0,1.0,1,1578,877,2518,Software,High
California,37.7550372,-122.4264417,California,dscovered,closed,2012-01-01,2013-07-04,2013-07-04,1.51,1.51,0.0,0.0,2,1,20000,1,CA,other,0,1,0,0,0,1.0,0,1579,550,550,Business,Low
Massachusetts,42.4236783,-71.2459523,Lexington,Concert Pharmaceuticals,operating,2006-01-01,2006-07-17,2011-06-20,0.54,5.47,5.67,6.16,14,4,99500000,2,MA,biotech,1,0,1,1,1,6.5,1,1580,197,1996,software,High
California,36.116203,-119.681564,San Francisco,Lob,closed,2013-05-28,2013-03-01,2013-11-04,-0.24,0.44,-0.07,0.44,2,2,2400000,2,CA,other,0,1,0,0,0,5.5,1,1581,-88,160,Business,Medium
Texas,33.087905,-96.7976149,Plano,MedGRC,operating,2013-01-01,2013-01-01,2013-01-01,0.0,0.0,0.0,0.0,1,2,90000,1,TX,software,0,1,0,0,0,1.0,0,1582,0,0,Software,Low
California,34.1484348,-118.099781,Pasadena,takokat,closed,2011-11-01,2011-12-01,2011-12-01,0.08,0.08,1.33,1.33,6,1,350000,1,CA,hospitality,0,1,0,0,0,3.0,0,1583,30,30,Service,Low
New York,40.758066,-73.96892,New York,CrowdComputing Systems,operating,2010-01-01,2011-01-01,2013-07-09,1.0,3.52,3.12,3.68,6,2,7300000,2,NY,software,0,0,1,1,0,2.0,1,1584,365,1285,Software,Medium
Missouri,38.456085,-92.288368,Saint Louis,TrakBill,closed,2012-02-01,2013-01-30,2013-07-09,1.0,1.44,1.28,1.44,1,3,600000,2,MO,software,0,1,0,0,0,1.0,1,1585,364,524,Software,Low
Maryland,39.063946,-76.802101,Silver Spring,ReelGenie,operating,2012-09-01,2012-09-27,2013-07-01,0.07,0.83,0.0,0.0,2,2,961000,1,MD,web,0,1,0,0,0,4.0,0,1586,26,303,Software,Low
Oregon,44.572021,-122.070938,Eugene,Angle,operating,2010-01-01,2011-06-01,2013-09-25,1.41,3.73,1.0,3.7,2,2,1075000,2,OR,news,0,1,0,0,0,2.0,0,1587,516,1363,Service,Low
New York,40.707954,-74.011114,New York,Vaultive,operating,2009-01-01,2009-01-01,2012-02-27,0.0,3.16,3.0,3.0,14,2,11000000,1,NY,security,0,1,1,0,0,3.0,1,1588,0,1152,Service,Medium
Ohio,41.2381096,-81.8418006,Brunswick,APROOFED,operating,2013-02-01,2013-06-01,2013-06-01,0.33,0.33,0.0,0.0,4,1,20000,1,OH,education,0,1,0,0,0,1.0,0,1589,120,120,Service,Low
California,33.9962144,-118.4688776,San Francisco,Swink.tv,operating,2009-01-01,2011-08-10,2012-04-01,2.61,3.25,4.42,4.42,2,2,3475521,1,CA,web,1,0,0,0,0,1.0,1,1590,951,1186,Software,Medium
California,36.116203,-119.681564,San Francisco,"Sphere (Spherical, Inc.)",operating,2013-07-09,2012-12-28,2013-10-01,-0.53,0.23,0.0,0.0,13,2,2275000,1,CA,mobile,0,1,0,0,0,4.5,1,1592,-193,84,software,Medium
Illinois,41.893377,-87.638631,Chicago,UpCity,operating,2009-07-01,2009-05-20,2013-01-16,-0.12,3.55,0.17,3.55,7,3,3500000,3,IL,advertising,0,1,0,1,0,3.0,0,1593,-42,1295,Service,Medium
Washington,47.612817,-122.350113,Seattle,Stratos Genomics,operating,2007-01-01,2010-09-07,2012-10-10,3.68,5.78,0.16,0.16,6,4,8929000,1,WA,biotech,1,0,1,0,0,1.0,0,1594,1345,2109,software,Medium
Michigan,42.5424744,-83.2851103,Bloomfield Hills,gloStream,operating,2006-01-01,2009-05-28,2013-04-02,3.41,7.25,4.55,4.55,3,4,12346545,1,MI,medical,0,0,0,1,0,1.0,0,1595,1243,2648,Service,High
California,37.5646055,-122.3229235,San Mateo,Sofa Labs,operating,2009-01-01,2009-05-01,2009-09-01,0.33,0.67,0.5,0.67,10,2,1200000,2,CA,social,0,1,1,0,0,6.0,1,1596,120,243,Software,Low
California,36.116203,-119.681564,San Francisco,Life360,operating,2008-01-01,2008-09-04,2013-07-07,0.68,5.52,5.09,5.53,14,6,19100000,2,CA,mobile,0,1,1,1,0,4.33,1,1597,247,2014,software,High
California,36.116203,-119.681564,San Francisco,CampusTap,operating,2013-01-01,2013-05-05,2013-05-05,0.34,0.34,0.0,0.0,1,2,100000,1,CA,education,0,1,0,0,0,1.0,0,1598,124,124,Service,Low
Utah,40.150032,-111.862434,Salt Lake City,Financial Guard,operating,2009-12-01,2013-07-15,2013-07-15,3.62,3.62,3.5,3.5,3,1,2000000,1,UT,web,0,0,0,0,0,1.0,0,1599,1322,1322,Software,Low
New York,42.165726,-74.948051,Brooklyn,Eponym,closed,2010-04-01,2012-01-01,2012-01-01,1.75,1.75,2.76,3.32,3,1,1000000,2,NY,ecommerce,0,1,0,0,0,5.0,1,1600,640,640,Software,Low
Georgia,33.040619,-83.643074,Alpharetta,Cartiva,operating,2011-01-01,2013-07-15,2013-07-15,2.54,2.54,0.0,0.0,4,1,4300000,1,GA,biotech,0,0,1,0,0,1.0,1,1601,926,926,software,Medium
Florida,27.766279,-81.686783,Miami Beach,SafetyPay,operating,2006-01-01,2008-08-07,2013-07-15,2.6,7.54,6.0,6.0,5,2,13000000,1,FL,ecommerce,0,0,1,0,0,1.0,0,1602,949,2752,Software,High
Ohio,39.283828,-84.301674,Loveland,HealthWarehouse.com,operating,2007-08-30,2009-05-15,2011-09-02,1.71,4.01,-0.08,-0.08,2,5,7500000,1,OH,ecommerce,1,0,1,0,0,1.5,1,1604,624,1464,Software,Medium
New York,40.708762,-74.006731,New York,Mitro,operating,2012-01-01,2012-10-11,2013-09-06,0.78,1.68,1.68,1.68,1,2,2400000,1,NY,software,0,1,0,0,0,2.0,1,1605,284,614,Software,Medium
California,33.6560456,-117.7665696,irvine,lensgen,closed,2011-08-01,2012-09-01,2013-09-10,1.09,2.11,1.25,1.25,3,2,2450000,1,CA,medical,1,0,0,0,0,3.0,0,1606,397,771,Service,Medium
California,36.116203,-119.681564,Walnut,Estimote,closed,2012-04-01,2013-03-01,2013-12-10,0.92,1.69,1.67,1.69,7,4,3400000,2,CA,analytics,0,1,0,0,0,2.25,1,1607,334,618,Software,Medium
Illinois,41.9524198,-87.6714332,Chicago,Reverb.com,operating,2012-01-01,2013-06-18,2013-11-19,1.46,1.88,1.88,1.88,0,2,2800000,1,IL,ecommerce,0,1,1,0,0,3.5,0,1608,534,688,Software,Medium
New York,42.165726,-74.948051,New York City,Boardvote Inc.,closed,2012-01-02,2012-03-01,2012-03-01,0.16,0.16,0.0,0.0,2,1,200000,1,NY,web,0,1,0,0,0,2.0,0,1609,59,59,Software,Low
Massachusetts,42.230171,-71.530106,Boston,Crowdly,operating,2012-01-01,2010-03-03,2013-07-23,-1.83,1.56,1.0,1.0,5,3,1534997,1,MA,software,1,1,0,0,0,4.0,1,1610,-669,569,Software,Low
Texas,31.054487,-97.563461,Austin,Blurtt,operating,2010-01-01,2011-07-22,2011-08-31,1.55,1.66,2.23,3.03,4,2,59000,2,TX,web,0,1,0,0,0,1.0,0,1611,567,607,Software,Low
California,36.116203,-119.681564,Belmont,Defense.net,operating,2012-12-01,2013-08-06,2013-08-06,0.68,0.68,-0.92,0.83,2,1,9500000,2,CA,security,0,0,1,0,0,2.0,1,1612,248,248,Service,Medium
Massachusetts,42.230171,-71.530106,Cambridge,Celtra Inc.,operating,2006-01-01,2009-05-26,2013-01-17,3.4,7.05,5.07,7.17,20,4,14200000,2,MA,mobile,1,1,1,1,0,1.75,1,1613,1241,2573,software,High
California,36.116203,-119.681564,San Francisco,Audiodraft,operating,2010-01-01,2013-07-17,2013-07-17,3.54,3.54,3.54,3.54,3,1,400000,1,CA,music,1,0,0,0,0,2.0,1,1615,1293,1293,Service,Low
New York,42.165726,-74.948051,New York,Stayful,operating,2013-01-01,2013-07-17,2013-07-17,0.54,0.54,0.0,0.54,2,1,2400000,2,NY,travel,0,0,0,0,0,1.0,1,1616,197,197,Service,Medium
Georgia,33.7518505,-84.3914312,Atlanta,Pressgram,closed,2013-01-01,2013-04-15,2013-04-15,0.28,0.28,-0.33,0.68,1,1,56500,2,GA,photo_video,0,0,0,0,0,1.0,0,1617,104,104,Software,Low
California,37.775206,-122.419209,San Francisco,Fliptop,operating,2010-01-01,2011-06-01,2013-03-01,1.41,3.16,1.0,1.0,4,4,6285000,1,CA,enterprise,1,0,1,0,0,2.5,1,1618,516,1155,Software,Medium
Florida,27.766279,-81.686783,Delray Beach,TROVE Predictive Data Science,operating,2011-01-01,2011-05-11,2013-08-26,0.36,2.65,0.0,0.0,7,2,2300000,1,FL,analytics,0,1,0,0,0,1.0,0,1619,130,968,Software,Medium
California,37.7770719,-122.3966273,San Francsico,ShopSavvy,operating,2008-01-01,2008-08-01,2011-11-02,0.58,3.84,4.26,5.18,15,4,11500000,3,CA,mobile,1,1,1,0,0,1.0,0,1621,213,1401,software,High
California,37.692934,-121.904945,Pleasanton,Fulcrum Bioenergy,operating,2007-01-01,2008-04-28,2011-01-25,1.32,4.07,4.84,4.84,11,2,89000000,1,CA,cleantech,0,0,0,1,1,2.0,1,1622,483,1485,Business,High
California,36.116203,-119.681564,Irvine,Oomba,operating,2012-04-01,2013-10-31,2013-11-07,1.58,1.6,1.54,1.58,8,2,2250000,2,CA,games_video,0,0,1,0,0,4.0,0,1623,578,585,Software,Medium
New York,40.7143528,-74.0059731,New York,Oscar,operating,2013-07-01,2013-07-19,2013-07-19,0.05,0.05,0.17,0.26,2,1,40000000,2,NY,health,0,0,0,0,0,5.0,1,1624,18,18,Service,High
Illinois,44.06048,-121.312515,Chicago,Trunk Club,operating,2009-01-01,2010-05-13,2011-09-08,1.36,2.68,2.42,4.38,6,3,11759998,2,IL,fashion,1,0,1,0,0,4.0,1,1625,497,980,Business,High
Utah,40.150032,-111.862434,Lehi,Lingotek,operating,2006-02-01,2006-03-01,2012-02-01,0.08,6.0,3.92,3.92,12,4,4997122,1,UT,enterprise,1,0,1,1,0,3.0,1,1626,28,2191,Software,Medium
Massachusetts,42.230171,-71.530106,Cambridge,Rive Technology,operating,2006-01-01,2007-08-16,2013-08-01,1.62,7.59,1.0,4.95,7,4,67370000,2,MA,cleantech,0,0,1,0,1,3.5,1,1627,592,2769,Business,High
California,36.116203,-119.681564,Santa Barbara,RingRevenue,operating,2007-12-01,2009-06-02,2012-11-21,1.5,4.98,4.07,4.09,15,3,10750000,2,CA,advertising,1,0,1,1,0,2.33,1,1629,549,1817,Service,Medium
New Jersey,40.219214,-74.370313,Millstone Township,Stumpedia,operating,2008-01-01,2008-01-01,2008-01-01,0.0,0.0,0.31,2.07,1,1,100000,2,NJ,web,0,1,0,0,0,1.0,0,1630,0,0,Software,Low
Washington,47.400902,-121.490494,Seattle,Usermind,operating,2013-06-12,2013-09-24,2013-09-24,0.28,0.28,-0.03,-0.03,2,1,7600000,1,WA,software,0,0,1,0,0,3.0,1,1632,104,104,Software,Medium
California,37.7581148,-122.4184108,San Francisco,Telly,operating,2009-01-01,2009-05-01,2013-10-21,0.33,4.81,2.19,4.25,11,4,9900000,2,CA,mobile,0,1,1,1,0,1.33,1,1633,120,1754,software,Medium
California,37.7745955,-122.4107899,San Francisco,CRAVE,operating,2010-01-01,2013-07-31,2013-09-19,3.58,3.72,0.83,3.72,2,2,4800000,2,CA,other,0,0,1,0,0,1.0,0,1634,1307,1357,Business,Medium
California,47.6385105,-122.1957009,Mountain View,"Moxie Software, Inc.",operating,2007-01-01,2007-03-07,2009-05-05,0.18,2.34,4.56,6.5,21,2,30000000,2,CA,software,1,0,0,0,1,2.5,1,1637,65,855,Software,High
New York,42.165726,-74.948051,New York,Nimble TV,closed,2010-01-01,2011-10-27,2012-09-14,1.82,2.7,1.75,1.75,3,2,6150000,1,NY,software,0,0,1,0,0,3.0,1,1639,664,987,Software,Medium
Massachusetts,42.36867,-71.150248,Watertown,WiTricity,operating,2007-01-01,2008-05-19,2013-10-23,1.38,6.81,1.58,3.75,14,2,29000000,2,MA,cleantech,0,0,0,1,0,2.0,1,1640,504,2487,Business,High
North Carolina,35.9970016,-78.9033931,Durham,Windsor Circle,closed,2011-01-01,2011-04-27,2013-11-14,0.32,2.87,0.0,0.0,6,5,3150500,1,NC,software,1,0,1,0,0,3.0,0,1641,116,1048,Software,Medium
Florida,25.9449059,-80.1442123,Aventura,DescribeMe,operating,2012-06-01,2013-07-31,2013-07-31,1.16,1.16,0.92,0.92,0,1,50000,1,FL,social,0,1,0,0,0,1.0,0,1642,425,425,Software,Low
California,36.35198,-119.368461,Visalia,EdeniQ,operating,2008-01-01,2008-04-21,2013-05-01,0.3,5.33,4.0,4.0,17,4,83670000,1,CA,other,1,0,1,1,0,7.0,1,1643,111,1947,Business,High
California,36.116203,-119.681564,San Francisco,Sauce Labs,operating,2008-08-01,2009-07-30,2013-07-16,0.99,4.96,2.72,4.96,14,3,14000000,3,CA,enterprise,0,0,1,1,1,2.0,1,1644,363,1810,Software,High
California,33.1276426,-117.2624503,Carlsbad,Ezoic,closed,2010-10-01,2013-11-13,2013-11-13,3.12,3.12,1.58,1.58,5,1,5600000,1,CA,software,0,0,1,0,0,3.0,1,1645,1139,1139,Software,Medium
California,36.116203,-119.681564,Palo Alto,"Kiwi, Inc.",operating,2011-08-01,2013-07-29,2013-07-29,1.99,1.99,0.17,0.17,3,1,9000000,1,CA,games_video,0,0,1,0,0,4.0,1,1646,728,728,Software,Medium
Colorado,39.059811,-105.311104,Boulder,younity,closed,2010-01-01,2013-07-12,2013-08-12,3.53,3.61,0.25,0.25,5,2,7127090,1,CO,network_hosting,0,0,0,0,0,8.0,1,1647,1288,1319,Software,Medium
Texas,29.768442,-95.401093,Houston,Glycos Biotechnologies,operating,2007-01-01,2008-02-01,2013-10-10,1.08,6.78,0.0,0.0,11,6,15132764,1,TX,biotech,1,0,1,0,0,1.75,1,1648,396,2474,software,High
Colorado,40.068752,-105.208027,Boulder,Miragen Therapeutics,operating,2007-01-01,2008-05-19,2012-04-24,1.38,5.32,2.0,2.0,10,4,38000000,1,CO,biotech,0,0,1,1,0,3.33,1,1649,504,1940,software,High
New York,42.165726,-74.948051,New York,Amplience,operating,2008-01-01,2011-02-22,2013-07-30,3.15,5.58,3.0,3.0,3,2,8285264,1,NY,ecommerce,1,0,0,1,0,1.5,1,1650,1148,2037,Software,Medium
Connecticut,41.597782,-72.755371,Madison,iQCoPay,closed,2012-10-20,2013-02-01,2013-02-01,0.28,0.28,-0.05,0.99,2,1,200000,2,CT,health,0,1,0,0,0,1.0,0,1651,104,104,Service,Low
Oregon,45.523104,-122.670132,Portland,AboutUs.org,closed,2006-01-01,2009-01-09,2009-01-09,3.02,3.02,-7.8,5.96,8,1,2500000,3,OR,web,0,0,1,0,0,1.0,1,1652,1104,1104,Software,Medium
Vermont,44.208118,-72.564156,Berlin,Pwnie Express,operating,2009-01-01,2013-07-30,2013-07-30,4.58,4.58,3.0,3.0,5,1,5100000,1,VT,software,0,0,1,0,0,3.0,1,1653,1671,1671,Software,Medium
Oregon,44.572021,-122.070938,Portland,Urban Airship,operating,2009-06-01,2010-02-16,2013-02-06,0.71,3.69,3.18,3.69,27,4,46600000,3,OR,mobile,0,0,1,1,1,4.75,1,1654,260,1346,software,High
California,37.383175,-121.915418,San Jose,Solar Junction,operating,2007-01-01,2008-05-23,2013-04-01,1.39,6.25,2.5,2.5,14,4,58636000,1,CA,manufacturing,1,0,1,0,1,2.5,1,1655,508,2282,Manufacturing,High
New York,40.73343,-73.990967,New York,Bolster,closed,2012-01-03,2012-01-03,2012-01-03,0.0,0.0,1.0,1.0,3,1,750000,1,NY,web,0,1,0,0,0,1.0,0,1656,0,0,Software,Low
Virginia,37.769337,-78.169968,Reston,Vubiquity,operating,2009-01-01,2007-05-01,2012-05-21,-1.67,3.39,1.08,1.08,14,3,142000000,1,VA,games_video,1,0,0,1,1,2.33,1,1657,-611,1236,Software,High
Arizona,33.729759,-111.431221,scottsdale,Register My Info«,closed,2012-04-11,2013-04-01,2013-04-01,0.97,0.97,1.14,1.14,4,1,250000,1,AZ,enterprise,0,1,0,0,0,2.0,0,1658,355,355,Software,Low
New York,40.651091,-73.954457,New York,Signal Data,closed,2010-01-01,2010-09-01,2013-07-31,0.67,3.58,2.75,2.75,7,4,4522000,1,NY,finance,0,1,1,0,0,2.0,1,1659,243,1307,Service,Medium
California,36.116203,-119.681564,San Francisco,Littlecast,operating,2013-01-01,2013-09-04,2013-09-04,0.67,0.67,-0.08,0.67,1,1,2000000,2,CA,other,0,0,0,0,0,1.0,0,1660,246,246,Business,Low
California,37.4817249,-122.1711165,Menlo Park,Transcend Medical,operating,2006-01-01,2009-06-01,2012-01-17,3.42,6.05,6.0,6.0,9,2,51000000,1,CA,medical,0,0,0,1,0,7.5,1,1661,1247,2207,Service,High
California,36.116203,-119.681564,Carlsbad,Raynforest,operating,2013-02-14,2013-02-14,2013-02-14,0.0,0.0,0.0,0.0,1,1,300000,1,CA,software,0,1,0,0,0,3.0,0,1662,0,0,Software,Low
California,37.7840717,-122.3946584,San Francisco,MyTraining,operating,2012-01-01,2012-03-01,2013-01-01,0.16,1.0,1.33,1.33,6,2,100000,1,CA,health,0,1,0,0,0,1.0,0,1663,60,366,Service,Low
California,34.030479,-118.3814329,Culver City,RxVantage,closed,2008-01-01,2008-01-01,2011-12-31,0.0,4.0,-2.0,1.61,13,2,2750000,2,CA,enterprise,0,1,1,0,0,1.5,1,1664,0,1460,Software,Medium
California,37.7915817,-122.3995258,San Francisco,GELI,operating,2011-12-01,2013-07-12,2013-07-12,1.61,1.61,1.37,1.37,3,1,750000,1,CA,cleantech,0,1,0,0,0,3.0,0,1665,589,589,Business,Low
California,36.116203,-119.681564,San Francisco,OnBeep,closed,2013-01-01,2013-08-14,2013-08-14,0.62,0.62,0.58,0.58,3,1,445000,1,CA,web,0,1,0,0,0,2.0,0,1666,225,225,Software,Low
Hawaii,21.094318,-157.498337,Honolulu,Tow Choice,operating,2013-01-01,2013-01-01,2013-01-01,0.0,0.0,0.7,0.7,0,1,90000,1,HI,mobile,0,1,0,0,0,1.0,0,1667,0,0,software,Low
California,36.116203,-119.681564,San Diego,Pharmly,operating,2013-02-26,2013-06-11,2013-06-11,0.29,0.29,0.0,0.5,3,1,20000,2,CA,ecommerce,0,1,0,0,0,1.0,0,1668,105,105,Software,Low
Washington,47.400902,-121.490494,Bellevue,BuildersCloud,closed,2012-01-01,2013-08-08,2013-08-08,1.6,1.6,0.84,0.84,5,1,1100000,1,WA,software,0,1,0,0,0,8.0,1,1669,585,585,Software,Low
Wisconsin,44.268543,-89.616508,Madison,Brazen Careerist,operating,2008-01-01,2010-01-01,2012-03-01,2.0,4.17,2.77,4.0,9,2,2100000,2,WI,enterprise,1,0,0,0,0,1.0,1,1670,731,1521,Software,Medium
California,37.4296744,-122.1003331,Mountain View,UserTesting.com,operating,2007-01-01,2012-09-06,2012-09-06,5.68,5.68,3.0,3.0,6,1,3000000,1,CA,web,1,0,0,0,0,1.0,0,1671,2075,2075,Software,Medium
California,36.116203,-119.681564,San Mateo,C9 Inc.,operating,2007-01-01,2013-09-23,2013-09-23,6.73,6.73,6.42,6.42,8,1,12000000,1,CA,software,0,0,0,0,0,3.0,1,1672,2457,2457,Software,High
New York,40.7243575,-73.9974635,New York,Happify,closed,2011-12-01,2013-10-22,2013-10-22,1.89,1.89,1.89,1.89,6,1,3800800,1,NY,web,0,0,0,0,0,1.0,1,1673,691,691,Software,Medium
Illinois,42.061187,-88.0794478,Schaumburg,Sagent Pharmaceuticals,operating,2007-01-01,2009-06-14,2010-04-08,2.45,3.27,-9.01,-9.01,2,2,70000000,1,IL,biotech,0,0,1,1,0,1.0,0,1674,895,1193,software,High
California,36.116203,-119.681564,Palo Alto,Talenthouse,operating,2009-06-30,2009-01-01,2011-10-21,-0.49,2.31,1.64,3.01,24,2,15100000,3,CA,web,0,0,1,1,0,6.0,1,1675,-180,843,Software,High
Texas,31.054487,-97.563461,Spring,CurTran,operating,2011-10-05,2011-10-05,2011-10-05,0.0,0.0,0.66,0.66,3,1,6280000,1,TX,manufacturing,0,0,0,0,0,1.0,0,1677,0,0,Manufacturing,Medium
California,36.116203,-119.681564,San-Francisco,Vizerra,operating,2008-01-01,2008-01-01,2011-07-07,0.0,3.52,4.84,4.84,3,3,16000000,1,CA,software,0,0,1,0,0,1.0,0,1678,0,1283,Software,High
California,32.936973,-117.240431,San Diego,RiffTrax,closed,2006-07-01,2008-09-11,2008-09-11,2.2,2.2,0.95,0.95,2,1,5000000,1,CA,games_video,0,0,0,0,0,2.0,0,1679,803,803,Software,Medium
California,37.416349,-122.085021,Mountain View,TVU Networks,operating,2005-10-01,2008-10-01,2013-02-20,3.0,7.39,5.42,5.42,11,3,10050071,1,CA,ecommerce,1,0,1,0,0,3.0,1,1680,1096,2699,Software,Medium
California,37.394118,-122.035378,San Jose,Silicor Materials,operating,2006-03-01,2006-06-01,2013-09-04,0.25,7.52,4.84,6.27,9,6,195800000,3,CA,manufacturing,1,0,1,1,1,2.25,1,1681,92,2744,Manufacturing,High
Washington,47.400902,-121.490494,Bellevue,IceBreaker,closed,2006-04-06,2007-06-05,2007-06-05,1.16,1.16,1.24,1.24,6,1,7200000,1,WA,mobile,0,0,0,1,0,2.0,1,1684,425,425,software,Medium
Massachusetts,42.3694815,-71.0771871,Cambridge,IdeaPaint,operating,2008-01-01,2008-11-12,2011-04-27,0.87,3.32,-1.0,-1.0,5,3,13300000,1,MA,ecommerce,1,0,1,0,1,1.5,0,1685,316,1212,Software,High
North Carolina,35.996497,-78.903729,Durham,Spreedly,closed,2007-04-01,2013-06-10,2013-11-07,6.2,6.61,4.5,6.64,6,2,800924,3,NC,enterprise,0,1,0,0,0,1.0,0,1686,2262,2412,Software,Low
California,37.523311,-122.259154,Redwood City,Virdia,operating,2007-12-01,2009-06-01,2012-03-06,1.5,4.27,3.25,3.25,10,4,110500000,1,CA,cleantech,1,0,1,0,0,1.75,1,1687,548,1557,Business,High
California,36.116203,-119.681564,Santa Monica,Collecta,operating,2008-11-01,2009-03-01,2010-06-10,0.33,1.61,1.61,1.97,7,2,6580000,2,CA,search,1,0,1,0,0,2.0,1,1689,120,586,Software,Medium
California,36.116203,-119.681564,Grand Cayman,D.light Design,operating,2007-01-01,2008-11-10,2010-06-21,1.86,3.47,5.84,5.84,13,2,11500000,1,CA,cleantech,1,0,1,0,0,6.0,1,1690,679,1267,Business,High
California,37.3693049,-121.922509,San Jose,InSync Software,operating,2008-12-01,2006-01-01,2010-04-30,-2.92,1.41,0.0,4.32,1,3,12399999,2,CA,software,0,0,1,1,1,2.0,1,1691,-1065,515,Software,High
Texas,30.252861,-97.870509,Austin,CSID,operating,2006-01-01,2006-10-10,2011-04-13,0.77,5.28,5.56,5.56,4,3,42130000,1,TX,enterprise,1,0,1,0,0,1.0,0,1692,282,1928,Software,High
California,37.87168,-122.269494,Berkeley,Redux,operating,2007-03-01,2007-03-01,2012-12-11,0.0,5.79,4.84,6.38,15,5,8110454,2,CA,games_video,1,0,1,1,0,1.6,1,1693,0,2112,Software,Medium
Maine,42.3595196,-71.1156913,Cambridge,FORMA Therapeutics,operating,2008-01-01,2008-04-14,2012-09-07,0.28,4.69,-1.0,4.01,18,4,42500000,2,ME,biotech,1,0,1,1,0,2.33,0,1694,104,1711,software,High
California,37.38687,-122.067979,Mountain View,Y Combinator,operating,2005-04-01,2009-03-16,2010-05-21,3.96,5.14,6.2,8.69,15,2,10250000,3,CA,finance,1,0,0,0,0,3.0,1,1695,1445,1876,Service,Medium
Illinois,42.010632,-87.66831,Chicago,Inkling,operating,2007-01-01,2006-03-01,2007-01-01,-0.84,0.0,6.01,6.55,9,2,20000,2,IL,public_relations,0,1,0,0,0,1.0,1,1696,-306,0,Service,Low
Connecticut,41.597782,-72.755371,Stamford,GuestCentric Systems,operating,2006-01-01,2007-06-05,2009-07-14,1.42,3.53,1.67,1.67,4,2,5250000,1,CT,travel,1,1,0,0,0,2.0,0,1697,520,1290,Service,Medium
Massachusetts,42.362856,-71.083762,Boston,Buzzient,operating,2007-11-01,2008-04-01,2011-08-25,0.42,3.82,2.5,3.79,14,2,1569585,3,MA,enterprise,0,0,1,0,0,4.0,0,1698,152,1393,Software,Low
California,34.028173,-118.471235,Santa Monica,SolarReserve,operating,2007-01-01,2008-09-16,2011-10-24,1.71,4.81,5.0,5.0,5,3,182000000,1,CA,cleantech,1,0,0,1,0,5.0,1,1699,624,1757,Business,High
Maryland,39.063946,-76.802101,Landover,2U,operating,2008-01-01,2009-03-25,2013-10-21,1.23,5.81,2.1,4.88,22,6,95875000,3,MD,education,0,0,1,1,1,4.6,1,1700,449,2120,Service,High
California,37.40384,-122.07808,Mountain View,Raptr,operating,2007-01-01,2007-06-01,2011-02-10,0.41,4.11,1.5,6.07,22,3,27000000,3,CA,games_video,0,0,1,1,0,2.33,1,1701,151,1501,Software,High
California,37.4484914,-122.1802812,San Francisco,Siluria Technologies,operating,2008-01-01,2008-06-22,2013-04-01,0.47,5.25,3.74,5.01,15,6,102550582,2,CA,nanotech,1,0,1,1,1,6.0,1,1702,173,1917,Software,High
Colorado,38.833716,-104.826256,Colorado Springs,Accellos,operating,2006-01-01,2006-11-17,2012-10-16,0.88,6.79,4.63,5.0,8,3,51400000,2,CO,software,1,0,1,1,0,1.67,0,1703,320,2480,Software,High
Pennsylvania,40.590752,-77.209755,Morrisville,Small Bone Innovations,operating,2009-05-01,2008-01-01,2011-12-07,-1.33,2.6,2.76,2.76,6,6,244000000,1,PA,medical,0,0,0,0,1,4.0,1,1704,-486,950,Service,High
California,37.384206,-121.992805,Sunnyvale,GoldSpot Media,operating,2006-01-01,2007-01-01,2011-04-07,1.0,5.27,5.0,6.53,21,3,17050000,2,CA,advertising,0,0,1,1,0,1.5,0,1705,365,1922,Service,High
Massachusetts,42.230171,-71.530106,Cambridge,Panorama Education,closed,2012-01-01,2013-03-01,2013-10-21,1.16,1.81,1.64,1.64,3,2,4000000,1,MA,education,0,1,0,0,0,3.0,1,1706,425,659,Service,Medium
Massachusetts,42.510953,-71.246708,"Bedford,",Ocular Therapeutix,operating,2006-01-01,2009-06-24,2013-06-10,3.48,7.44,0.0,5.03,3,5,67300000,2,MA,biotech,0,0,0,0,1,3.0,1,1707,1270,2717,software,High
Massachusetts,42.230171,-71.530106,CAMBRIDGE,Prevently,operating,2012-09-01,2013-08-14,2013-12-05,0.95,1.26,-0.5,-0.5,3,2,1052500,1,MA,health,1,1,0,0,0,5.5,0,1708,347,460,Service,Low
Washington DC,38.8951,-77.0364,Washington,Personal,operating,2009-07-01,2011-01-07,2013-10-15,1.52,4.29,1.69,4.29,12,3,20259255,4,DC,mobile,0,0,1,1,0,2.5,1,1709,555,1567,software,High
Michigan,42.277416,-83.733276,Ann Arbor,Lycera,operating,2006-01-01,2009-05-05,2013-10-21,3.34,7.81,3.0,5.17,4,2,41000000,2,MI,biotech,0,0,1,0,0,4.0,1,1710,1220,2850,software,High
California,32.912063,-117.114827,San Diego,Covario,operating,2006-03-01,2007-01-25,2008-01-01,0.9,1.84,5.84,5.84,16,2,16000000,1,CA,enterprise,1,0,0,1,0,2.0,1,1711,330,671,Software,High
California,37.787126,-122.39783,San Francisco,SendMe,operating,2006-06-01,2006-06-01,2009-03-05,0.0,2.76,3.64,4.42,12,4,34500000,3,CA,mobile,0,0,1,1,1,3.75,1,1712,0,1008,software,High
Georgia,33.040619,-83.643074,Cleveland,Easel Learn,closed,2012-08-06,2012-08-06,2013-01-15,0.0,0.44,0.0,0.0,3,2,40000,1,GA,education,0,1,0,0,0,1.0,0,1713,0,162,Service,Low
California,36.116203,-119.681564,Mountain View,Maginatics,operating,2010-01-01,2011-07-13,2013-08-20,1.53,3.64,2.0,2.0,4,2,27000000,1,CA,other,0,0,1,1,0,4.0,1,1715,558,1327,Business,High
Indiana,39.899454,-86.059295,Indianapolis,Autobook Now,operating,2009-01-02,2013-04-22,2013-04-22,4.3,4.3,4.41,4.41,3,1,3000000,1,IN,automotive,1,0,0,0,0,1.0,0,1716,1571,1571,Service,Medium
New York,42.165726,-74.948051,New York,Unite Us,closed,2013-01-01,2013-08-21,2013-08-21,0.64,0.64,0.64,0.64,0,1,2000000,1,NY,social,0,0,0,0,0,1.0,0,1717,232,232,Software,Low
Alabama,37.333864,-121.889317,San Jose,Myfacepage,operating,2010-03-23,2007-05-01,2007-05-01,-2.9,-2.9,-2.67,1.25,2,1,1500000,3,AL,other,0,0,0,0,0,1.0,0,1718,-1057,-1057,Business,Low
Tennessee,35.747845,-86.692345,Brentwood,eClinic Healthcare,operating,2013-01-01,2013-09-19,2013-09-19,0.72,0.72,0.0,0.0,2,1,50000,1,TN,health,0,1,0,0,0,3.0,0,1719,261,261,Service,Low
California,36.116203,-119.681564,San Ramon,emoteShare,operating,2012-02-02,2011-11-01,2011-11-01,-0.25,-0.25,0.0,0.0,3,1,10000,1,CA,social,0,1,0,0,0,1.0,0,1721,-93,-93,Software,Low
Massachusetts,42.2938519,-87.9973255,Reading,Physicians Interactive,operating,2008-01-01,2012-01-05,2012-01-05,4.01,4.01,4.0,4.0,18,1,17000000,1,MA,advertising,1,0,0,0,0,1.0,0,1722,1465,1465,Service,High
Massachusetts,42.4236783,-71.2459523,Lexington,TARIS Biomedical,operating,2008-01-01,2009-06-25,2013-03-18,1.48,5.21,0.58,3.28,17,3,46800000,2,MA,biotech,0,0,1,1,0,3.67,1,1723,541,1903,software,High
California,37.4298335,-122.004179,Redwood City,Spiracur,operating,2007-01-01,2009-06-29,2011-02-01,2.49,4.09,4.0,4.0,14,2,55300000,1,CA,medical,1,0,0,1,0,4.0,1,1724,910,1492,Service,High
California,36.116203,-119.681564,San Francisco,Catch.com,operating,2008-10-31,2010-06-02,2011-02-15,1.59,2.29,1.59,3.88,7,2,9300000,4,CA,mobile,0,0,1,0,0,1.5,0,1726,579,837,software,Medium
California,36.116203,-119.681564,San Diego,MojoPages,closed,2006-07-01,2009-06-30,2009-06-30,3.0,3.0,3.0,6.01,7,1,5000000,4,CA,web,0,0,1,0,0,1.0,1,1727,1095,1095,Software,Medium
California,37.445335,-122.15833,Menlo Park,High Gear Media,operating,2008-01-01,2007-11-01,2009-06-30,-0.17,1.5,4.42,4.78,12,2,12000000,3,CA,web,0,0,1,1,0,2.5,1,1728,-61,546,Software,High
Hawaii,21.3085432,-157.8086394,Honolulu,Energy Excelerator,operating,2010-01-01,2013-09-06,2013-09-06,3.68,3.68,3.68,3.68,3,1,30000000,1,HI,cleantech,0,0,0,0,0,1.0,0,1729,1344,1344,Business,High
Illinois,41.8035954,-88.159371,Warrenville,Coskata,operating,2006-07-01,2008-03-11,2013-08-30,1.7,7.17,5.51,5.51,18,5,86220000,1,IL,cleantech,0,0,0,1,1,5.2,1,1730,619,2617,Business,High
New York,40.7408042,-74.00717,New York,ChallengePost,operating,2009-01-01,2009-06-29,2011-08-09,0.49,2.6,1.58,2.47,3,2,4600000,2,NY,web,0,1,1,0,0,8.5,1,1731,179,950,Software,Medium
California,37.4104762,-122.0185959,Sunnyvale,R2 Semiconductor,operating,2008-01-01,2009-02-04,2013-02-08,1.1,5.11,2.0,2.0,5,3,17058000,1,CA,semiconductor,1,0,1,0,0,2.33,1,1732,400,1865,Software,High
California,36.116203,-119.681564,San Francisco,Sproutling,operating,2012-12-19,2013-09-16,2013-09-16,0.74,0.74,0.74,0.74,3,1,2600000,1,CA,hardware,0,0,1,0,0,7.0,1,1733,271,271,Hardware,Medium
California,37.4784804,-122.1514101,Palo Alto,Issuu,operating,2006-01-01,2007-02-01,2008-10-28,1.08,2.82,1.64,7.5,8,2,6250000,3,CA,web,0,0,1,1,0,1.0,1,1734,396,1031,Software,Medium
California,37.337756,-121.89435,San Jose,DeciZium,closed,2006-01-01,2008-01-01,2008-01-01,2.0,2.0,3.72,7.89,4,1,1500000,2,CA,web,0,0,0,0,0,1.0,0,1735,730,730,Software,Low
California,37.658713,-122.399382,South San Francisco,Hyperion Therapeutics,operating,2006-01-01,2007-09-05,2011-11-04,1.68,5.84,6.59,7.42,20,6,152972747,2,CA,biotech,1,0,0,1,1,3.0,1,1736,612,2133,software,High
Texas,31.054487,-97.563461,San Antonio,Promoter.io,closed,2013-03-01,2013-09-03,2013-09-03,0.51,0.51,0.25,0.25,2,1,179000,1,TX,software,0,1,0,0,0,5.0,0,1737,186,186,Software,Low
Texas,30.237298,-97.746619,Austin,Set.fm,closed,2011-01-01,2012-07-18,2013-09-04,1.55,2.68,2.68,2.68,2,2,1249970,1,TX,music,1,1,0,0,0,1.0,0,1739,564,977,Service,Low
Virginia,38.9519129,-77.3490926,Reston,SL8Z | CrowdSourced Recruiting,closed,2013-01-01,2013-10-21,2013-10-23,0.8,0.81,0.0,0.0,1,2,50000,1,VA,other,0,1,0,0,0,1.0,0,1740,293,295,Business,Low
Florida,27.766279,-81.686783,MIAMI,"AutoWeb, Inc.",operating,2013-09-01,2013-09-18,2013-09-18,0.05,0.05,0.05,0.05,1,1,2500000,1,FL,advertising,0,0,1,0,0,1.0,0,1741,17,17,Service,Medium
New York,42.165726,-74.948051,New York,Gocella,operating,2011-01-01,2012-08-01,2012-12-01,1.58,1.92,1.92,1.92,7,3,1085000,1,NY,mobile,0,1,0,0,0,3.0,1,1742,578,700,software,Low
New York,40.7450497,-73.9900984,New York City,StyleCaster,operating,2008-04-10,2009-07-01,2011-11-28,1.22,3.64,4.5,5.67,18,2,5000000,3,NY,web,0,0,1,0,0,3.5,1,1743,447,1327,Software,Medium
New York,42.165726,-74.948051,New York,Keaton Row,operating,2011-01-01,2013-01-01,2013-09-06,2.0,2.68,2.68,2.68,0,3,4182500,1,NY,fashion,0,1,0,0,0,2.5,1,1744,731,979,Business,Medium
Washington,47.6859295,-122.3373282,Seattle,AltaRock Energy,operating,2007-01-01,2008-08-01,2008-08-01,1.58,1.58,0.0,3.59,17,1,26250000,2,WA,cleantech,0,0,0,1,0,4.0,1,1745,578,578,Business,High
California,37.503147,-122.211435,Redwood City,BillShrink,operating,2008-01-01,2007-07-30,2008-10-14,-0.42,0.79,1.75,5.58,12,2,9000000,3,CA,web,0,0,1,1,0,1.5,1,1746,-155,287,Software,Medium
New York,40.738482,-73.988787,New York,Celebrations.com,operating,2007-01-01,2007-01-01,2008-11-03,0.0,1.84,1.0,3.81,4,3,4050000,2,NY,web,0,1,1,0,0,2.0,0,1747,0,672,Software,Medium
California,36.116203,-119.681564,Redwood City,Teambox,operating,2009-01-25,2010-11-16,2013-10-22,1.81,4.74,2.48,4.4,4,3,6750000,4,CA,web,0,1,1,0,0,3.5,1,1748,660,1731,Software,Medium
Missouri,38.456085,-92.288368,St. Louis,Pixel Press,operating,2013-06-01,2013-06-13,2013-11-11,0.03,0.45,0.0,0.0,3,2,413950,1,MO,games_video,0,1,0,0,0,1.0,1,1750,12,163,Software,Low
Colorado,39.059811,-105.311104,Boulder,Project Travel,operating,2011-10-01,2013-07-22,2013-07-22,1.81,1.81,1.09,1.64,2,1,25000,2,CO,education,0,1,0,0,0,1.0,0,1751,660,660,Service,Low
Ohio,40.388783,-82.764915,Cleveland,BOLD Guidance,operating,2012-09-01,2013-06-01,2013-06-01,0.75,0.75,0.0,1.02,1,1,14000,2,OH,software,0,1,0,0,0,1.0,0,1752,273,273,Software,Low
California,36.116203,-119.681564,Menlo Park,Beepi,operating,2013-04-01,2013-11-21,2013-11-21,0.64,0.64,0.17,0.17,2,1,1250000,1,CA,ecommerce,0,1,0,0,0,4.0,0,1753,234,234,Software,Low
California,36.116203,-119.681564,San Francisco,MXD3D,closed,2013-03-18,2011-01-01,2013-03-18,-2.21,0.0,-0.21,-0.21,6,3,645000,1,CA,web,0,1,0,0,0,2.33,0,1754,-807,0,Software,Low
Texas,31.054487,-97.563461,Houston,Simplilearn,operating,2009-09-01,2013-09-17,2013-09-17,4.05,4.05,-0.67,4.0,2,1,10000000,2,TX,web,0,0,0,1,0,2.0,1,1755,1477,1477,Software,Medium
Washington DC,38.960381,-77.084811,Washington,Homesnap,operating,2008-01-30,2009-07-01,2012-08-06,1.42,4.52,4.52,5.25,4,2,5500000,2,DC,analytics,0,0,1,0,0,1.5,1,1756,518,1650,Software,Medium
North Carolina,35.630066,-79.806419,Charlotte,ShomoLive,operating,2010-01-01,2013-09-01,2013-09-01,3.67,3.67,3.6,3.6,5,1,150000,1,NC,social,0,1,0,0,0,3.0,0,1757,1339,1339,Software,Low
Rhode Island,41.829229,-71.421059,Providence,GreenBytes,operating,2007-01-01,2009-09-14,2013-11-21,2.7,6.89,3.71,6.01,11,6,35000002,2,RI,enterprise,1,0,1,1,1,1.5,1,1758,987,2516,Software,High
California,36.116203,-119.681564,Irvine,BookingPal,closed,2013-08-24,2013-09-19,2013-09-19,0.07,0.07,0.03,0.03,6,1,1500000,1,CA,travel,0,0,0,0,0,1.0,1,1759,26,26,Service,Low
Illinois,40.349457,-88.986137,Champaign,Striped Sail,operating,2010-02-01,2011-11-21,2011-11-21,1.8,1.8,1.8,1.8,2,1,210000,1,IL,hardware,0,1,0,0,0,1.0,0,1760,658,658,Hardware,Low
California,36.116203,-119.681564,Malibu,GIDEEN,operating,2013-08-10,2013-08-13,2013-08-13,0.01,0.01,0.0,0.31,1,1,100000,2,CA,music,0,1,0,0,0,1.0,0,1761,3,3,Service,Low
New York,40.7496475,-73.9915961,New York,Designer Pages Online,operating,2008-06-15,2006-12-15,2006-12-15,-1.5,-1.5,2.79,2.79,6,1,350000,1,NY,other,0,1,0,0,0,1.0,0,1762,-548,-548,Business,Low
New York,42.165726,-74.948051,New York,Cureatr,operating,2011-01-01,2011-10-27,2013-10-23,0.82,2.81,0.0,0.0,3,2,6125000,1,NY,software,0,0,1,0,0,4.0,1,1763,299,1026,Software,Medium
Tennessee,35.747845,-86.692345,Memphis,Kids360,closed,2013-08-01,2013-07-15,2013-07-15,-0.05,-0.05,0.23,0.23,2,1,15000,1,TN,security,0,1,0,0,0,1.0,0,1764,-17,-17,Service,Low
Rhode Island,41.680893,-71.51178,Providence,APE Systems,operating,2013-05-08,2013-09-01,2013-09-01,0.32,0.32,0.0,0.0,1,1,20000,1,RI,sports,0,1,0,0,0,1.0,1,1765,116,116,Service,Low
California,36.116203,-119.681564,Los Altos,Netskope,operating,2012-10-08,2013-01-01,2013-07-01,0.23,0.73,0.99,1.05,15,2,21400000,2,CA,software,0,0,1,1,0,1.0,1,1766,85,266,Software,High
Georgia,33.040619,-83.643074,Atlanta,Edevate,operating,2013-09-01,2013-04-01,2013-10-01,-0.42,0.08,0.08,0.09,13,3,300000,2,GA,education,0,1,0,0,0,1.33,0,1767,-153,30,Service,Low
New York,40.8587524,-73.7258199,New York,OLX,operating,2006-03-01,2007-09-01,2010-08-26,1.5,4.49,4.5,6.71,7,4,28500000,3,NY,web,1,0,1,1,1,3.5,1,1768,549,1639,Software,High
Missouri,38.456085,-92.288368,St. Louis,Kingdom Scene Endeavors,operating,2009-01-01,2010-06-01,2013-09-01,1.41,4.67,4.0,4.0,3,3,1765000,1,MO,games_video,0,1,0,0,0,1.0,1,1769,516,1704,Software,Low
Oklahoma,35.565342,-96.928917,Oklahoma City,Tailwind,operating,2012-02-01,2013-11-06,2013-11-06,1.76,1.76,0.0,1.71,2,1,1000000,2,OK,analytics,0,1,0,0,0,2.0,0,1770,644,644,Software,Low
Pennsylvania,40.590752,-77.209755,Wayne,Evolve IP,operating,2006-12-01,2008-01-18,2010-09-14,1.13,3.79,5.67,5.67,4,2,24300000,1,PA,network_hosting,1,0,1,0,0,6.0,0,1771,413,1383,Software,High
California,36.116203,-119.681564,Emeryville,DeliRadio Concert Network,operating,2011-01-01,2013-10-08,2013-10-08,2.77,2.77,1.91,1.91,10,1,9350000,1,CA,music,0,0,1,0,0,3.0,1,1772,1011,1011,Service,Medium
Florida,27.766279,-81.686783,Miami,IXC Global,operating,2012-04-01,2012-04-01,2012-04-01,0.0,0.0,0.0,0.0,1,1,500000,1,FL,social,0,1,0,0,0,1.0,0,1773,0,0,Software,Low
Massachusetts,42.230171,-71.530106,Cambridge,Operating Analytics,operating,2013-02-01,2013-06-01,2013-06-01,0.33,0.33,0.0,0.0,1,1,50000,1,MA,software,0,1,0,0,0,1.0,0,1774,120,120,Software,Low
New York,42.165726,-74.948051,New York,Newzulu USA,operating,2013-10-01,2013-10-01,2013-10-01,0.0,0.0,0.0,0.0,2,1,2500000,1,NY,news,0,0,0,0,0,1.0,0,1775,0,0,Service,Medium
California,36.116203,-119.681564,San Francisco,Exiles,operating,2011-12-01,2012-02-01,2013-10-01,0.17,1.84,1.75,1.85,8,2,665000,2,CA,sports,0,1,0,0,0,1.0,0,1776,62,670,Service,Low
California,36.116203,-119.681564,Irvine,Cove Financial Group,operating,2012-07-04,2013-10-07,2013-10-07,1.26,1.26,-26.52,-26.52,1,1,10400000,1,CA,finance,0,0,1,0,0,1.0,0,1777,460,460,Service,Medium
California,37.55909,-122.321836,San Mateo,Jelli,operating,2008-09-15,2010-01-07,2012-10-02,1.31,4.05,0.04,4.53,8,4,16600000,3,CA,enterprise,1,1,1,0,0,6.0,1,1778,479,1478,Software,High
Nevada,38.313515,-117.055374,Las Vegas,RecordSetter,operating,2008-11-15,2009-09-01,2011-09-30,0.79,2.87,0.62,0.81,5,2,1000000,2,NV,web,0,1,1,0,0,2.0,1,1779,290,1049,Software,Low
Indiana,39.849426,-86.258278,Indianapolis,Drink Up Downtown,operating,2012-07-12,2012-07-12,2013-10-24,0.0,1.28,0.0,0.13,3,2,200000,2,IN,advertising,0,1,0,0,0,1.0,0,1780,0,469,Service,Low
North Carolina,35.630066,-79.806419,Raleigh,Photofy,operating,2013-01-01,2013-11-26,2013-11-26,0.9,0.9,0.58,0.58,4,1,605000,1,NC,photo_video,0,0,1,0,0,2.0,0,1781,329,329,Software,Low
Ohio,40.388783,-82.764915,Beachwood,iGuiders,operating,2008-02-01,2009-02-04,2010-03-16,1.01,2.12,2.33,2.33,1,3,1170000,1,OH,web,1,1,0,0,0,1.0,1,1782,369,774,Software,Low
Texas,31.054487,-97.563461,Austin,Boxer,operating,2012-01-01,2013-10-16,2013-10-16,1.79,1.79,1.79,1.79,1,1,3000000,1,TX,messaging,1,0,0,0,0,1.0,1,1783,654,654,Software,Medium
New York,42.165726,-74.948051,New York,Fortscale,operating,2012-01-01,2013-01-01,2013-01-01,1.0,1.0,0.0,0.0,5,1,2000000,1,NY,security,0,0,0,0,0,1.0,0,1784,366,366,Service,Low
California,37.776467,-122.395792,San Francisco,Bleacher Report,operating,2007-01-01,2007-11-01,2011-08-24,0.83,4.65,-18.78,5.72,13,5,40500000,3,CA,sports,1,0,1,1,1,2.75,1,1785,304,1696,Service,High
Washington,47.400902,-121.490494,Seattle,Appetas,operating,2012-07-02,2012-08-24,2012-08-24,0.15,0.15,1.0,1.0,2,1,50000,1,WA,local,0,1,0,0,0,2.0,0,1786,53,53,Business,Low
California,37.790992,-122.40188,San Francisco,Rocket Lawyer,operating,2008-08-27,2009-01-08,2013-05-13,0.37,4.71,1.81,5.15,10,5,52850818,3,CA,legal,0,0,0,1,1,1.5,1,1787,134,1720,Service,High
Wisconsin,44.268543,-89.616508,Saratoga Springs,1stGig.com,closed,2009-08-01,2012-10-01,2012-10-01,3.17,3.17,0.0,5.18,1,1,750000,2,WI,ecommerce,0,1,0,0,0,1.0,0,1788,1157,1157,Software,Low
Massachusetts,42.230171,-71.530106,Boston,LifeGuard Games,closed,2012-09-01,2013-04-01,2013-04-01,0.58,0.58,1.0,1.0,5,1,7500,1,MA,mobile,0,1,0,0,0,1.0,0,1789,212,212,software,Low
California,37.55175,-122.058121,Fremont,Zosano Pharma,operating,2006-10-01,2007-11-15,2013-09-19,1.12,6.97,4.25,4.25,12,6,139855891,1,CA,biotech,1,0,1,1,0,3.67,1,1790,410,2545,software,High
New York,42.165726,-74.948051,New York,Catchpoint Systems,operating,2008-09-15,2009-12-09,2013-12-10,1.23,5.24,2.67,2.67,8,4,10765001,1,NY,analytics,1,0,1,1,0,1.0,1,1791,450,1912,Software,Medium
California,36.116203,-119.681564,Los Angeles,mVakil,closed,2013-08-10,2013-08-10,2013-08-10,0.0,0.0,0.0,0.0,2,1,100000,1,CA,legal,0,1,0,0,0,1.0,0,1792,0,0,Service,Low
California,36.116203,-119.681564,Redwood City,shopkick,operating,2009-06-01,2009-07-14,2010-07-14,0.12,1.12,3.05,4.24,13,3,20000000,3,CA,mobile,0,0,1,1,0,3.33,1,1793,43,408,software,High
Texas,31.054487,-97.563461,Dallas,PT PAL,closed,2013-01-01,2013-08-01,2013-08-01,0.58,0.58,0.33,0.33,1,1,30000,1,TX,health,0,1,0,0,0,1.0,0,1794,212,212,Service,Low
California,36.116203,-119.681564,Newport Beach,Shakti,operating,2013-05-01,2013-06-01,2013-06-01,0.08,0.08,0.42,0.42,1,1,15000,1,CA,web,0,1,0,0,0,1.0,0,1795,31,31,Software,Low
California,37.536402,-122.325129,San Mateo,Tioga Energy,operating,2007-01-01,2007-06-05,2009-12-18,0.42,2.96,3.0,3.0,12,4,45000000,1,CA,cleantech,0,0,1,1,0,4.67,1,1797,155,1082,Business,High
California,34.148374,-118.121822,Pasadena,Central Desktop,operating,2005-05-01,2008-04-16,2008-04-16,2.96,2.96,5.01,6.34,8,1,7000000,3,CA,public_relations,0,0,1,0,0,1.0,1,1798,1081,1081,Service,Medium
California,36.116203,-119.681564,Mill Valley,Kickserv,operating,2006-10-01,2008-09-01,2008-09-01,1.92,1.92,4.84,6.22,3,1,500000,3,CA,software,0,1,0,0,0,1.0,0,1799,701,701,Software,Low
Massachusetts,42.39526,-71.256368,Waltham,CloudLock,operating,2007-01-21,2008-03-16,2012-03-27,1.15,5.18,2.73,4.03,5,2,11700000,2,MA,enterprise,0,0,1,1,0,1.5,1,1800,420,1892,Software,High
Ohio,40.388783,-82.764915,Shaker Heights,DidLog,operating,2013-08-01,2013-08-01,2013-08-01,0.0,0.0,0.0,0.17,2,1,20000,2,OH,software,0,1,0,0,0,1.0,0,1801,0,0,Software,Low
Texas,31.054487,-97.563461,Dallas,Mode De Faire,closed,2012-01-01,2013-07-01,2013-07-01,1.5,1.5,0.0,0.0,2,1,16000,1,TX,ecommerce,0,1,0,0,0,1.0,0,1802,547,547,Software,Low
California,36.116203,-119.681564,Redwood City,Terrajoule,operating,2009-01-01,2013-11-04,2013-11-04,4.84,4.84,4.84,4.84,2,1,11500000,1,CA,hardware,0,0,1,0,0,4.0,1,1803,1768,1768,Hardware,High
New York,40.745186,-73.993039,New York,ComQi,operating,2011-01-01,2007-10-09,2008-09-30,-3.23,-2.25,-1.33,-1.33,14,2,28000000,1,NY,advertising,0,0,1,1,0,2.0,1,1804,-1180,-823,Service,High
Illinois,40.349457,-88.986137,Chicago,Opternative,operating,2013-01-01,2013-11-05,2013-11-05,0.84,0.84,0.75,0.75,4,1,150000,1,IL,health,0,1,0,0,0,5.0,0,1805,308,308,Service,Low
Missouri,38.456085,-92.288368,St. Louis,Action Online Publishing,operating,2010-01-01,2011-09-01,2011-11-01,1.67,1.83,0.0,0.0,1,2,100000,1,MO,games_video,0,1,0,0,0,1.5,1,1806,608,669,Software,Low
California,36.116203,-119.681564,Santa Clara,Espresso Logic,operating,2013-09-09,2013-11-07,2013-11-07,0.16,0.16,-0.02,0.16,4,1,1600000,2,CA,software,0,0,0,0,0,7.0,1,1807,59,59,Software,Low
California,36.116203,-119.681564,San Francisco,Jut Inc,operating,2013-01-01,2013-11-07,2013-11-07,0.85,0.85,0.45,0.45,4,1,20000000,1,CA,analytics,0,0,0,1,0,3.0,1,1808,310,310,Software,High
Massachusetts,42.489827,-71.223359,Burlington,Mzinga,operating,2007-01-01,2008-03-03,2009-09-23,1.17,2.73,3.34,4.16,20,2,42500000,3,MA,social,1,0,0,0,0,3.5,0,1809,427,996,Software,High
California,37.44787,-122.157931,Palo Alto,Infolinks,closed,2007-01-01,2008-04-01,2009-02-01,1.25,2.09,5.84,6.59,11,2,2500000,2,CA,advertising,0,0,1,1,0,1.0,0,1810,456,762,Service,Medium
North Carolina,35.630066,-79.806419,Charlotte,Obiesoft,operating,2012-11-01,2012-12-01,2013-12-05,0.08,1.09,0.0,0.0,1,2,245000,1,NC,real_estate,0,1,0,0,0,1.0,0,1811,30,399,Business,Low
New York,42.165726,-74.948051,New York,ApplyInc.com,operating,2013-02-16,2013-02-15,2013-02-15,-0.0,-0.0,-0.12,-0.12,1,1,125000,1,NY,real_estate,0,1,0,0,0,1.0,0,1812,-1,-1,Business,Low
Oregon,44.572021,-122.070938,Salem,Compumatrix,operating,2006-11-22,2012-12-20,2012-12-20,6.08,6.08,6.55,6.55,14,1,400000,1,OR,web,0,0,0,0,0,1.0,0,1813,2220,2220,Software,Low
North Carolina,35.630066,-79.806419,Durham,Validic,operating,2010-01-01,2013-11-15,2013-11-15,3.87,3.87,2.92,2.92,3,1,760000,1,NC,health,0,1,0,0,0,1.0,0,1814,1414,1414,Service,Low
Massachusetts,42.501306,-71.235498,Bedford,VideoIQ,operating,2006-01-01,2007-04-26,2013-09-20,1.32,7.72,5.7,6.0,12,6,37535089,2,MA,analytics,1,0,1,1,1,3.0,1,1815,480,2819,Software,High
California,36.116203,-119.681564,Palo Alto,Oris4,closed,2010-01-01,2010-01-01,2010-01-01,0.0,0.0,3.0,3.0,3,1,3000000,1,CA,search,0,0,0,0,0,2.0,0,1816,0,0,Software,Medium
New York,42.165726,-74.948051,New York,Knozen,operating,2013-01-01,2013-11-01,2013-11-01,0.83,0.83,0.0,0.87,1,1,2250000,2,NY,social,0,0,0,0,0,5.0,1,1817,304,304,Software,Medium
California,36.116203,-119.681564,Oceanside,eBooks in Motion,operating,2012-01-01,2013-11-16,2013-11-16,1.88,1.88,1.0,1.0,5,1,335000,1,CA,ecommerce,0,1,0,0,0,4.0,0,1818,685,685,Software,Low
New York,40.739794,-73.985878,New York,Phreesia,operating,2005-02-01,2006-12-01,2010-08-03,1.83,5.5,5.32,5.92,22,5,42650000,2,NY,software,0,0,1,1,1,3.75,1,1819,668,2009,Software,High
Massachusetts,42.230171,-71.530106,Marlborough,QualtrÚ,operating,2008-01-01,2008-08-20,2013-05-15,0.64,5.37,0.0,3.52,2,5,30000000,2,MA,hardware,1,0,1,1,0,2.33,1,1820,232,1961,Hardware,High
New York,42.165726,-74.948051,Hauppauge,WinLoot.com,operating,2013-06-01,2013-03-11,2013-03-11,-0.22,-0.22,-0.41,-0.41,3,1,100000,1,NY,games_video,0,1,0,0,0,1.0,0,1821,-82,-82,Software,Low
California,33.92034,-118.389881,El Segundo,CyberCity 3D,operating,2008-01-01,2008-10-13,2009-12-03,0.78,1.92,3.07,3.07,1,2,7850000,1,CA,software,1,0,1,0,0,1.0,0,1822,286,702,Software,Medium
California,36.116203,-119.681564,San Francisco,CloudCrowd,closed,2009-04-30,2010-08-13,2010-08-13,1.29,1.29,1.89,3.59,12,1,5100000,2,CA,enterprise,0,0,0,1,0,2.0,1,1823,470,470,Software,Medium
California,36.116203,-119.681564,Boca Raton,LiveExercise,operating,2012-10-01,2012-10-01,2012-10-01,0.0,0.0,0.67,0.67,2,1,100000,1,CA,health,0,1,0,0,0,1.0,0,1824,0,0,Service,Low
Massachusetts,42.230171,-71.530106,Marblehead,"Trajectory, Inc.",operating,2011-09-01,2013-11-20,2013-11-20,2.22,2.22,0.0,0.0,2,1,1000000,1,MA,analytics,0,1,0,0,0,1.0,0,1825,811,811,Software,Low
California,37.785647,-122.405265,San Francisco,Mixpanel,operating,2009-06-20,2009-07-01,2012-05-10,0.03,2.89,1.03,4.36,5,4,12000000,4,CA,analytics,0,1,1,0,0,2.75,1,1826,11,1055,Software,High
New York,42.165726,-74.948051,New York,Niche.co,closed,2013-06-01,2013-11-22,2013-11-22,0.48,0.48,0.0,0.0,2,1,550000,1,NY,software,0,1,0,0,0,4.0,1,1827,174,174,Software,Low
New Jersey,40.298904,-74.521011,WOODCLIFF LAKE,AGAVOO VideoConferencing,operating,2011-12-01,2013-06-01,2013-06-01,1.5,1.5,1.6,1.6,2,1,1300000,1,NJ,software,0,0,0,0,0,1.0,0,1828,548,548,Software,Low
New York,42.165726,-74.948051,NEW YORK,L'Idealist,closed,2013-07-01,2013-07-01,2013-07-01,0.0,0.0,0.43,0.43,3,1,525000,1,NY,ecommerce,0,1,0,0,0,1.0,0,1829,0,0,Software,Low
California,36.116203,-119.681564,Sunnyvale,Arctic Wolf Networks,operating,2012-01-01,2012-05-01,2012-05-01,0.33,0.33,1.0,1.0,3,1,7250000,1,CA,network_hosting,0,0,1,0,0,1.0,1,1830,121,121,Software,Medium
Ohio,40.388783,-82.764915,Columbus,Manta,operating,2005-09-01,2011-01-04,2012-04-02,5.35,6.59,5.48,7.17,2,2,47215715,3,OH,web,1,0,0,0,0,1.0,1,1831,1951,2405,Software,High
California,37.426466,-122.1369002,Palo Alto,Codeanywhere,operating,2008-09-01,2011-03-12,2013-07-15,2.53,4.87,4.87,4.87,2,2,635000,1,CA,enterprise,0,1,1,0,0,1.0,0,1832,922,1778,Software,Low
Illinois,41.8894509,-87.6371453,Chicago,YCharts,operating,2009-01-01,2010-03-19,2013-05-09,1.21,4.35,4.35,4.35,2,3,8650000,1,IL,analytics,0,0,1,1,1,3.0,1,1833,442,1589,Software,Medium
California,37.7592975,-122.3882102,San Francisco,Mixamo,operating,2008-07-18,2009-07-27,2012-05-07,1.02,3.81,1.79,5.12,5,3,8676235,2,CA,software,0,0,1,1,0,2.0,1,1834,374,1389,Software,Medium
California,37.787183,-122.397759,San Francisco,LiveRail,operating,2008-04-01,2008-08-13,2013-06-10,0.37,5.19,-4.88,5.68,14,4,12500000,3,CA,advertising,0,1,1,1,1,1.0,0,1835,134,1896,Service,High
California,34.03606,-118.367963,Los Angeles,Coda Automotive,operating,2009-01-01,2009-07-28,2011-09-20,0.57,2.72,2.88,2.88,11,5,229000000,1,CA,cleantech,0,0,0,1,1,4.0,0,1836,208,992,Business,High
California,36.116203,-119.681564,Mountain View,RethinkDB,operating,2009-05-01,2009-06-01,2011-09-01,0.08,2.34,2.1,3.67,20,3,4200000,2,CA,enterprise,0,1,1,0,0,7.0,1,1838,31,853,Software,Medium
Minnesota,44.927506,-93.340075,Minneapolis,FanChatter,closed,2007-01-01,2009-06-01,2009-06-01,2.42,2.42,2.63,2.63,5,1,20000,1,MN,public_relations,0,1,0,0,0,1.0,1,1840,882,882,Service,Low
Illinois,40.349457,-88.986137,Chicago,LocalLux,operating,2013-03-01,2013-09-24,2013-09-24,0.57,0.57,0.33,0.33,3,1,5200,1,IL,ecommerce,0,0,0,0,0,1.0,0,1841,207,207,Software,Low
California,37.789268,-122.395184,San Francisco,OpenDNS,operating,2005-11-01,2005-11-01,2013-02-20,0.0,7.31,5.8,7.4,13,4,16260000,3,CA,security,1,0,1,1,0,1.5,1,1842,0,2668,Service,High
California,37.368855,-121.968115,Santa Clara,Power Assure,operating,2007-01-01,2009-07-29,2011-11-22,2.58,4.89,3.35,5.77,21,6,34750000,4,CA,network_hosting,1,0,1,1,0,2.6,1,1843,940,1786,Software,High
Michigan,42.561253,-83.1795351,Allen park,EcoMotors,operating,2011-01-01,2008-01-11,2012-07-10,-2.98,1.52,0.93,2.0,16,3,58750000,3,MI,cleantech,1,0,0,1,1,2.0,1,1844,-1086,556,Business,High
Colorado,39.059811,-105.311104,Boulder,Useful Systems,operating,2011-08-11,2013-11-01,2013-11-01,2.23,2.23,0.14,0.14,3,1,250000,1,CO,software,0,1,0,0,0,2.0,1,1845,813,813,Software,Low
Colorado,39.741862,-105.162118,Golden,Ampulse,operating,2007-01-01,2009-11-01,2012-10-11,2.84,5.78,5.0,5.0,12,4,15980000,1,CO,legal,1,0,1,1,0,2.0,1,1847,1035,2110,Service,High
California,37.489488,-122.232178,Redwood City,ROBLOX,closed,2005-03-14,2009-08-14,2011-06-14,4.42,6.25,-4.32,7.64,11,2,6200000,3,CA,games_video,0,0,1,1,0,2.0,1,1848,1614,2283,Software,Medium
California,36.116203,-119.681564,San Francisco,Asana,operating,2009-01-01,2008-09-01,2012-07-23,-0.33,3.56,3.58,4.75,20,4,38200000,2,CA,software,0,1,1,1,0,5.0,1,1849,-122,1299,Software,High
California,37.437328,-122.159928,Mountain View,DNAnexus,operating,2009-01-01,2009-08-03,2011-10-12,0.59,2.78,2.75,4.62,7,2,16550000,3,CA,biotech,0,0,1,1,0,5.5,1,1850,214,1014,software,High
New York,40.722655,-73.99873,New York,Innovid,operating,2007-07-01,2008-01-01,2013-03-06,0.5,5.68,4.51,5.68,11,4,27600000,2,NY,advertising,1,0,1,1,1,2.5,1,1851,184,2075,Service,High
California,36.116203,-119.681564,Palo Alto,Bill.com,operating,2006-08-01,2007-01-01,2013-11-12,0.42,7.29,6.42,7.29,26,5,72600000,2,CA,finance,0,0,1,1,1,5.0,1,1852,153,2660,Service,High
California,37.4858654,-122.2262606,San Mateo,Vuze,operating,2005-05-01,2006-07-01,2007-12-01,1.17,2.59,1.67,5.63,20,3,34000000,4,CA,games_video,0,0,1,1,1,3.33,1,1853,426,944,Software,High
New York,42.165726,-74.948051,New York,Next Big Sound,operating,2008-06-20,2009-08-06,2012-01-03,1.13,3.54,3.75,4.95,6,3,7500000,2,NY,analytics,0,1,1,0,0,3.67,1,1854,412,1292,Software,Medium
California,40.0172612,-105.2830956,Boulder,SendGrid,operating,2009-07-20,2009-08-06,2012-01-17,0.05,2.5,1.64,3.95,22,4,27362000,3,CA,enterprise,0,1,1,1,0,5.25,1,1855,17,911,Software,High
California,36.116203,-119.681564,Palo Alto,Graphicly,operating,2009-12-01,2009-08-06,2013-09-04,-0.32,3.76,0.09,3.76,11,6,9704549,3,CA,advertising,1,1,1,0,0,4.25,1,1856,-117,1373,Service,Medium
Colorado,39.059811,-105.311104,Boulder,Rezora,operating,2008-05-27,2009-08-06,2009-08-06,1.19,1.19,1.15,1.19,5,1,18000,2,CO,advertising,0,1,0,0,0,1.0,1,1857,436,436,Service,Low
California,37.386376,-121.991471,Sunnyvale,Phonezoo,operating,2006-11-01,2006-06-01,2007-02-01,-0.42,0.25,-0.08,6.12,3,2,2060000,4,CA,web,0,0,1,0,0,1.0,1,1858,-153,92,Software,Medium
California,37.4817401,-122.1711084,Menlo Park,ForSight Labs,operating,2010-01-01,2009-08-10,2013-06-17,-0.39,3.46,3.5,3.5,6,4,29300000,1,CA,biotech,1,0,0,1,0,1.0,1,1860,-144,1263,software,High
California,37.42262,-122.205026,Menlo Park,Panaya,operating,2006-01-01,2006-04-18,2013-01-08,0.29,7.02,4.43,7.01,15,5,39000000,2,CA,software,1,0,1,1,1,1.8,1,1861,107,2564,Software,High
Massachusetts,42.519229,-71.247741,Bedford,Rapid Micro Biosystems,operating,2006-01-01,2009-08-06,2013-06-26,3.6,7.49,4.73,4.73,1,4,60400000,1,MA,biotech,1,0,1,1,0,3.33,1,1862,1313,2733,software,High
California,36.983994,-121.949109,Mountain View,Pelican Imaging,operating,2008-01-01,2009-08-11,2013-08-26,1.61,5.65,2.82,5.33,15,5,37000000,3,CA,software,1,0,1,1,1,2.6,1,1863,588,2064,Software,High
New York,40.746883,-73.983969,New York,Tripology,operating,2006-01-01,2007-01-01,2007-01-01,1.0,1.0,4.16,6.91,6,1,1250000,4,NY,web,0,0,1,0,0,1.0,0,1864,365,365,Software,Low
California,33.918151,-118.41747,Torrance,ScanDigital,operating,2007-04-02,2007-03-01,2007-03-01,-0.09,-0.09,3.33,3.33,8,1,350000,1,CA,games_video,0,1,0,0,0,2.0,0,1865,-32,-32,Software,Low
New York,42.165726,-74.948051,New York,Parsely,operating,2009-01-01,2009-05-01,2013-08-26,0.33,4.65,2.0,4.65,6,3,6052753,3,NY,analytics,0,1,1,0,0,4.67,1,1866,120,1698,Software,Medium
Virginia,38.897939,-77.07231,Arlington,Opower,operating,2007-01-01,2007-08-01,2010-11-29,0.58,3.91,5.13,6.67,27,3,65700000,3,VA,cleantech,1,0,1,1,0,2.0,1,1867,212,1428,Business,High
Pennsylvania,40.0932356,-75.4117264,Wayne,GreenLink Networks,closed,2006-01-01,2009-08-13,2009-08-13,3.62,3.62,5.0,5.0,4,1,3500000,1,PA,consulting,1,0,0,0,0,1.0,0,1868,1320,1320,Business,Medium
New York,43.0443031,-76.1498377,Syracuse,Grafighters,operating,2011-01-01,2011-06-09,2013-03-21,0.44,2.22,0.44,0.44,2,3,100000,1,NY,games_video,1,1,0,0,0,1.0,1,1869,159,810,Software,Low
Florida,28.5443,-81.379649,Orlando,"IZEA, Inc.",operating,2006-06-29,2006-10-01,2007-06-02,0.26,0.93,3.92,6.21,16,2,10000000,3,FL,advertising,0,0,1,1,0,3.5,1,1870,94,338,Service,Medium
Connecticut,41.597782,-72.755371,New Canaan,Intelligent Clearing Network,operating,2008-01-01,2011-03-10,2013-10-01,3.19,5.75,3.19,3.19,0,3,2601416,1,CT,enterprise,1,0,0,0,0,2.0,1,1871,1164,2100,Software,Medium
Kansas,38.974099,-94.710676,Lenexa,ShoutNow,closed,2008-12-12,2009-08-15,2009-08-15,0.67,0.67,-0.03,-0.03,4,1,20000,1,KS,web,0,1,0,0,0,1.0,0,1872,246,246,Software,Low
Texas,31.054487,-97.563461,Austin,Socialware,operating,2009-01-01,2008-01-01,2012-01-05,-1.0,3.01,2.62,4.09,7,5,12000000,2,TX,enterprise,1,1,0,0,1,3.0,1,1874,-366,1099,Software,High
Massachusetts,42.520974,-70.894885,Salem,Fashion Playtes,operating,2008-05-01,2009-08-14,2013-10-16,1.29,5.46,2.45,4.92,12,4,12186193,2,MA,ecommerce,0,0,1,1,0,3.0,1,1875,470,1994,Software,High
California,37.408256,-122.154176,Palo Alto,PodTech,operating,2005-05-01,2006-03-01,2007-06-01,0.83,2.08,1.08,6.99,2,2,7500000,4,CA,games_video,0,0,1,0,0,2.0,1,1877,304,761,Software,Medium
California,37.780331,-122.389348,San Francisco,ClearFit,operating,2007-10-01,2012-01-01,2013-03-21,4.25,5.47,5.47,5.59,19,2,8665000,2,CA,web,0,0,1,0,0,2.5,1,1878,1553,1998,Software,Medium
California,37.5086744,-122.2029832,Palo Alto,Yummly,operating,2009-01-01,2010-11-16,2012-03-21,1.87,3.22,1.3,3.22,8,3,8350000,3,CA,hospitality,0,0,1,0,0,4.0,1,1879,684,1175,Service,Medium
New York,40.726579,-73.995334,New York,Jingle Punks Music,closed,2008-10-01,2010-05-24,2010-05-24,1.64,1.64,1.64,1.65,24,1,900000,2,NY,music,0,0,1,0,0,2.0,0,1880,600,600,Service,Low
Illinois,41.884659,-87.621589,Chicago,AGLOGIC,operating,2007-02-22,2008-10-10,2010-09-01,1.63,3.53,1.57,3.55,5,2,2500000,2,IL,consulting,0,1,1,0,0,1.0,0,1881,596,1287,Business,Medium
California,37.554631,-121.976682,Fremont,Vdopia,operating,2008-03-01,2008-09-15,2012-12-13,0.54,4.79,2.1,2.84,8,3,7891862,2,CA,advertising,0,1,1,1,0,1.33,1,1882,198,1748,Service,Medium
California,37.7867392,-122.4013875,San Francisco,Fanbase,operating,2009-08-01,2009-08-24,2009-08-24,0.06,0.06,-1.58,0.06,4,1,5000000,2,CA,web,0,0,1,0,0,1.0,1,1883,23,23,Software,Medium
California,37.4232468,-122.0752531,Mountain View,Complete Genomics,operating,2007-01-01,2006-03-28,2010-08-19,-0.76,3.63,6.5,6.5,21,3,90000000,1,CA,biotech,0,0,1,0,0,5.0,1,1884,-279,1326,software,High
Oregon,45.484413,-122.675838,Portland,Janrain,operating,2005-09-01,2009-12-07,2013-01-14,4.27,7.38,3.11,7.61,17,3,51750000,3,OR,web,0,0,1,1,1,4.0,1,1885,1558,2692,Software,High
California,36.116203,-119.681564,Los Angeles,WOWIO,operating,2006-01-01,2009-10-01,2010-12-31,3.75,5.0,4.25,4.42,5,4,7700000,2,CA,web,0,1,1,1,0,1.0,0,1886,1369,1825,Software,Medium
California,37.517428,-122.0113602,Newark,CalStar Products,operating,2006-01-01,2008-11-03,2010-02-26,2.84,4.16,4.02,7.25,13,2,23040000,2,CA,cleantech,1,0,1,0,0,3.5,1,1887,1037,1517,Business,High
California,42.3687469,-122.860589,San Diego,UpWind Solutions,operating,2007-09-01,2008-03-25,2010-03-10,0.56,2.52,2.51,2.51,3,3,33800000,1,CA,cleantech,0,0,0,1,1,1.33,1,1888,206,921,Business,High
New York,42.165726,-74.948051,New York,StuffBuff,operating,2009-07-30,2009-01-01,2009-01-01,-0.58,-0.58,0.14,1.3,6,1,250000,3,NY,ecommerce,0,1,0,0,0,1.0,0,1889,-210,-210,Software,Low
Minnesota,45.694454,-93.900192,Minneapolis,Bloom Health,operating,2009-12-22,2010-01-07,2010-10-22,0.04,0.83,3.03,3.03,5,2,12500000,1,MN,health,0,0,1,1,0,2.0,0,1891,16,304,Service,High
Massachusetts,42.230171,-71.530106,Natick,TwinStrata,operating,2007-01-01,2011-02-14,2011-10-13,4.12,4.78,4.78,6.01,11,3,14450000,2,MA,enterprise,1,0,0,1,0,1.0,1,1892,1505,1746,Software,High
Massachusetts,42.230171,-71.530106,Chelmsford,FRX Polymers,operating,2007-01-01,2009-07-27,2012-03-30,2.57,5.25,4.43,4.43,1,4,50475450,1,MA,cleantech,0,0,1,1,0,2.67,0,1893,938,1915,Business,High
California,36.116203,-119.681564,Venice,MOTA Motors,operating,2008-02-01,2008-03-01,2011-07-01,0.08,3.41,1.63,1.92,5,3,9500000,2,CA,ecommerce,1,0,1,1,0,1.0,1,1895,29,1246,Software,Medium
New York,40.769431,-73.982535,New York,Yext,operating,2006-09-16,2006-11-01,2012-06-12,0.13,5.74,3.96,7.22,20,6,65750000,3,NY,software,0,1,1,1,1,2.83,1,1896,46,2096,Software,High
Massachusetts,42.366844,-71.080137,Bedford,BiOM,operating,2007-01-01,2009-10-21,2012-09-13,2.81,5.7,4.05,6.01,12,4,55100000,2,MA,biotech,0,0,0,1,1,1.5,1,1897,1024,2082,software,High
New York,40.7408164,-73.9918574,New York,LearnVest,operating,2007-05-01,2009-08-31,2013-07-26,2.34,6.24,5.68,6.24,13,4,41030000,2,NY,finance,0,1,1,1,1,4.25,1,1898,853,2278,Service,High
California,37.550313,-122.063151,Fremont,Soraa,operating,2008-01-01,2008-02-01,2011-11-29,0.08,3.91,5.01,5.82,26,2,93600000,2,CA,cleantech,1,0,0,1,0,1.0,1,1899,31,1428,Business,High
Texas,31.054487,-97.563461,Richardson,FireHost,operating,2009-01-01,2010-03-11,2013-06-12,1.19,4.45,3.07,4.33,3,5,35058340,2,TX,enterprise,1,0,1,1,1,1.0,0,1900,434,1623,Software,High
Washington,47.400902,-121.490494,Seattle,Zumobi,operating,2007-03-01,2007-05-07,2007-05-07,0.18,0.18,4.79,4.8,16,1,12000000,2,WA,mobile,0,0,1,0,0,2.0,1,1901,67,67,software,High
Illinois,40.349457,-88.986137,Chicago,Appolicious,operating,2009-05-01,2009-12-01,2011-02-01,0.59,1.76,0.0,4.35,4,2,2569000,3,IL,mobile,1,0,1,0,0,1.0,1,1903,214,641,software,Medium
California,37.765023,-122.402279,San Francisco,Change.org,operating,2007-02-01,2013-05-21,2013-05-21,6.3,6.3,5.18,6.44,19,1,15000000,3,CA,web,0,0,1,0,0,2.0,1,1904,2301,2301,Software,High
California,36.116203,-119.681564,Los Altos,Rackup,operating,2008-01-01,2008-01-01,2009-09-01,0.0,1.67,1.47,1.7,2,2,3500000,2,CA,ecommerce,0,1,0,0,0,1.0,0,1905,0,609,Software,Medium
California,36.116203,-119.681564,Redwood City,Retailigence,operating,2009-01-01,2010-11-12,2013-03-05,1.86,4.18,1.86,3.0,10,4,13000000,2,CA,advertising,1,0,1,1,0,4.75,1,1906,680,1524,Service,High
California,36.116203,-119.681564,Redwood City,Breakthrough Behavioral,operating,2009-01-01,2012-08-13,2013-07-11,3.62,4.53,3.0,4.53,11,2,5900000,3,CA,health,0,1,1,0,0,5.5,1,1907,1320,1652,Service,Medium
California,36.116203,-119.681564,San Francisco,Okta,operating,2008-12-01,2009-09-02,2013-09-13,0.75,4.79,4.09,4.7,16,5,79250000,2,CA,enterprise,0,1,1,1,1,6.0,1,1908,275,1747,Software,High
Massachusetts,42.230171,-71.530106,Boston,Rethink Robotics,operating,2008-01-01,2009-08-21,2013-11-01,1.64,5.84,2.92,4.0,10,4,73500002,3,MA,manufacturing,0,0,1,1,1,4.25,1,1910,598,2131,Manufacturing,High
Pennsylvania,40.590752,-77.209755,Pittsburgh,Crono,operating,2008-01-01,2008-07-01,2008-07-01,0.5,0.5,1.0,1.0,4,1,25000,1,PA,web,0,1,0,0,0,1.0,0,1911,182,182,Software,Low
Utah,40.150032,-111.862434,Provo,CoolHotNot Corporation,operating,2008-12-11,2010-05-15,2011-05-05,1.42,2.4,0.55,2.91,10,2,125000,2,UT,hardware,0,1,0,0,0,1.0,0,1912,520,875,Hardware,Low
New York,42.165726,-74.948051,New York,SeatGeek,operating,2009-07-01,2009-05-22,2012-08-29,-0.11,3.16,1.28,3.45,11,6,3770000,3,NY,search,1,1,1,0,0,3.83,1,1913,-40,1155,Software,Medium
California,37.5596277,-122.2709868,Foster City,Zuora,operating,2007-01-01,2008-03-13,2013-09-05,1.2,6.68,6.39,6.68,29,5,127500000,3,CA,software,0,0,1,1,1,6.0,1,1914,437,2439,Software,High
California,36.116203,-119.681564,San Francisco,inDinero,closed,2009-01-01,2010-06-01,2012-12-01,1.41,3.92,2.76,3.25,10,3,1217000,2,CA,software,0,1,0,0,0,4.33,1,1915,516,1430,Software,Low
California,36.116203,-119.681564,Sunnyvale,Miramar Labs,operating,2006-01-01,2008-03-15,2013-12-11,2.2,7.95,6.0,6.0,14,4,62300000,1,CA,medical,0,0,0,1,0,2.0,1,1916,804,2901,Service,High
Maryland,39.205649,-76.77514,Columbia,Lotame,operating,2006-01-01,2008-02-14,2010-12-06,2.12,4.93,1.56,7.24,9,3,34000000,4,MD,advertising,0,0,1,1,1,3.33,1,1917,774,1800,Service,High
California,36.116203,-119.681564,San Francisco,Skimble,operating,2009-01-01,2011-05-01,2011-05-01,2.33,2.33,3.0,3.69,4,1,20000,4,CA,mobile,0,1,0,0,0,1.0,1,1918,850,850,software,Low
New York,40.7441013,-73.9877417,New York,Centrl,closed,2008-12-09,2008-12-09,2008-12-09,0.0,0.0,0.76,0.76,1,1,500000,1,NY,mobile,0,1,0,0,0,1.0,0,1919,0,0,software,Low
Massachusetts,42.3555291,-71.0628222,Boston,Localytics,operating,2008-01-01,2009-09-10,2012-09-10,1.69,4.7,4.92,5.35,14,4,8750000,3,MA,analytics,1,1,0,1,0,2.5,1,1921,618,1714,Software,Medium
Illinois,40.349457,-88.986137,Chicago,HaveMyShift,operating,2009-09-10,2009-09-10,2009-09-10,0.0,0.0,1.58,3.84,3,1,12000,3,IL,web,0,1,0,0,0,1.0,1,1922,0,0,Software,Low
California,33.5563145,-117.77252,Laguna Beach,Kijubi,operating,2009-01-01,2010-01-01,2010-01-01,1.0,1.0,0.69,3.08,10,1,265000,2,CA,travel,0,1,0,0,0,5.0,0,1923,365,365,Service,Low
New York,40.7476928,-73.9903727,New York,Schoology,operating,2009-05-01,2009-05-22,2012-04-16,0.06,2.96,-1.33,4.0,5,4,8250000,3,NY,education,1,1,1,1,0,1.5,1,1924,21,1081,Service,Medium
Texas,30.268612,-97.74048,Austin,SpareFoot,operating,2008-08-10,2009-09-01,2011-03-07,1.06,2.57,2.44,4.89,9,2,4350000,3,TX,web,0,0,1,1,0,4.0,1,1925,387,939,Software,Medium
California,34.4302101,-119.8633182,Santa Barbara,Sientra,operating,2007-01-01,2007-04-18,2012-03-28,0.29,5.24,-1.0,-1.0,9,2,150000000,1,CA,medical,0,0,0,1,1,3.0,1,1926,107,1913,Service,High
California,36.116203,-119.681564,San Francisco,Wikia,operating,2006-01-01,2004-01-01,2012-11-30,-2.0,6.92,3.5,7.08,25,4,24800000,4,CA,web,0,1,1,1,1,4.0,1,1927,-731,2525,Software,High
California,36.116203,-119.681564,Los Angeles,CitySourced,closed,2009-07-01,2009-05-01,2011-12-01,-0.17,2.42,0.21,2.0,6,2,1395000,2,CA,mobile,0,1,1,0,0,1.0,0,1928,-61,883,software,Low
California,36.116203,-119.681564,Redwood City,Voyage Medical,operating,2006-01-01,2006-11-16,2012-08-14,0.87,6.62,6.0,6.0,11,4,46415000,1,CA,medical,0,0,1,1,1,2.0,1,1929,319,2417,Service,High
Florida,27.766279,-81.686783,Miami,CareCloud,operating,2009-01-05,2010-01-19,2013-08-15,1.04,4.61,4.57,4.89,14,5,56400000,3,FL,software,0,0,1,1,0,2.0,1,1930,379,1683,Software,High
Minnesota,45.694454,-93.900192,Golden Valley,Segetis,operating,2006-01-01,2007-05-01,2009-12-28,1.33,3.99,3.0,3.0,2,3,32236273,1,MN,cleantech,0,0,1,1,0,1.0,1,1931,485,1457,Business,High
California,36.116203,-119.681564,Palo Alto,Vibrynt,operating,2006-01-01,2007-08-21,2012-05-22,1.64,6.39,6.25,6.25,8,2,18750000,1,CA,biotech,0,0,1,0,0,3.0,1,1932,597,2333,software,High
California,36.116203,-119.681564,San Francisco,Recurly,operating,2009-07-01,2010-07-30,2012-01-25,1.08,2.57,0.92,3.18,8,3,11306000,2,CA,enterprise,1,0,1,0,0,5.0,1,1933,394,938,Software,Medium
Ohio,40.388783,-82.764915,Cincinnati,Akebia Therapeutics,operating,2007-01-01,2009-09-15,2013-06-04,2.71,6.43,6.67,6.67,15,4,83100000,1,OH,biotech,0,0,1,1,1,7.0,1,1934,988,2346,software,High
New York,42.165726,-74.948051,New York,Roomorama,operating,2008-06-01,2012-04-02,2012-04-02,3.84,3.84,2.59,3.84,8,1,2100000,3,NY,travel,0,0,0,0,0,3.0,1,1935,1401,1401,Service,Medium
Colorado,40.019299,-105.274628,Boulder,Gnip,operating,2008-03-01,2008-03-01,2011-09-09,0.0,3.53,5.25,5.44,17,4,6640000,3,CO,enterprise,1,1,1,1,0,2.67,1,1936,0,1287,Software,Medium
California,37.3973787,-122.0879281,San Jose,Wrike,operating,2006-01-01,2012-06-13,2013-10-01,6.45,7.75,0.0,7.79,1,2,11000000,2,CA,enterprise,0,0,1,0,0,1.0,1,1937,2355,2830,Software,Medium
California,36.116203,-119.681564,Beverly Hills,Adly,operating,2009-01-01,2009-10-20,2013-05-23,0.8,4.39,1.22,3.78,12,3,7500000,3,CA,social,1,1,0,1,0,2.0,1,1938,292,1603,Software,Medium
Massachusetts,42.230171,-71.530106,Kolkata,Upward Mobility,operating,2009-03-01,2009-04-15,2009-04-15,0.12,0.12,1.33,1.33,4,1,25000,1,MA,mobile,0,0,0,0,0,1.0,0,1939,45,45,software,Low
Massachusetts,42.230171,-71.530106,Woburn,Perfecto Mobile,operating,2006-01-01,2007-03-02,2012-10-16,1.16,6.79,4.47,6.79,4,3,28600000,3,MA,mobile,0,0,1,1,1,2.67,1,1940,425,2480,software,High
California,36.116203,-119.681564,Oakland,Sungevity,operating,2008-01-01,2007-12-12,2013-07-03,-0.05,5.51,3.07,4.0,11,6,175500000,3,CA,cleantech,1,0,0,0,1,2.5,1,1941,-20,2010,Business,High
Colorado,39.7511117,-105.0019203,Denver,PaySimple,operating,2006-01-01,2011-09-28,2011-09-28,5.74,5.74,6.71,6.71,14,1,16000000,1,CO,software,0,0,0,1,0,1.0,0,1942,2096,2096,Software,High
California,36.116203,-119.681564,Sunnyvale,IngBoo,operating,2008-01-01,2009-10-01,2009-10-01,1.75,1.75,2.65,2.65,2,1,1000000,1,CA,web,0,1,0,0,0,4.0,1,1943,639,639,Software,Low
New York,37.750608,-122.423581,New York,Octopart,operating,2007-03-05,2007-03-02,2008-05-12,-0.01,1.19,4.2,4.22,4,2,300000,2,NY,search,0,1,0,0,0,4.5,1,1944,-3,434,Software,Low
California,36.116203,-119.681564,Solana Beach,Roambi,operating,2008-01-01,2009-09-23,2011-09-15,1.73,3.71,4.42,5.8,10,3,44000000,2,CA,analytics,1,0,1,0,0,1.0,1,1945,631,1353,Software,High
California,36.116203,-119.681564,San Francisco,Altius Education,operating,2009-01-01,2009-09-23,2010-11-17,0.73,1.88,4.09,4.09,17,2,26600000,1,CA,education,0,0,1,1,0,2.5,1,1946,265,685,Service,High
California,36.116203,-119.681564,San Mateo,MerchantAtlas,operating,2010-01-01,2011-04-18,2011-04-18,1.29,1.29,-1.0,3.29,3,1,1000000,2,CA,analytics,0,1,0,0,0,4.0,1,1947,472,472,Software,Low
Washington,47.400902,-121.490494,Seattle,Marketfish,operating,2008-07-18,2009-06-30,2011-06-08,0.95,2.89,1.62,1.62,10,3,7575000,1,WA,advertising,1,0,1,0,0,3.0,1,1948,347,1055,Service,Medium
Washington,47.400902,-121.490494,Seattle,HasOffers,operating,2009-04-01,2013-05-21,2013-05-21,4.14,4.14,3.76,3.76,15,1,9400000,1,WA,mobile,0,0,1,0,0,2.0,1,1949,1511,1511,software,Medium
California,36.116203,-119.681564,Bristol,Brightpearl,operating,2007-01-01,2010-06-24,2013-05-21,3.48,6.39,3.76,6.01,12,3,14500000,2,CA,web,0,0,1,1,0,2.0,1,1950,1270,2332,Software,High
Colorado,39.059811,-105.311104,Denver,Mocapay,operating,2006-01-01,2007-07-12,2009-09-16,1.53,3.71,5.0,6.0,12,2,6250000,2,CO,software,1,0,1,0,0,1.5,0,1951,557,1354,Software,Medium
California,36.116203,-119.681564,South San Francisco,iPierian,operating,2007-01-01,2009-07-08,2013-09-04,2.52,6.68,4.67,4.67,15,4,73200000,1,CA,biotech,1,0,1,1,0,4.67,1,1952,919,2438,software,High
California,36.116203,-119.681564,San Jose,Compass Labs,operating,2009-01-01,2009-09-27,2012-02-16,0.74,3.13,2.75,3.13,12,3,12000000,2,CA,advertising,1,0,0,0,0,2.33,1,1953,269,1141,Service,High
Massachusetts,42.3492199,-71.0484979,Boston,Apperian,operating,2009-01-01,2009-07-31,2013-01-23,0.58,4.06,3.2,4.06,17,5,28000000,3,MA,mobile,1,0,1,0,0,3.0,1,1954,211,1483,software,High
California,36.116203,-119.681564,Hayward,Advanced Cell Diagnostics,operating,2007-01-01,2009-09-03,2012-11-01,2.67,5.84,3.42,3.42,11,2,17400000,1,CA,biotech,0,0,1,1,0,1.5,1,1955,976,2131,software,High
Washington,47.400902,-121.490494,Seattle,PitchBook Data,operating,2007-01-01,2009-09-25,2009-09-25,2.73,2.73,1.0,1.0,1,1,3800000,1,WA,analytics,0,0,1,0,0,1.0,0,1957,998,998,Software,Medium
Massachusetts,42.230171,-71.530106,Charlestown,Springpad,operating,2008-01-09,2008-06-01,2013-02-06,0.39,5.08,0.98,3.33,5,3,7320977,3,MA,enterprise,1,1,1,0,0,1.0,0,1958,144,1855,Software,Medium
Pennsylvania,40.517948,-79.842487,Pittsburgh,ShowClix,operating,2007-03-01,2007-10-01,2013-09-16,0.59,6.55,2.49,3.76,7,6,4048000,2,PA,web,0,1,1,1,0,3.0,1,1959,214,2391,Software,Medium
California,36.116203,-119.681564,Pleasanton,Milyoni,operating,2009-03-01,2011-05-25,2012-02-23,2.23,2.98,2.75,2.84,10,2,14000000,3,CA,games_video,0,0,1,1,0,2.0,1,1960,815,1089,Software,High
California,37.592584,-122.369676,Burlingame,ScanCafe,operating,2006-05-01,2008-08-13,2008-08-13,2.29,2.29,1.67,5.24,5,1,4000000,3,CA,web,0,0,0,1,0,1.0,1,1961,835,835,Software,Medium
California,36.116203,-119.681564,San Juan Capistrano,GenieDB,closed,2008-11-01,2008-01-01,2008-01-01,-0.84,-0.84,4.21,4.76,9,1,2700000,2,CA,software,0,0,0,0,0,1.0,0,1962,-305,-305,Software,Medium
New York,40.748811,-73.993887,New York,"LendKey Technologies, Inc.",operating,2007-04-01,2007-10-01,2012-04-09,0.5,5.03,3.92,6.36,8,5,11227288,3,NY,enterprise,0,1,1,0,0,3.5,1,1963,183,1835,Software,Medium
California,36.116203,-119.681564,Menlo Park,3-V Biosciences,operating,2007-03-01,2009-07-10,2013-06-21,2.36,6.31,4.84,4.84,15,4,78089000,1,CA,biotech,1,0,0,1,1,2.25,1,1965,862,2304,software,High
California,37.09024,-95.712891,San Diego,KidZui,operating,2006-01-01,2006-09-01,2011-12-14,0.67,5.95,2.72,5.95,10,6,18400000,3,CA,web,1,0,0,0,1,2.8,1,1966,243,2173,Software,High
Texas,31.054487,-97.563461,Austin,Dachis Group,operating,2008-01-01,2011-01-04,2013-03-20,3.01,5.22,5.24,5.61,19,2,37500000,3,TX,enterprise,0,0,0,1,1,1.0,1,1967,1099,1905,Software,High
Massachusetts,42.230171,-71.530106,Cambridge,Constellation Pharmaceuticals,operating,2008-01-01,2009-08-13,2012-01-17,1.62,4.05,3.43,4.25,15,4,132000000,2,MA,biotech,1,0,0,1,0,3.75,1,1968,590,1477,software,High
Massachusetts,42.230171,-71.530106,Lexington,EnglishCentral,operating,2008-01-01,2009-10-02,2013-01-01,1.75,5.01,2.86,4.0,15,4,6477000,2,MA,education,1,1,1,0,0,1.67,1,1969,640,1827,Service,Medium
Texas,31.054487,-97.563461,Austin,PetMD,closed,2008-12-01,2009-06-01,2009-06-01,0.5,0.5,2.12,2.12,4,1,20000,1,TX,web,0,1,0,0,0,1.0,0,1970,182,182,Software,Low
California,36.116203,-119.681564,San Francisco,Getable,closed,2010-01-01,2011-08-04,2013-02-27,1.59,3.16,3.13,3.16,7,2,3200000,2,CA,web,0,1,0,0,0,7.5,1,1971,580,1153,Software,Medium
Washington,47.400902,-121.490494,Seattle,BigDoor,operating,2009-06-01,2009-10-01,2012-04-03,0.33,2.84,2.7,2.84,4,6,12815000,2,WA,advertising,1,1,0,1,1,1.33,1,1974,122,1037,Service,High
Virginia,37.769337,-78.169968,McLean,Centrifuge Systems,closed,2007-09-15,2008-01-31,2011-04-18,0.38,3.59,2.64,4.3,11,2,6500000,2,VA,analytics,0,0,1,0,0,1.0,1,1975,138,1311,Software,Medium
California,36.116203,-119.681564,San Francisco,AwayFind,closed,2008-01-01,2010-04-01,2011-10-12,2.25,3.78,3.0,4.89,6,3,800000,3,CA,messaging,0,1,0,0,0,3.67,1,1976,821,1380,Software,Low
California,36.116203,-119.681564,San Francisco,zozi,operating,2007-01-01,2008-08-01,2013-04-04,1.58,6.26,5.25,6.6,9,4,21300000,3,CA,ecommerce,0,1,1,1,0,9.5,1,1977,578,2285,Software,High
Massachusetts,42.230171,-71.530106,Boston,Acetylon Pharmaceuticals,operating,2008-01-01,2009-08-01,2013-07-29,1.58,5.58,1.67,5.58,13,6,151250000,2,MA,biotech,1,0,1,1,0,1.0,0,1978,578,2036,software,High
Washington,47.5433189,-122.055932,Issaquah,Scout Analytics,operating,2008-09-01,2006-12-01,2013-01-28,-1.75,4.41,4.87,4.87,7,3,2991652,1,WA,software,1,0,0,0,1,1.0,1,1979,-640,1610,Software,Medium
California,36.116203,-119.681564,Palo Alto,Reachable,operating,2007-01-01,2007-01-01,2013-02-20,0.0,6.14,3.78,5.42,14,5,17550668,2,CA,software,0,1,1,1,0,2.5,1,1980,0,2242,Software,High
California,37.378884,-122.010692,Mountain View,AnchorFree,operating,2005-11-28,2006-01-01,2012-05-21,0.09,6.48,6.35,7.48,16,3,62800000,3,CA,security,0,0,1,1,1,3.67,1,1981,34,2366,Service,High
California,37.7896811,-122.3943914,San Francisco,Dropcam,operating,2009-01-01,2009-03-01,2013-07-31,0.16,4.58,3.84,4.78,7,4,47800000,3,CA,software,0,1,1,1,1,4.75,1,1982,59,1672,Software,High
New York,42.165726,-74.948051,New York,20x200,closed,2007-09-01,2009-10-01,2010-08-01,2.08,2.92,4.25,5.09,13,2,2800000,2,NY,ecommerce,0,0,1,0,0,8.5,1,1983,761,1065,Software,Medium
Massachusetts,42.230171,-71.530106,Boston,Currensee,operating,2008-08-01,2009-10-01,2012-01-23,1.17,3.48,1.42,3.41,12,4,18800000,4,MA,finance,0,0,1,1,1,2.0,1,1984,426,1270,Service,High
Pennsylvania,40.590752,-77.209755,Pittsburgh,Vivo,operating,2009-11-09,2009-07-01,2009-07-01,-0.36,-0.36,0.15,0.15,3,1,25000,1,PA,advertising,0,1,0,0,0,1.0,0,1985,-131,-131,Service,Low
New York,41.278528,-72.5254318,Madison,Networked Insights,operating,2006-01-01,2007-11-07,2013-10-18,1.85,7.8,1.87,5.75,4,4,38400000,2,NY,analytics,0,0,1,1,1,1.25,1,1986,675,2847,Software,High
Georgia,33.040619,-83.643074,Suwanee,Quality Technology Services,operating,2005-09-05,2010-05-26,2010-05-26,4.72,4.72,6.33,6.33,15,1,25000000,1,GA,network_hosting,1,0,0,0,0,1.0,0,1987,1724,1724,Software,High
California,37.4467574,-122.1584716,San Mateo,Agari Data,operating,2009-01-01,2011-11-02,2013-02-25,2.84,4.15,4.0,4.79,27,2,7500000,2,CA,security,1,0,1,0,0,4.5,1,1988,1035,1516,Service,Medium
California,36.116203,-119.681564,San Francisco,Ticketfly,operating,2008-02-01,2009-04-01,2012-07-25,1.16,4.48,2.39,5.29,11,4,37000000,3,CA,enterprise,1,0,1,1,1,2.25,1,1991,425,1636,Software,High
California,36.116203,-119.681564,San Francisco,PagerDuty,operating,2009-02-01,2010-09-29,2013-01-31,1.66,4.0,2.92,4.0,5,2,12600000,2,CA,mobile,0,0,1,0,0,3.5,1,1992,605,1460,software,High
California,37.79471,-122.40195,San Francisco,Netbooks,operating,2006-01-01,2007-09-05,2012-05-01,1.68,6.33,0.0,7.29,5,3,16156028,2,CA,web,0,1,1,1,0,2.0,1,1994,612,2312,Software,High
New York,42.165726,-74.948051,New York,Altruik,operating,2009-01-01,2009-11-01,2012-04-12,0.83,3.28,2.33,2.33,9,3,8300000,1,NY,search,0,0,1,1,0,7.0,1,1995,304,1197,Software,Medium
California,37.791185,-122.391791,San Francisco,Moovweb,operating,2007-01-01,2009-01-01,2013-03-28,2.0,6.24,6.17,6.24,14,2,16700000,2,CA,mobile,0,1,1,0,0,2.5,1,1996,731,2278,software,High
Washington,47.400902,-121.490494,Kirkland,Acumatica,operating,2007-01-01,2009-11-03,2013-11-18,2.84,6.88,6.17,6.33,17,3,10000000,2,WA,enterprise,1,0,0,0,1,1.33,1,1998,1037,2513,Software,Medium
Colorado,39.059811,-105.311104,Boulder,LinkSmart,operating,2009-10-14,2009-11-06,2013-05-03,0.06,3.55,1.69,3.3,9,3,9700000,2,CO,advertising,0,0,1,1,0,2.0,1,1999,23,1297,Service,Medium
California,36.116203,-119.681564,San Diego,PaxVax,operating,2007-01-01,2009-11-09,2013-12-04,2.86,6.93,1.0,5.22,10,4,61606472,2,CA,biotech,1,0,0,1,0,2.0,1,2000,1043,2529,software,High
Georgia,33.040619,-83.643074,Atlanta,Cloud Sherpas,operating,2007-01-01,2010-05-02,2012-12-20,3.33,5.97,5.0,5.97,22,4,43300000,2,GA,enterprise,1,0,1,1,0,2.33,1,2001,1217,2180,Software,High
Washington,47.400902,-121.490494,Seattle,Integrated Diagnostics,operating,2009-01-01,2009-10-14,2012-02-22,0.78,3.14,1.0,1.0,14,2,40000000,1,WA,biotech,0,0,1,0,0,2.0,1,2002,286,1147,software,High
California,36.116203,-119.681564,San Francisco,Rdio,operating,2008-08-01,2009-10-14,2011-02-03,1.2,2.51,5.34,5.36,17,2,17500000,3,CA,music,1,1,0,0,0,3.0,1,2003,439,916,Service,High
Massachusetts,42.230171,-71.530106,Somerville,The Grommet,closed,2008-01-01,2010-04-15,2012-09-17,2.29,4.72,2.29,3.01,8,5,5708020,3,MA,news,1,0,1,1,0,2.5,1,2004,835,1721,Service,Medium
Massachusetts,42.230171,-71.530106,Waltham,Affectiva,operating,2009-01-01,2009-10-27,2012-08-07,0.82,3.6,2.35,4.13,2,5,21899999,3,MA,analytics,1,0,0,1,1,2.0,1,2005,299,1314,Software,High
California,36.116203,-119.681564,San Francisco,Vertical Brands,operating,2008-01-01,2009-10-01,2013-12-02,1.75,5.92,3.0,3.0,4,3,14999999,1,CA,web,1,1,0,0,0,2.0,0,2006,639,2162,Software,High
California,36.116203,-119.681564,Menlo,Velomedix,operating,2007-01-01,2009-11-11,2012-02-08,2.86,5.11,-1.0,-1.0,2,3,19000000,1,CA,biotech,0,0,1,1,1,3.0,0,2007,1045,1864,software,High
Massachusetts,42.230171,-71.530106,Waltham,Augmenix,operating,2008-01-01,2009-10-16,2011-05-26,1.79,3.4,0.0,3.01,2,3,24100000,2,MA,medical,0,0,0,1,1,3.5,1,2008,654,1241,Service,High
Massachusetts,42.230171,-71.530106,Cambridge,Cequent Pharmaceuticals,operating,2006-01-01,2007-06-18,2009-10-01,1.46,3.75,3.03,3.03,4,2,12400000,1,MA,biotech,0,0,1,1,0,4.0,1,2009,533,1369,software,High
California,36.116203,-119.681564,San Francisco,Yidio,operating,2008-06-04,2009-11-12,2009-11-12,1.44,1.44,2.85,5.1,5,1,350000,3,CA,games_video,0,1,0,0,0,5.0,0,2010,526,526,Software,Low
Washington,47.400902,-121.490494,Seattle,Doxo,operating,2008-01-01,2008-09-01,2011-02-15,0.67,3.13,3.62,4.68,8,3,15250000,2,WA,network_hosting,0,1,1,1,0,2.5,1,2011,244,1141,Software,High
Nevada,38.313515,-117.055374,Incline Village,Sensr.net,operating,2009-01-01,2011-01-26,2011-01-26,2.07,2.07,0.16,2.07,3,1,1500000,2,NV,enterprise,1,0,0,0,0,9.0,1,2012,755,755,Software,Low
California,36.116203,-119.681564,San Francisco,RockLive,operating,2010-01-20,2012-08-20,2013-11-04,2.58,3.79,0.0,3.81,2,2,2700000,3,CA,social,0,1,0,0,0,4.0,0,2013,943,1384,Software,Medium
New Jersey,40.298904,-74.521011,Mt. Laurel,TimeSight Systems,operating,2008-01-01,2008-10-21,2012-04-20,0.81,4.3,1.86,1.86,9,5,6049170,1,NJ,security,1,0,1,0,0,1.0,1,2014,294,1571,Service,Medium
Rhode Island,41.680893,-71.51178,Providence,Swipely,operating,2009-10-01,2009-11-16,2013-05-21,0.13,3.64,1.41,3.98,12,4,20500000,3,RI,finance,0,1,1,1,0,6.67,1,2015,46,1328,Service,High
New York,42.165726,-74.948051,New York,Evidon,operating,2009-06-01,2009-01-01,2010-11-22,-0.41,1.48,2.18,4.05,15,2,9500000,2,NY,analytics,1,1,0,0,0,1.0,1,2016,-151,539,Software,Medium
California,36.116203,-119.681564,Palo Alto,Glyde,operating,2006-01-01,2007-01-01,2010-12-01,1.0,4.92,6.0,6.0,12,3,27000000,1,CA,ecommerce,1,0,1,1,0,1.0,1,2017,365,1795,Software,High
California,37.395835,-121.92893,San Jose,Quorum,operating,2008-01-01,2009-11-17,2013-11-12,1.88,5.87,1.85,2.84,19,6,36300000,3,CA,enterprise,1,0,1,1,1,1.67,0,2018,686,2142,Software,High
Minnesota,45.022958,-93.49615,Plymouth,Entellus Medical,operating,2006-04-01,2006-04-01,2011-08-17,0.0,5.38,0.0,0.0,15,5,92000000,1,MN,medical,0,0,1,1,1,3.0,1,2019,0,1964,Service,High
California,36.116203,-119.681564,San Francisco,WorkSimple,operating,2007-01-01,2012-03-12,2012-03-12,5.2,5.2,4.0,4.96,9,1,250000,2,CA,social,0,0,1,0,0,2.0,1,2020,1897,1897,Software,Low
California,36.116203,-119.681564,Torrance,Active Storage,operating,2008-10-01,2009-11-17,2012-08-28,1.13,3.91,1.99,1.99,5,3,16200000,1,CA,enterprise,1,0,1,0,0,3.0,1,2021,412,1427,Software,High
Virginia,37.769337,-78.169968,Reston,AppTap,operating,2008-01-01,2008-04-01,2013-06-19,0.25,5.47,2.19,3.36,5,5,9921168,3,VA,mobile,1,1,1,0,0,1.67,1,2022,91,1996,software,Medium
Idaho,44.240459,-114.478828,Boise,Ready Financial Group,operating,2006-01-01,2009-11-18,2009-11-18,3.88,3.88,3.75,3.75,2,1,7000000,1,ID,finance,0,0,0,1,0,2.0,1,2023,1417,1417,Service,Medium
Virginia,37.769337,-78.169968,Purvcellville,YippeeO Internet Marketing Solutions,operating,2006-06-01,2007-01-01,2007-01-01,0.59,0.59,2.59,2.59,2,1,2000000,1,VA,advertising,0,0,0,0,0,1.0,0,2024,214,214,Service,Low
Washington DC,38.8951,-77.0364,Washington,GOSO,operating,2009-01-01,2009-01-01,2009-01-01,0.0,0.0,0.83,0.83,10,1,750000,1,DC,advertising,0,1,0,0,0,1.0,0,2025,0,0,Service,Low
New York,42.165726,-74.948051,New York,FreshPlanet,operating,2009-01-01,2010-04-01,2010-04-01,1.25,1.25,3.42,3.64,5,1,1500000,2,NY,games_video,0,0,1,0,0,1.0,1,2026,455,455,Software,Low
Connecticut,41.597782,-72.755371,New Haven,SeeClickFix,closed,2008-09-01,2011-01-14,2011-01-14,2.37,2.37,2.59,2.59,4,1,1500000,1,CT,web,0,0,1,0,0,2.0,1,2027,865,865,Software,Low
California,36.116203,-119.681564,Mountain View,MyFit,operating,2008-01-01,2009-11-19,2009-11-19,1.88,1.88,2.0,2.0,5,1,1000000,1,CA,health,0,0,1,0,0,1.0,1,2028,688,688,Service,Low
Colorado,39.059811,-105.311104,Boulder,TeamSnap,operating,2009-05-01,2010-06-09,2013-02-05,1.11,3.77,1.43,4.06,14,3,4360000,3,CO,mobile,1,0,1,0,0,2.33,1,2029,404,1376,software,Medium
California,36.116203,-119.681564,San Diego,Receptos,operating,2007-01-01,2009-11-23,2012-03-13,2.9,5.2,3.84,3.84,6,3,65806610,1,CA,biotech,1,0,1,0,0,5.0,1,2030,1057,1898,software,High
Massachusetts,42.230171,-71.530106,Cambridge,Sun Catalytix,operating,2008-01-01,2009-11-23,2013-07-10,1.9,5.53,3.42,3.42,6,4,18500000,1,MA,cleantech,0,0,0,1,1,1.33,1,2031,692,2017,Business,High
New York,40.73906,-73.990911,New York,Business Insider,operating,2007-05-01,2008-07-16,2013-04-07,1.21,5.94,3.85,6.17,8,5,18600000,3,NY,web,1,1,0,0,1,3.4,1,2032,442,2168,Software,High
Massachusetts,42.396495,-71.12045,Somerville,The Echo Nest,operating,2005-07-14,2008-09-09,2012-07-12,3.16,7.0,6.28,8.36,12,4,25609989,3,MA,music,1,0,1,0,0,2.0,1,2033,1153,2555,Service,High
California,36.116203,-119.681564,San Francisco,Thumbtack,operating,2008-01-01,2010-06-09,2013-06-13,2.44,5.45,4.0,4.02,10,3,18200000,2,CA,web,0,1,1,1,0,6.0,1,2034,890,1990,Software,High
New Hampshire,43.452492,-71.563896,Seabrook,SustainX,operating,2007-01-01,2009-08-12,2011-05-03,2.61,4.34,4.34,5.0,9,3,24000000,2,NH,cleantech,1,0,0,0,0,1.0,1,2035,954,1583,Business,High
California,36.116203,-119.681564,San Francisco,CloudFlare,operating,2009-07-01,2009-11-25,2011-07-12,0.4,2.03,2.03,4.09,12,2,22050000,3,CA,enterprise,0,0,1,1,0,2.5,1,2036,147,741,Software,High
Minnesota,45.694454,-93.900192,Minneapolis,Sport Ngin,operating,2008-01-01,2009-06-15,2013-04-02,1.45,5.25,3.0,3.0,7,3,9500000,1,MN,software,0,0,1,1,1,1.0,1,2037,531,1918,Software,Medium
California,34.146436,-118.153136,Pasadena,Perfect Market,operating,2007-01-01,2008-07-09,2011-01-18,1.52,4.05,4.05,5.09,15,3,30600000,2,CA,software,0,0,1,0,1,4.0,1,2038,555,1478,Software,High
New York,42.165726,-74.948051,New York City,iYogi,operating,2006-11-16,2007-01-01,2010-12-13,0.13,4.08,0.0,6.71,3,4,57600000,3,NY,hardware,0,0,1,1,1,3.5,1,2039,46,1488,Hardware,High
New York,42.165726,-74.948051,New York,Totsy,operating,2009-06-02,2010-11-30,2012-12-13,1.5,3.53,2.33,3.13,7,3,52223204,3,NY,ecommerce,0,0,1,1,0,2.0,1,2040,546,1290,Software,High
California,36.116203,-119.681564,San Francisco,RadiumOne,operating,2009-09-01,2009-09-01,2011-03-10,0.0,1.52,3.34,4.09,25,3,33500000,3,CA,advertising,0,0,1,1,0,2.33,1,2041,0,555,Service,High
Texas,31.054487,-97.563461,Plano,Horizon Data Center Solutions,operating,2007-01-01,2009-11-30,2013-07-16,2.92,6.54,1.92,1.92,7,3,18652584,1,TX,consulting,1,0,0,0,0,1.0,0,2042,1064,2388,Business,High
California,36.116203,-119.681564,San Francisco,Worldly Developments,operating,2009-06-01,2009-06-01,2010-03-05,0.0,0.76,0.76,2.64,9,2,800000,2,CA,software,0,1,0,0,0,7.5,1,2043,0,277,Software,Low
California,37.868002,-122.500111,Sausalito,Glassdoor,operating,2007-06-01,2008-03-27,2013-12-05,0.82,6.52,1.67,5.72,23,5,91500000,4,CA,web,0,0,1,1,1,3.2,1,2044,300,2379,Software,High
Virginia,37.769337,-78.169968,Richmond,Intelliject,operating,2010-01-01,2012-05-29,2012-05-29,2.41,2.41,-4.0,-4.0,11,1,15000000,1,VA,biotech,0,0,0,0,0,1.0,1,2045,879,879,software,High
Oregon,44.572021,-122.070938,Portland,ShopIgniter,operating,2009-10-01,2010-03-03,2011-05-25,0.42,1.65,2.18,3.57,19,2,11000000,3,OR,social,0,0,1,1,0,1.5,1,2046,153,601,Software,Medium
California,36.116203,-119.681564,Santa Monica,Vokle,closed,2008-06-01,2011-04-19,2011-04-19,2.88,2.88,-0.42,2.88,1,1,767000,3,CA,messaging,0,1,0,0,0,2.0,1,2047,1052,1052,Software,Low
Massachusetts,42.230171,-71.530106,Waltham,VisibleGains,closed,2010-09-01,2010-09-21,2011-08-01,0.05,0.92,-1.5,-0.25,4,2,2500000,2,MA,messaging,0,0,0,0,0,1.0,0,2048,20,334,Software,Medium
New Hampshire,43.452492,-71.563896,Salem,Laser Light Engines,operating,2008-01-01,2009-12-01,2013-05-13,1.92,5.37,2.72,2.72,14,5,34500000,1,NH,manufacturing,1,0,0,1,0,2.5,1,2049,700,1959,Manufacturing,High
California,36.116203,-119.681564,Venice,ZEFR,operating,2009-12-02,2010-06-03,2013-01-16,0.5,3.13,2.92,3.7,20,5,28927919,2,CA,enterprise,0,0,1,1,1,6.67,1,2050,183,1141,Software,High
California,36.116203,-119.681564,Fremont,GlassPoint Solar,operating,2008-05-01,2010-06-16,2012-12-11,2.13,4.62,2.67,5.44,7,5,33736464,2,CA,cleantech,1,0,1,1,0,3.5,1,2051,776,1685,Business,High
California,34.0122222,-118.4946298,Santa Monica,Burstly,operating,2009-12-01,2010-03-30,2011-11-30,0.33,2.0,1.08,3.7,7,2,7300000,3,CA,analytics,1,0,1,0,0,3.0,1,2052,119,729,Software,Medium
Illinois,41.878855,-87.642981,Chicago,ParkWhiz,closed,2006-06-01,2012-12-20,2012-12-20,6.56,6.56,5.34,6.56,7,1,2000000,2,IL,software,0,0,1,0,0,8.0,1,2054,2394,2394,Software,Low
Massachusetts,42.230171,-71.530106,Littleton,Movik Networks,operating,2006-01-01,2008-02-01,2011-03-31,2.08,5.25,5.09,5.25,5,4,44000000,2,MA,mobile,0,0,1,1,1,2.5,1,2055,761,1915,software,High
Oklahoma,35.565342,-96.928917,Tulsa,Grocio,closed,2007-06-01,2008-11-19,2010-07-20,1.47,3.14,0.0,0.0,1,3,1375000,1,OK,web,0,1,1,0,0,1.0,0,2056,537,1145,Software,Low
Iowa,42.011539,-93.210526,Des Moines,Dwolla,operating,2008-06-16,2009-11-01,2013-05-01,1.38,4.88,3.0,5.35,12,5,22805000,3,IA,software,0,1,1,1,1,5.0,1,2057,503,1780,Software,High
California,40.270666,-74.761403,San Francisco,Scrybe,operating,2007-01-01,2007-08-01,2013-01-09,0.58,6.03,0.6,6.5,4,3,1309000,2,CA,enterprise,1,0,1,0,0,1.5,0,2058,212,2200,Software,Low
Arizona,33.729759,-111.431221,Tempe,OrangeSlyce,operating,2009-01-01,2009-01-01,2010-06-01,0.0,1.41,1.5,1.62,15,2,12000,2,AZ,web,0,0,0,0,0,1.0,0,2059,0,516,Software,Low
California,37.7879083,-122.4039136,San Francisco,Livefyre,operating,2009-12-01,2010-07-06,2013-02-06,0.59,3.19,3.09,3.98,18,3,20300000,3,CA,enterprise,0,0,1,1,1,7.0,1,2060,217,1163,Software,High
Ohio,40.388783,-82.764915,Dover,BMRW & Associates,closed,2009-03-01,2009-06-01,2011-05-17,0.25,2.21,0.5,1.61,3,3,874687,2,OH,social,0,1,1,0,0,1.5,0,2061,92,807,Software,Low
Pennsylvania,40.590752,-77.209755,Pittsburgh,Penthera Partners,operating,2007-01-01,2006-01-06,2009-12-08,-0.99,2.94,1.0,1.0,11,4,7800000,1,PA,mobile,0,0,1,0,0,1.25,1,2062,-360,1072,software,Medium
New Jersey,40.298904,-74.521011,Bridgewater,Nautilus Neurosciences,operating,2009-01-01,2010-01-27,2010-04-22,1.07,1.3,2.75,2.75,9,3,42755532,1,NJ,biotech,1,0,1,0,0,1.0,0,2063,391,476,software,High
Massachusetts,42.230171,-71.530106,Cambridge,MC10,operating,2008-01-01,2009-12-09,2013-04-18,1.94,5.3,5.07,5.25,10,6,40658131,2,MA,health,1,0,1,1,1,3.2,1,2064,708,1934,Service,High
California,36.116203,-119.681564,San Mateo,CloudShare,operating,2007-01-01,2009-12-11,2011-07-05,2.95,4.51,2.95,4.51,13,2,20000000,3,CA,enterprise,1,0,0,1,0,3.5,1,2065,1075,1646,Software,High
Washington,47.400902,-121.490494,Seattle,EnergySavvy.com,operating,2008-11-17,2009-07-01,2012-08-02,0.62,3.71,1.27,2.88,4,5,5943058,3,WA,software,1,1,1,1,0,3.0,0,2066,226,1354,Software,Medium
Washington,47.400902,-121.490494,Seattle,Atomic Moguls,closed,2007-01-01,2007-02-26,2007-02-26,0.15,0.15,1.0,1.0,4,1,1050000,1,WA,web,0,0,1,0,0,1.0,0,2067,56,56,Software,Low
California,36.116203,-119.681564,Los Gatos,SuVolta,operating,2006-01-01,2006-03-06,2012-01-05,0.18,6.01,0.0,7.62,12,6,65478582,3,CA,semiconductor,1,0,0,0,0,2.75,1,2068,64,2195,Software,High
New York,40.726133,-74.004983,New York,Signpost,operating,2010-01-01,2010-10-25,2013-11-19,0.81,3.88,0.8,3.88,11,3,15000000,3,NY,software,1,0,1,1,0,2.0,1,2069,297,1418,Software,High
Massachusetts,42.230171,-71.530106,Boston,Pixability,operating,2008-03-14,2009-12-10,2013-04-12,1.74,5.08,5.22,5.22,6,3,5260157,1,MA,advertising,1,1,0,0,0,9.0,1,2070,636,1855,Service,Medium
California,37.66642,-122.383415,South San Francisco,SupportSpace,operating,2006-09-01,2006-10-24,2011-07-15,0.15,4.87,3.24,6.34,13,4,36250000,2,CA,software,0,0,1,1,1,2.5,1,2071,53,1778,Software,High
New York,40.7384997,-73.9954585,New York,Bonobos,operating,2007-06-01,2008-09-01,2013-03-13,1.25,5.79,4.67,6.39,13,6,74650016,3,NY,ecommerce,1,1,0,0,0,4.25,1,2072,458,2112,Software,High
Tennessee,35.747845,-86.692345,Brentwood,PharmMD,operating,2006-01-01,2009-12-11,2009-12-11,3.95,3.95,4.25,4.25,2,1,8800000,1,TN,health,1,0,0,0,0,2.0,0,2073,1440,1440,Service,Medium
Utah,40.150032,-111.862434,Salt Lake City,GuestSpan,closed,2007-05-09,2009-03-20,2009-03-20,1.87,1.87,2.57,2.57,5,1,450000,2,UT,software,0,1,0,0,0,1.0,0,2074,681,681,Software,Low
New York,40.7172034,-73.9912267,New York,Olapic,closed,2010-11-25,2012-04-15,2013-07-30,1.39,2.68,-1.38,2.9,4,2,6000000,3,NY,web,0,1,1,0,0,4.0,1,2075,507,978,Software,Medium
California,41.857915,-88.321171,San Mateo,Edmodo,operating,2008-09-02,2010-12-06,2012-07-19,2.26,3.88,3.68,4.51,8,3,40000000,3,CA,education,1,0,0,0,1,3.33,1,2076,825,1416,Service,High
Massachusetts,42.3983914,-71.1303102,Cambridge,StarStreet,operating,2009-05-01,2010-03-01,2013-08-28,0.83,4.33,1.67,2.83,3,3,2100000,3,MA,sports,1,1,0,0,0,3.5,1,2077,304,1580,Service,Medium
California,37.446382,-122.155678,Palo Alto,Noovo,operating,2008-08-01,2007-10-01,2007-10-01,-0.84,-0.84,-0.58,1.48,4,1,426960,3,CA,web,0,1,0,0,0,4.0,1,2078,-305,-305,Software,Low
California,34.153588,-118.422495,Sherman Oaks,AudioMicro,operating,2008-05-24,2008-10-20,2011-02-01,0.41,2.69,2.94,3.48,7,2,1250000,2,CA,games_video,0,0,1,1,0,1.5,1,2079,149,983,Software,Low
Illinois,40.349457,-88.986137,Chicago,Boomerang.com,operating,2009-02-19,2011-02-21,2011-05-23,2.01,2.25,1.76,3.14,5,2,1560000,4,IL,web,1,1,0,0,0,1.0,1,2080,732,823,Software,Low
California,36.116203,-119.681564,San Diego,Sonexa Therapeutics,operating,2007-01-01,2008-01-31,2012-08-02,1.08,5.59,3.0,3.0,5,4,34224981,1,CA,biotech,1,0,1,0,0,5.0,1,2081,395,2040,software,High
California,36.116203,-119.681564,San Francisco,BetaBrand,operating,2009-01-01,2009-12-15,2012-11-08,0.95,3.85,1.08,4.67,6,4,8204000,4,CA,ecommerce,1,0,1,0,0,1.33,1,2082,348,1407,Software,Medium
Utah,40.150032,-111.862434,Salt Lake City,The American Academy,operating,2007-01-01,2009-12-15,2012-07-25,2.96,5.57,3.0,3.0,12,2,11900000,1,UT,education,0,0,0,1,1,2.0,1,2083,1079,2032,Service,High
New Jersey,40.298904,-74.521011,Princeton,Ophthotech,operating,2007-01-01,2009-12-15,2013-05-29,2.96,6.41,5.0,6.74,16,3,205000000,2,NJ,biotech,0,0,0,1,1,2.0,1,2084,1079,2340,software,High
Massachusetts,42.230171,-71.530106,Natick,Nasuni,operating,2009-04-01,2009-12-14,2012-10-30,0.7,3.58,1.72,3.3,5,3,43000000,3,MA,enterprise,0,0,1,1,1,2.67,1,2085,257,1308,Software,High
New York,37.773727,-122.401537,New York,Spongecell,operating,2006-09-01,2011-06-05,2012-02-07,4.76,5.44,4.76,5.34,13,2,10000000,2,NY,advertising,1,0,0,1,0,1.5,1,2086,1738,1985,Service,Medium
New York,42.165726,-74.948051,New York,BillGuard,operating,2010-04-11,2010-05-28,2011-10-06,0.13,1.49,2.08,3.63,13,2,13000000,3,NY,security,0,0,1,1,0,7.0,1,2087,47,543,Service,High
New Jersey,40.298904,-74.521011,Piscataway,Bluenog,operating,2006-01-01,2008-02-12,2008-02-12,2.12,2.12,3.88,3.88,4,1,4000000,2,NJ,enterprise,0,0,1,0,0,1.0,0,2088,772,772,Software,Medium
Pennsylvania,40.590752,-77.209755,Pittsburgh,Carmell Therapeutics,operating,2007-01-01,2008-01-31,2012-12-14,1.08,5.96,4.0,4.0,4,3,2940797,1,PA,biotech,1,0,1,0,0,3.5,1,2089,395,2174,software,Medium
California,37.536394,-122.326141,Redwood Shores,Cloud9,operating,2007-01-01,2006-02-02,2010-05-18,-0.91,3.38,4.5,4.5,10,4,21600000,1,CA,enterprise,0,0,1,1,1,2.75,1,2090,-333,1233,Software,High
California,36.116203,-119.681564,El Segundo,Ace Metrix,operating,2007-01-01,2008-08-01,2012-05-29,1.58,5.41,3.33,5.73,11,5,18700000,2,CA,advertising,1,0,1,1,1,2.5,1,2091,578,1975,Service,High
New York,42.165726,-74.948051,New York,Article One Partners,operating,2008-01-01,2009-12-15,2012-03-05,1.96,4.18,4.18,4.18,7,2,10000000,1,NY,software,0,0,1,1,0,1.0,1,2092,714,1525,Software,Medium
Texas,31.054487,-97.563461,Austin,Mirna Therapeutics,operating,2007-01-01,2009-12-16,2012-11-02,2.96,5.84,5.0,5.0,16,4,58249995,1,TX,biotech,1,0,0,0,1,5.0,1,2093,1080,2132,software,High
New York,42.165726,-74.948051,New York,Paperless Post,closed,2008-09-01,2012-05-07,2012-05-07,3.68,3.68,3.78,5.15,7,1,6000000,2,NY,messaging,0,0,0,0,0,3.0,1,2094,1344,1344,Software,Medium
Massachusetts,42.3595547,-71.0588837,Boston,Trefis,operating,2007-01-01,2008-11-01,2010-06-02,1.84,3.42,0.0,3.42,3,2,2130000,3,MA,analytics,0,1,1,0,0,3.0,0,2095,670,1248,Software,Medium
New Jersey,40.298904,-74.521011,Edison,FieldView Solutions,operating,2006-01-01,2009-12-17,2011-06-14,3.96,5.45,3.0,3.0,4,2,4750000,1,NJ,enterprise,1,0,1,0,0,3.0,1,2096,1446,1990,Software,Medium
California,36.116203,-119.681564,San Mateo,Afferent Pharmaceuticals,operating,2009-01-01,2009-12-16,2013-04-01,0.96,4.25,3.0,3.0,9,3,33000000,1,CA,biotech,1,0,1,0,0,2.67,1,2097,349,1551,software,High
Oregon,44.572021,-122.070938,Portland,Tubaloo,operating,2006-02-03,2006-11-01,2008-12-01,0.74,2.83,0.91,0.91,3,2,1250000,1,OR,public_relations,0,1,0,0,0,3.5,0,2098,271,1032,Service,Low
New York,42.165726,-74.948051,New York,Familybuilder,operating,2007-06-01,2008-02-21,2008-02-21,0.73,0.73,2.49,2.59,6,1,1500000,2,NY,web,0,0,1,0,0,1.0,1,2099,265,265,Software,Low
Massachusetts,42.230171,-71.530106,Waltham,Viewfinity,operating,2007-01-01,2008-03-22,2013-10-01,1.22,6.75,3.62,4.22,11,5,26950003,2,MA,enterprise,1,0,0,1,1,3.0,1,2100,446,2465,Software,High
Colorado,39.059811,-105.311104,Broomfield,Datavail,operating,2007-01-01,2008-01-25,2012-09-06,1.07,5.68,6.01,6.01,18,3,11575000,1,CO,analytics,0,0,1,1,1,2.0,0,2101,389,2075,Software,High
New York,42.165726,-74.948051,New York,Appboy,operating,2011-01-01,2013-11-06,2013-11-06,2.85,2.85,1.58,2.85,8,1,7600000,3,NY,mobile,0,0,1,0,0,8.0,1,2103,1040,1040,software,Medium
Washington,47.400902,-121.490494,Seattle,Socrata,operating,2007-01-01,2008-02-20,2013-06-26,1.14,6.49,5.0,6.68,2,2,24500000,3,WA,enterprise,0,0,0,1,0,2.5,1,2104,415,2368,Software,High
California,36.116203,-119.681564,Burlingame,CrowdStar,operating,2008-01-01,2011-05-23,2013-06-02,3.39,5.42,3.5,4.65,12,4,49000000,3,CA,games_video,1,0,0,0,0,3.0,1,2105,1238,1979,Software,High
California,36.116203,-119.681564,Campbell,Zipline Medical,operating,2007-01-01,2009-12-21,2012-04-10,2.97,5.28,4.0,4.0,2,2,6000000,1,CA,medical,0,0,1,1,0,1.5,1,2106,1085,1926,Service,Medium
Massachusetts,42.230171,-71.530106,Westford,GreenRay Solar,operating,2006-01-01,2009-07-01,2009-07-15,3.5,3.54,0.0,0.0,3,2,4000000,1,MA,cleantech,1,0,1,0,0,1.0,0,2107,1277,1291,Business,Medium
California,36.116203,-119.681564,Mountain View,Nimbic (formerly Physware),operating,2006-01-01,2008-02-13,2012-01-01,2.12,6.0,3.0,3.0,7,4,11544000,1,CA,enterprise,1,0,1,1,0,2.33,1,2108,773,2191,Software,High
California,36.116203,-119.681564,Palo Alto,WePay,operating,2008-01-01,2009-01-01,2013-10-21,1.0,5.81,5.16,5.33,21,5,20650000,3,CA,software,0,1,1,1,0,3.25,1,2109,366,2120,Software,High
New York,42.165726,-74.948051,New York,Integral Ad Science,operating,2009-01-01,2010-07-06,2012-04-18,1.51,3.3,1.51,3.91,27,2,17250000,3,NY,advertising,0,0,0,1,1,2.5,1,2110,551,1203,Service,High
Massachusetts,42.230171,-71.530106,Waltham,Kala Pharmaceuticals,operating,2009-01-01,2009-12-24,2013-02-28,0.98,4.16,4.33,4.33,13,4,23743205,1,MA,biotech,0,0,1,1,0,4.0,1,2111,357,1519,software,High
California,36.116203,-119.681564,San Francisco,Drawn to Scale,operating,2010-03-10,2012-03-09,2012-03-09,2.0,2.0,-0.05,2.97,13,1,925000,3,CA,analytics,1,0,0,0,0,2.0,1,2113,730,730,Software,Low
Washington,47.400902,-121.490494,Bellevue,Venuelabs,closed,2009-03-01,2009-12-30,2012-04-16,0.83,3.13,1.3,2.67,3,4,2550000,3,WA,software,0,1,0,0,0,1.0,1,2114,304,1142,Software,Medium
California,36.116203,-119.681564,Redwood City,EcoFactor,operating,2006-01-01,2010-04-06,2013-10-14,4.26,7.79,5.45,6.67,13,4,27394996,3,CA,enterprise,1,0,0,1,0,2.67,1,2115,1556,2843,Software,High
New York,42.165726,-74.948051,New York,ScrollMotion,operating,2008-01-01,2010-10-29,2012-10-15,2.83,4.79,5.35,5.35,13,4,38100000,2,NY,software,0,0,1,1,1,1.0,0,2116,1032,1749,Software,High
California,37.5366173,-122.2562282,Redwood City,Atieva,operating,2007-01-01,2009-12-17,2011-01-20,2.96,4.05,4.0,4.0,9,2,31000000,1,CA,software,1,0,0,0,0,2.0,1,2117,1081,1480,Software,High
California,37.429647,-122.100288,Mountain View,Egnyte,operating,2006-01-01,2009-07-27,2013-12-11,3.57,7.95,6.84,7.95,13,5,66660000,2,CA,enterprise,1,0,1,1,1,3.0,1,2118,1303,2901,Software,High
New York,42.165726,-74.948051,New York City,ADstruc,operating,2010-07-15,2010-08-05,2010-09-28,0.06,0.21,0.06,2.3,9,2,1118000,4,NY,advertising,0,1,0,0,0,4.5,1,2119,21,75,Service,Low
Massachusetts,42.230171,-71.530106,Boston,Digital Lumens,operating,2008-01-01,2009-12-31,2013-01-09,2.0,5.03,0.16,3.34,8,4,26300645,3,MA,cleantech,1,0,0,1,0,2.25,1,2121,730,1835,Business,High
California,37.7871044,-122.3976599,San Francisco,MindJolt,operating,2007-10-01,2010-03-03,2010-03-03,2.42,2.42,2.42,3.73,20,1,22000000,3,CA,games_video,1,0,0,0,0,1.0,1,2122,884,884,Software,High
Massachusetts,42.230171,-71.530106,Watertown,Dicerna Pharmaceuticals,operating,2007-01-01,2010-01-04,2013-07-31,3.01,6.58,4.96,4.96,6,4,213000000,1,MA,biotech,1,0,0,1,1,4.0,1,2123,1099,2403,software,High
California,36.116203,-119.681564,Mountain View,Quora,operating,2009-06-01,2010-03-28,2012-05-14,0.82,2.95,2.89,4.45,19,2,71000000,3,CA,web,0,0,1,1,0,3.5,1,2124,300,1078,Software,High
California,37.332658,-121.895563,San Jose,RetailNext,operating,2007-11-01,2009-12-21,2013-04-30,2.14,5.5,4.2,4.2,15,3,29400000,1,CA,analytics,0,0,1,1,1,2.5,1,2126,781,2007,Software,High
California,36.116203,-119.681564,Novato,Primadesk,operating,2009-11-01,2010-04-07,2012-11-21,0.43,3.06,0.0,2.14,4,4,632500,3,CA,web,1,1,0,0,0,1.0,0,2127,157,1116,Software,Low
Pennsylvania,40.590752,-77.209755,Philadelphia,PackLate.com,operating,2009-09-01,2010-01-07,2010-01-07,0.35,0.35,0.25,0.35,5,1,685000,2,PA,ecommerce,1,0,0,0,0,4.0,1,2128,128,128,Software,Low
Massachusetts,42.230171,-71.530106,Groton,Harvest Automation,operating,2009-01-01,2010-01-08,2013-10-29,1.02,4.83,1.0,1.74,10,6,30593000,2,MA,manufacturing,0,0,1,1,1,3.0,1,2129,372,1762,Manufacturing,High
Massachusetts,42.230171,-71.530106,Lexington,Predictive Biosciences,operating,2006-01-01,2006-12-18,2010-06-18,0.96,4.46,2.5,4.88,15,4,58153424,2,MA,biotech,1,0,1,1,1,3.5,1,2130,351,1629,software,High
Rhode Island,41.680893,-71.51178,Providence,Dynadec,closed,2007-01-01,2010-01-08,2010-01-08,3.02,3.02,2.0,2.0,5,1,2000000,1,RI,enterprise,0,0,1,0,0,2.0,0,2131,1103,1103,Software,Low
Massachusetts,42.230171,-71.530106,Cambridge,Virtify,operating,2009-01-01,2010-01-08,2013-03-27,1.02,4.24,-2.0,1.42,14,4,25078167,2,MA,enterprise,1,0,1,0,0,1.0,0,2132,372,1546,Software,High
New York,42.165726,-74.948051,Rochester,eHealth TechnologiesÖ,operating,2007-01-01,2010-01-08,2013-01-11,3.02,6.03,0.0,0.0,9,3,8595974,1,NY,enterprise,1,0,1,0,0,2.0,1,2133,1103,2202,Software,Medium
Utah,40.150032,-111.862434,Draper,Lucidchart,operating,2008-12-15,2011-07-26,2011-07-26,2.61,2.61,2.96,4.8,9,1,1000000,2,UT,enterprise,0,1,0,0,0,4.0,1,2135,953,953,Software,Low
California,36.116203,-119.681564,San Francisco,VigLink,operating,2009-03-19,2009-06-01,2011-03-10,0.2,1.98,1.37,4.63,20,3,7300000,4,CA,advertising,0,1,1,1,0,4.67,1,2136,74,721,Service,Medium
Massachusetts,42.230171,-71.530106,Cambridge,"BIND Therapeutics, Inc.",operating,2006-01-01,2010-06-29,2013-02-11,4.49,7.12,6.92,7.62,19,4,51347684,2,MA,biotech,1,0,0,0,1,2.5,1,2137,1640,2598,software,High
Massachusetts,42.230171,-71.530106,Boston,Cloud Technology Partners,operating,2009-06-01,2011-06-10,2013-08-20,2.02,4.22,1.59,1.8,8,4,8400000,2,MA,enterprise,1,0,1,1,0,1.0,1,2138,739,1541,Software,Medium
California,36.116203,-119.681564,San Diego,VentiRx Pharmaceuticals,operating,2006-01-01,2010-01-13,2012-10-03,4.04,6.76,7.01,7.01,17,2,86600000,1,CA,biotech,1,0,1,0,0,2.5,1,2139,1473,2467,software,High
California,36.116203,-119.681564,San Francisco,OneLogin,operating,2009-01-01,2010-06-24,2013-10-02,1.48,4.75,4.27,4.92,15,2,17700000,2,CA,enterprise,0,0,1,1,0,1.5,1,2141,539,1735,Software,High
Georgia,33.040619,-83.643074,Atlanta,Damballa,operating,2006-04-01,2006-08-21,2012-09-17,0.39,6.47,7.28,7.28,14,6,44500000,2,GA,security,1,0,1,1,0,3.0,1,2142,142,2361,Service,High
Illinois,40.349457,-88.986137,Chicago,HighTower Advisors,operating,2008-01-01,2010-01-13,2010-01-13,2.04,2.04,2.25,2.25,15,1,100000000,1,IL,finance,1,0,0,0,0,2.0,1,2143,743,743,Service,High
California,36.116203,-119.681564,San Francisco,Obvious,operating,2006-01-01,2012-03-06,2012-03-06,6.18,6.18,5.36,7.18,8,1,2000000,4,CA,web,1,0,0,0,0,2.0,1,2144,2256,2256,Software,Low
California,37.3960202,-121.9253533,San Jose,SpiderCloud Wireless,operating,2007-01-01,2009-12-12,2012-04-04,2.95,5.26,1.0,3.09,4,4,105999996,2,CA,enterprise,1,0,1,1,0,3.33,1,2145,1076,1920,Software,High
California,36.116203,-119.681564,Santa Barbara,Impact Radius,operating,2008-01-01,2010-01-14,2010-01-14,2.04,2.04,4.75,4.75,6,1,6000000,1,CA,advertising,0,0,1,0,0,1.0,1,2146,744,744,Service,Medium
California,36.116203,-119.681564,San Jose,Presto Engineering,operating,2006-01-01,2010-01-14,2011-01-21,4.04,5.06,2.0,2.0,5,2,8000000,1,CA,semiconductor,1,0,0,0,0,1.0,1,2147,1474,1846,Software,Medium
New York,42.165726,-74.948051,Setauket,MightyMeeting,closed,2009-12-01,2010-05-06,2010-05-06,0.43,0.43,0.12,0.12,2,1,300000,1,NY,web,0,1,0,0,0,1.0,1,2148,156,156,Software,Low
California,36.116203,-119.681564,San Francisco,140 Proof,operating,2010-01-11,2009-07-01,2011-04-28,-0.53,1.29,2.3,3.04,15,2,5500000,3,CA,advertising,0,0,1,1,0,3.0,1,2149,-194,472,Service,Medium
New York,42.165726,-74.948051,New York,ShopKeep POS,operating,2008-10-01,2012-01-17,2012-12-05,3.3,4.18,3.3,4.25,9,2,12200000,2,NY,enterprise,0,0,1,1,0,3.0,1,2150,1203,1526,Software,High
Kansas,38.5266,-96.726486,San Ramon,A la Mobile,operating,2005-06-01,2005-07-01,2007-03-01,0.08,1.75,0.59,6.59,8,2,7550000,2,KS,software,0,0,1,1,0,1.0,1,2151,30,638,Software,Medium
California,37.7695417,-122.4027783,San Francisco,Sociable  Labs,operating,2009-01-01,2009-12-31,2011-10-26,1.0,2.82,2.95,3.92,15,2,7000000,3,CA,enterprise,0,0,1,1,0,4.0,1,2152,364,1028,Software,Medium
Ohio,40.388783,-82.764915,Wooster,Confer,closed,2009-06-01,2009-06-01,2010-06-01,0.0,1.0,0.59,0.68,6,2,400000,2,OH,enterprise,0,1,0,0,0,1.5,0,2153,0,365,Software,Low
California,36.116203,-119.681564,Kongens Lyngby,Metaconomy,operating,2009-09-01,2009-12-23,2009-12-23,0.31,0.31,0.83,1.29,3,1,100000,2,CA,software,0,1,0,0,0,2.0,0,2154,113,113,Software,Low
California,36.116203,-119.681564,Sunnyvale,Liquid Robotics,operating,2007-01-01,2005-01-01,2013-03-19,-2.0,6.22,4.43,5.82,27,6,81575000,3,CA,cleantech,0,1,1,1,1,2.0,1,2155,-730,2269,Business,High
California,37.7912619,-122.3953422,San Francisco,Taulia,operating,2009-01-01,2010-12-06,2013-08-23,1.93,4.64,3.84,4.64,15,4,35700000,3,CA,enterprise,1,0,1,1,1,3.0,1,2156,704,1695,Software,High
Pennsylvania,40.590752,-77.209755,Philadelphia,Tarsa Therapeutics,operating,2009-01-01,2010-01-17,2012-03-16,1.04,3.21,0.75,0.75,4,4,92000000,1,PA,biotech,1,0,1,1,0,3.5,1,2158,381,1170,software,High
California,36.116203,-119.681564,San Francisco,Rixty,operating,2009-01-01,2009-06-01,2010-01-21,0.41,1.05,1.13,3.81,10,2,1265000,3,CA,games_video,0,1,0,0,0,4.0,1,2160,151,385,Software,Low
California,37.4233509,-122.135163,Palo Alto,Jumio,operating,2010-01-05,2011-03-17,2012-05-01,1.19,2.32,3.01,3.7,19,3,35345881,3,CA,software,0,0,1,1,0,1.0,1,2161,436,847,Software,High
Colorado,39.059811,-105.311104,Boulder,Vico Software,operating,2007-01-01,2009-10-06,2009-10-06,2.76,2.76,0.0,0.0,2,1,3600000,1,CO,software,0,0,0,1,0,3.0,1,2162,1009,1009,Software,Medium
California,36.116203,-119.681564,Mountain View,Couchbase,operating,2009-01-02,2009-01-01,2013-08-28,-0.0,4.65,3.37,4.65,14,5,56000000,3,CA,enterprise,1,0,1,1,1,3.25,1,2163,-1,1699,Software,High
Massachusetts,42.230171,-71.530106,Marlborough,Unidesk,operating,2007-12-01,2010-01-21,2012-05-17,2.14,4.46,0.08,0.08,4,2,21050001,1,MA,software,1,0,0,1,0,2.0,1,2164,782,1629,Software,High
New York,40.7435494,-73.9907928,New York,Sociocast,operating,2010-01-01,2010-01-21,2013-02-19,0.05,3.14,1.82,2.87,11,4,5875000,3,NY,analytics,1,0,1,1,0,1.75,1,2165,20,1145,Software,Medium
Massachusetts,42.230171,-71.530106,Cambridge,Thinking Phone Networks,operating,2006-01-01,2010-01-19,2013-10-15,4.05,7.79,6.97,7.01,15,4,31156017,2,MA,enterprise,1,0,0,0,1,2.0,1,2166,1479,2844,Software,High
Wisconsin,44.268543,-89.616508,Madison,Shoutlet,operating,2010-01-01,2010-01-19,2012-06-07,0.05,2.43,2.0,2.68,5,3,24200000,2,WI,enterprise,0,0,1,1,1,2.0,0,2167,18,888,Software,High
North Carolina,35.630066,-79.806419,Durham,TransEnterix,operating,2006-01-01,2010-01-21,2013-08-12,4.06,7.62,7.68,7.68,8,4,87177415,1,NC,medical,1,0,0,1,0,6.0,1,2168,1481,2780,Service,High
Tennessee,35.747845,-86.692345,Knoxville,ABT Molecular Imaging,operating,2006-01-01,2010-01-21,2013-12-06,4.06,7.93,7.09,7.09,12,6,20064818,1,TN,medical,1,0,1,0,1,2.0,1,2169,1481,2896,Service,High
California,36.116203,-119.681564,SARATOGA,Clean Filtration Technology,closed,2006-01-01,2010-01-20,2010-06-07,4.05,4.43,4.79,4.79,1,2,5550000,1,CA,cleantech,1,0,0,0,0,1.0,0,2171,1480,1618,Business,Medium
New York,42.165726,-74.948051,New York,Beezag,operating,2009-02-01,2008-01-01,2010-01-24,-1.09,0.98,0.5,1.06,9,2,3250000,3,NY,advertising,0,1,1,0,0,1.0,0,2172,-397,357,Service,Medium
California,36.116203,-119.681564,Los Angeles,OnGreen,operating,2009-09-10,2010-11-09,2010-11-09,1.16,1.16,1.72,1.78,7,1,1400000,2,CA,cleantech,0,0,1,0,0,2.0,0,2173,425,425,Business,Low
California,32.812246,-117.153955,San Diego,Grid2Home,closed,2007-01-01,2009-10-08,2012-04-30,2.77,5.33,3.71,4.42,3,4,6649999,2,CA,software,1,1,0,0,0,1.0,1,2174,1011,1946,Software,Medium
Washington,47.400902,-121.490494,Seattle,Zettics.,closed,2008-01-01,2010-04-27,2010-04-27,2.32,2.32,1.42,4.93,10,1,7000000,2,WA,mobile,0,0,0,1,0,4.0,1,2175,847,847,software,Medium
Wisconsin,44.268543,-89.616508,Milwaukee,HarQen,operating,2007-05-05,2008-01-01,2011-10-13,0.66,4.44,4.5,5.58,13,3,7768177,2,WI,enterprise,0,1,1,1,0,5.5,1,2176,241,1622,Software,Medium
New York,42.165726,-74.948051,New York,StellaService,operating,2009-01-01,2010-01-14,2013-02-27,1.04,4.16,4.16,4.48,10,4,22200000,2,NY,software,1,0,1,1,0,4.33,1,2177,378,1518,Software,High
New York,42.165726,-74.948051,Ithaca,e2e Materials,closed,2006-01-01,2010-01-23,2010-01-23,4.06,4.06,3.27,3.27,5,1,3400000,1,NY,cleantech,0,0,1,0,0,5.0,0,2178,1483,1483,Business,Medium
Washington,47.400902,-121.490494,Seattle,Ontela,operating,2006-01-01,2006-11-10,2009-12-16,0.86,3.96,0.66,0.66,4,2,4500000,1,WA,mobile,1,0,1,0,0,2.0,1,2179,313,1445,software,Medium
Texas,31.054487,-97.563461,Houston,Infrastruct Security,closed,2006-01-01,2006-07-07,2010-01-27,0.51,4.07,3.5,3.5,1,2,6760000,1,TX,security,0,0,1,0,0,3.0,0,2180,187,1487,Service,Medium
New York,42.165726,-74.948051,Palo Alto,nPario,operating,2010-01-01,2010-01-13,2011-05-06,0.03,1.34,0.21,1.83,4,2,5300000,2,NY,analytics,1,0,1,0,0,1.0,1,2181,12,490,Software,Medium
California,36.116203,-119.681564,San Francisco,Inkling Systems,operating,2009-08-01,2010-01-01,2013-07-17,0.42,3.96,1.05,3.0,7,6,40020001,3,CA,mobile,0,1,1,1,1,4.4,1,2182,153,1446,software,High
Colorado,39.059811,-105.311104,Centennial,Ciris Energy,operating,2007-01-01,2010-01-27,2013-07-26,3.07,6.57,4.0,4.01,8,3,48900000,2,CO,cleantech,0,0,1,1,1,2.67,1,2183,1122,2398,Business,High
New York,40.737778,-73.979508,New York,Someecards,operating,2007-04-01,2008-04-01,2008-04-01,1.0,1.0,3.86,3.86,3,1,350000,1,NY,web,0,1,0,0,0,2.0,1,2186,366,366,Software,Low
Texas,31.054487,-97.563461,Houston,Salient Pharmaceuticals,operating,2007-01-01,2010-01-29,2010-01-29,3.08,3.08,4.12,4.12,3,1,2000000,1,TX,biotech,1,0,0,0,0,1.0,0,2188,1124,1124,software,Low
California,34.154251,-118.470699,Los Angeles,Yowza,operating,2008-01-01,2012-01-30,2012-01-30,4.08,4.08,3.5,3.5,3,1,1500000,1,CA,mobile,0,0,1,0,0,1.0,0,2189,1490,1490,software,Low
California,36.116203,-119.681564,Los Angeles,Oblong Industries,operating,2006-01-01,2007-12-06,2011-07-01,1.93,5.5,7.79,7.79,19,2,8800000,1,CA,hardware,0,0,1,1,0,2.5,1,2190,704,2007,Hardware,Medium
California,36.116203,-119.681564,San Francisco,Solum,operating,2009-01-01,2010-02-01,2012-06-27,1.08,3.49,2.31,4.42,11,3,23549993,2,CA,software,0,0,1,1,0,2.0,1,2191,396,1273,Software,High
Texas,31.054487,-97.563461,Houston,Onit,closed,2011-01-01,2009-10-15,2012-01-17,-1.21,1.04,-1.0,-1.0,7,4,5257000,1,TX,software,0,1,0,1,0,2.0,1,2192,-443,381,Software,Medium
Texas,30.33493,-97.756517,Austin,Small World Labs,operating,2005-06-01,2008-03-19,2008-03-19,2.8,2.8,2.2,5.42,4,1,1000000,3,TX,network_hosting,0,0,1,0,0,1.0,0,2193,1022,1022,Software,Low
California,36.116203,-119.681564,Palo Alto,Pie Digital,operating,2007-01-01,2008-09-01,2013-10-11,1.67,6.78,5.0,5.0,10,6,44076094,1,CA,enterprise,1,0,1,1,0,2.75,1,2194,609,2475,Software,High
California,37.7914906,-122.4010118,San Francisco,Hooked Media Group,operating,2008-01-01,2008-04-01,2009-05-01,0.25,1.33,1.42,1.42,5,2,4500000,1,CA,games_video,0,0,1,0,0,2.5,1,2195,91,486,Software,Medium
Michigan,43.326618,-84.536095,Zeeland,Spazzles,operating,2008-05-01,2008-05-01,2010-01-15,0.0,1.71,0.0,0.74,3,2,175000,2,MI,fashion,0,1,1,0,0,1.0,0,2196,0,624,Business,Low
California,37.4094417,-122.0153444,Sunnyvale,PayNearMe,operating,2009-03-01,2009-05-01,2013-04-01,0.17,4.09,3.84,3.9,11,5,36500000,2,CA,ecommerce,1,0,1,1,0,4.0,1,2197,61,1492,Software,High
California,37.3940719,-122.0348623,Sunnyvale,LensVector,operating,2006-01-01,2010-02-04,2012-10-25,4.1,6.82,0.0,0.0,16,2,33500000,1,CA,hardware,1,0,0,0,1,7.0,1,2198,1495,2489,Hardware,High
California,36.116203,-119.681564,Palo Alto,Piazza,operating,2009-01-01,2011-07-06,2012-01-06,2.51,3.01,1.1,3.0,4,2,7500000,2,CA,education,0,0,1,0,0,3.5,1,2199,916,1100,Service,Medium
California,36.116203,-119.681564,Marina Del Rey,Small Demons,closed,2009-10-01,2010-01-01,2012-07-16,0.25,2.79,0.25,1.61,6,5,5566669,2,CA,web,1,1,1,0,0,6.0,1,2200,92,1019,Software,Medium
California,36.116203,-119.681564,Fremont,Avalanche Technology,operating,2006-01-01,2010-02-05,2013-03-08,4.1,7.19,6.0,6.0,18,5,54330000,1,CA,semiconductor,0,0,0,1,1,4.0,1,2201,1496,2623,Software,High
California,36.116203,-119.681564,San Francisco,Koding,operating,2011-07-18,2011-10-11,2012-12-20,0.23,1.43,-0.85,2.06,7,3,11530159,4,CA,enterprise,0,0,1,1,0,3.0,1,2202,85,521,Software,High
California,36.116203,-119.681564,Mountain View,Zettaset,operating,2007-12-01,2011-07-12,2013-04-01,3.61,5.34,3.61,4.59,13,5,26333003,2,CA,enterprise,1,0,0,1,1,2.4,1,2203,1319,1948,Software,High
Massachusetts,42.230171,-71.530106,Cambridge,Backupify,operating,2008-11-01,2009-08-01,2012-07-11,0.75,3.69,2.27,4.84,9,5,19525000,3,MA,enterprise,0,1,1,1,1,3.8,1,2204,273,1348,Software,High
Florida,27.766279,-81.686783,Palm Beach Gardens,DirectLaw,operating,2008-06-01,2008-08-01,2008-08-01,0.17,0.17,-0.42,-0.42,1,1,300000,1,FL,legal,0,1,0,0,0,1.0,0,2205,61,61,Service,Low
Oregon,44.572021,-122.070938,Portland,Simple,operating,2009-01-01,2009-11-01,2013-06-11,0.83,4.44,2.85,4.17,13,4,15290000,3,OR,enterprise,0,1,1,1,1,5.0,1,2206,304,1622,Software,High
Georgia,33.040619,-83.643074,Roswell,Company.com,closed,2010-01-01,2009-03-01,2010-07-30,-0.84,0.58,2.25,2.25,19,2,5665000,1,GA,social,0,0,1,0,0,3.0,0,2207,-306,210,Software,Medium
Pennsylvania,40.590752,-77.209755,Paoli,AboutOne,operating,2010-06-01,2011-05-01,2013-10-09,0.92,3.36,1.33,1.5,11,3,3694003,2,PA,web,1,1,1,0,0,1.0,1,2208,334,1226,Software,Medium
Washington,47.400902,-121.490494,Seattle,buuteeq,operating,2010-01-01,2010-09-12,2012-09-20,0.7,2.72,1.05,3.0,9,4,16675000,3,WA,advertising,0,1,1,1,0,1.75,1,2209,254,993,Service,High
New York,42.165726,-74.948051,New York,Tunesat,operating,2007-01-01,2010-02-11,2013-03-22,3.12,6.22,4.0,4.0,6,3,8200000,1,NY,games_video,1,0,0,0,0,1.0,0,2210,1137,2272,Software,Medium
Minnesota,45.694454,-93.900192,Chanhassen,Indigo Identityware,operating,2009-01-01,2010-02-11,2012-11-30,1.11,3.92,1.24,1.24,3,5,3495746,1,MN,security,1,0,0,0,0,1.0,0,2211,406,1429,Service,Medium
California,36.116203,-119.681564,San Francisco,BillFloat,operating,2009-01-01,2009-01-01,2013-01-17,0.0,4.05,4.0,4.05,12,4,37000000,2,CA,ecommerce,0,1,1,1,1,4.67,1,2212,0,1477,Software,High
California,36.116203,-119.681564,Palo Alto,Yardsellr,operating,2009-10-01,2010-03-01,2010-11-22,0.41,1.14,3.37,3.37,0,2,5750000,1,CA,web,0,1,1,0,0,1.5,1,2213,151,417,Software,Medium
California,37.3927975,-122.0727749,Mountain View,Zoodles,operating,2008-01-01,2010-05-12,2010-05-12,2.36,2.36,2.69,4.0,10,1,2600000,3,CA,games_video,0,0,0,0,0,1.0,1,2214,862,862,Software,Medium
Texas,31.054487,-97.563461,Fort Worth,Simpli.fi,operating,2010-01-01,2011-03-17,2013-12-12,1.21,3.95,2.92,3.09,10,4,22337902,2,TX,advertising,1,0,0,1,0,1.5,1,2216,440,1441,Service,High
California,36.116203,-119.681564,Sunnyvale,EnerVault,operating,2008-01-01,2010-02-16,2012-02-23,2.13,4.15,2.0,2.0,5,3,26000000,1,CA,cleantech,1,0,1,1,0,3.0,0,2217,777,1514,Business,High
Texas,31.054487,-97.563461,Austin,Spredfast,operating,2008-03-10,2010-04-14,2013-02-05,2.1,4.91,2.1,4.82,13,3,31600000,2,TX,enterprise,1,0,1,1,0,2.0,1,2218,765,1793,Software,High
Washington,47.400902,-121.490494,Seattle,Tango Card,closed,2009-01-01,2012-06-06,2013-04-19,3.43,4.3,1.89,4.0,8,2,5925000,3,WA,enterprise,1,0,0,1,0,4.0,1,2219,1252,1569,Software,Medium
California,37.561589,-122.324571,San Mateo,Coupa Software,operating,2006-01-01,2007-03-13,2012-05-10,1.19,6.36,6.08,7.01,19,5,49000000,4,CA,enterprise,0,0,1,1,1,3.0,1,2220,436,2321,Software,High
California,36.116203,-119.681564,Hermosa Beach,echoecho,operating,2010-01-01,2011-09-08,2012-05-07,1.68,2.35,1.75,2.35,5,2,1500000,2,CA,mobile,0,1,0,0,0,2.5,1,2221,615,857,software,Low
New York,40.7451416,-73.9938543,New York,Vook,operating,2009-01-01,2010-02-19,2011-01-18,1.13,2.05,1.55,3.5,16,2,7750000,3,NY,enterprise,0,0,1,0,0,4.5,1,2222,414,747,Software,Medium
California,36.116203,-119.681564,San Francisco,ShiftPlanning,closed,2010-02-10,2011-09-02,2012-08-07,1.56,2.49,-0.11,2.49,1,2,1050000,3,CA,software,0,1,1,0,0,2.0,1,2223,569,909,Software,Low
California,37.7889383,-122.4021679,San Francisco,Loggly,operating,2009-08-01,2010-02-19,2013-09-03,0.55,4.09,2.42,4.09,11,5,34222000,3,CA,enterprise,1,0,1,1,0,2.5,1,2224,202,1494,Software,High
Massachusetts,42.352344,-71.056266,Boston,Gemvara,operating,2007-01-01,2010-04-07,2012-06-04,3.27,5.43,4.35,5.84,19,3,45200000,3,MA,ecommerce,0,0,0,1,1,2.33,1,2225,1192,1981,Software,High
Massachusetts,42.230171,-71.530106,Cambridge,MarketMeSuite,operating,2009-11-01,2011-09-22,2013-09-11,1.89,3.86,2.21,2.92,9,3,2550000,2,MA,software,1,1,1,0,0,1.0,0,2226,690,1410,Software,Medium
California,36.116203,-119.681564,San Mateo,Orbit Media,closed,2010-01-01,2010-01-01,2010-01-01,0.0,0.0,0.0,0.22,3,1,500000,2,CA,mobile,0,1,0,0,0,3.0,1,2227,0,0,software,Low
New York,40.7185614,-73.998662,New York,Mojiva,operating,2008-05-05,2008-01-01,2013-08-08,-0.34,5.26,3.66,4.53,14,6,45799999,4,NY,mobile,1,1,1,1,0,2.0,1,2228,-125,1921,software,High
California,37.7810008,-122.3955574,San Francisco,Tradeshift,operating,2009-07-01,2011-05-16,2011-10-25,1.87,2.32,3.67,4.1,16,2,24000000,2,CA,software,1,0,0,1,0,2.0,0,2229,684,846,Software,High
California,36.116203,-119.681564,San Francisco,Spreaker,operating,2009-11-01,2010-10-18,2011-09-08,0.96,1.85,-0.15,3.67,6,2,1007468,4,CA,social,0,1,0,0,0,2.0,0,2230,351,676,Software,Low
Massachusetts,42.230171,-71.530106,Wakefield,HubCast,operating,2007-01-01,2007-11-01,2012-09-28,0.83,5.75,1.33,1.33,10,2,12400000,1,MA,enterprise,0,0,1,1,0,2.0,1,2232,304,2097,Software,High
Virginia,37.769337,-78.169968,Fairfax,MeMeMe,operating,2009-03-01,2011-04-01,2012-01-01,2.08,2.84,-0.33,3.16,3,2,2131303,2,VA,mobile,1,0,1,0,0,3.0,0,2233,761,1036,software,Medium
California,36.116203,-119.681564,Mountain View,MetroGames,operating,2010-01-01,2010-03-16,2010-03-16,0.2,0.2,0.2,2.04,0,1,5000000,2,CA,games_video,0,0,1,0,0,1.0,0,2235,74,74,Software,Medium
Colorado,39.059811,-105.311104,Boulder,RoundPegg,operating,2009-05-14,2010-02-18,2013-11-21,0.77,4.53,1.82,2.64,8,5,4323042,2,CO,software,1,0,0,0,0,2.0,1,2236,280,1652,Software,Medium
Massachusetts,42.230171,-71.530106,Newton,General Compression,operating,2006-01-01,2010-02-23,2011-09-06,4.15,5.68,4.0,5.17,2,4,77490000,2,MA,cleantech,1,0,1,1,0,2.0,0,2237,1514,2074,Business,High
California,36.116203,-119.681564,San Francisco,ZipZap,operating,2010-01-01,2011-01-01,2011-01-01,1.0,1.0,2.0,2.0,10,1,1500000,1,CA,ecommerce,0,0,0,0,0,3.0,1,2238,365,365,Software,Low
California,36.116203,-119.681564,San Francisco,Librato,operating,2011-01-01,2012-10-01,2013-07-25,1.75,2.56,2.5,2.5,6,3,5825000,1,CA,software,1,1,1,0,0,2.0,1,2239,639,936,Software,Medium
Utah,40.150032,-111.862434,West Haven,CampusBookRentals,operating,2007-01-01,2011-08-02,2011-08-02,4.59,4.59,4.59,4.75,11,1,20000000,2,UT,web,0,0,1,0,0,3.0,0,2241,1674,1674,Software,High
California,37.775196,-122.419204,San Francisco,GitHub,operating,2008-02-29,2012-07-09,2012-07-09,4.36,4.36,4.88,5.62,20,1,100000000,3,CA,software,0,0,1,0,0,2.0,1,2242,1592,1592,Software,High
Virginia,37.769337,-78.169968,McLean,Mobile Posse,operating,2005-10-01,2007-12-13,2012-06-25,2.2,6.74,2.17,2.17,8,2,15000000,1,VA,advertising,0,0,0,1,1,4.5,1,2243,803,2459,Service,High
California,36.116203,-119.681564,Los Angeles,ScoreBig,operating,2009-08-01,2010-03-01,2013-09-10,0.58,4.11,1.72,3.92,17,4,31474999,2,CA,ecommerce,0,0,1,1,1,1.5,1,2244,212,1501,Software,High
Minnesota,45.694454,-93.900192,Bloomington,tenKsolar,operating,2008-01-01,2010-03-01,2013-08-08,2.16,5.61,1.0,1.0,5,5,33313675,1,MN,manufacturing,1,0,0,0,0,1.0,0,2245,790,2046,Manufacturing,High
California,36.116203,-119.681564,Burlingame,TenMarks Education,closed,2009-01-01,2009-02-26,2011-09-16,0.15,2.71,4.44,4.44,14,4,4585000,1,CA,education,1,0,0,0,0,2.0,1,2246,56,988,Service,Medium
Colorado,39.059811,-105.311104,Denver,beModel,operating,2008-08-01,2008-08-01,2009-12-01,0.0,1.33,0.0,1.8,3,4,150000,2,CO,web,0,1,0,0,0,1.0,0,2247,0,487,Software,Low
California,36.116203,-119.681564,San Mateo,BraveNewTalent,operating,2008-06-05,2010-03-01,2011-02-02,1.74,2.66,3.65,4.98,17,2,745837,3,CA,enterprise,0,1,1,0,0,1.0,1,2248,634,972,Software,Low
California,36.116203,-119.681564,Manhattan Beach,Intelligent Beauty,operating,2006-01-01,2007-09-18,2008-08-01,1.71,2.58,6.57,6.67,7,2,43000000,2,CA,ecommerce,0,0,1,1,0,1.0,1,2249,625,943,Software,High
California,36.116203,-119.681564,Santa Clara,ConteXtream,operating,2006-01-01,2007-06-01,2013-04-01,1.41,7.25,4.84,5.0,14,3,23817000,2,CA,software,1,0,1,1,0,2.5,1,2250,516,2647,Software,High
Indiana,39.849426,-86.258278,Indianapolis,TinderBox,closed,2010-01-01,2013-02-25,2013-02-25,3.15,3.15,-0.25,-0.25,3,1,1300000,1,IN,software,0,0,0,1,0,1.0,1,2251,1151,1151,Software,Low
Florida,27.766279,-81.686783,Gainesville,Bit Cauldron,operating,2008-01-01,2009-09-14,2011-10-12,1.7,3.78,1.09,1.09,1,3,1971253,1,FL,hardware,0,0,1,0,0,1.0,0,2252,622,1380,Hardware,Low
Washington DC,38.9064022,-77.0476326,Washington,HelloWallet,operating,2009-01-01,2010-03-05,2012-01-26,1.17,3.07,2.37,4.25,9,3,16150000,3,DC,software,0,0,1,1,0,2.5,1,2253,428,1120,Software,High
California,34.0126379,-118.495155,Santa Monica,Premonix,closed,2011-06-01,2010-01-28,2011-08-01,-1.34,0.17,0.5,0.5,8,3,293900,1,CA,analytics,0,1,0,0,0,1.0,0,2254,-489,61,Software,Low
Florida,27.766279,-81.686783,Gainesville,Fracture,operating,2009-01-01,2012-05-16,2013-06-03,3.37,4.42,4.19,5.25,6,2,1250000,2,FL,ecommerce,0,0,1,1,0,1.0,0,2255,1231,1614,Software,Low
California,36.116203,-119.681564,San Mateo,Keen Systems,operating,2008-01-01,2008-01-01,2012-08-09,0.0,4.61,4.22,4.61,12,4,1725000,3,CA,enterprise,0,1,0,0,0,1.0,1,2256,0,1682,Software,Low
California,36.116203,-119.681564,San Mateo,BrightEdge,operating,2007-01-01,2008-08-08,2013-06-11,1.6,6.45,1.6,6.45,13,4,61900000,3,CA,search,0,0,1,1,1,3.25,1,2257,585,2353,Software,High
Massachusetts,42.230171,-71.530106,Cambridge,Eleven Biotherapeutics,operating,2010-01-01,2010-03-09,2012-05-08,0.18,2.35,1.0,1.0,20,2,55000000,1,MA,biotech,0,0,1,0,0,2.5,1,2258,67,858,software,High
New York,42.165726,-74.948051,New York,AppFirst,operating,2009-04-01,2010-04-20,2012-12-06,1.05,3.68,1.15,3.68,10,4,15200000,3,NY,analytics,0,1,1,1,0,2.5,1,2259,384,1345,Software,High
Kansas,38.5266,-96.726486,Overland Park,SocialVolt,closed,2009-01-01,2011-01-01,2011-05-01,2.0,2.33,2.83,3.14,3,2,1315000,2,KS,software,0,1,1,0,0,1.0,0,2260,730,850,Software,Low
California,36.116203,-119.681564,San Francisco,Mixed Media Labs,operating,2009-01-01,2010-03-09,2013-08-15,1.18,4.62,2.0,3.59,5,3,7323998,2,CA,software,1,0,0,0,0,1.0,1,2261,432,1687,Software,Medium
Indiana,39.849426,-86.258278,Indianapolis,Precise Path Robotics,operating,2006-01-01,2007-01-01,2012-06-07,1.0,6.44,0.0,4.62,0,5,9360000,2,IN,transportation,1,0,0,0,0,1.0,0,2262,365,2349,Business,Medium
Oregon,44.572021,-122.070938,Portland,ActiveTrak,operating,2007-01-01,2010-03-09,2010-03-09,3.19,3.19,2.37,3.97,11,1,500000,2,OR,software,0,1,0,0,0,1.0,0,2263,1163,1163,Software,Low
New York,42.165726,-74.948051,New York,Payfone,operating,2008-01-01,2008-05-01,2013-10-18,0.33,5.8,3.28,4.0,14,4,40000000,2,NY,mobile,1,1,0,1,0,2.75,1,2264,121,2117,software,High
California,36.116203,-119.681564,Mountain View,Baydin,closed,2010-01-01,2009-09-10,2011-04-05,-0.31,1.26,1.0,3.48,4,2,393000,2,CA,messaging,0,1,0,0,0,3.5,1,2265,-113,459,Software,Low
California,36.116203,-119.681564,Summerland,FindTheBest,operating,2009-05-01,2010-12-01,2013-03-05,1.59,3.85,2.81,4.42,13,3,17000000,3,CA,search,0,0,1,1,0,1.67,1,2266,579,1404,Software,High
California,36.116203,-119.681564,Palo Alto,Boom Financial,operating,2008-01-01,2008-07-01,2012-07-18,0.5,4.55,4.55,4.55,4,4,28729469,1,CA,finance,1,0,1,0,1,1.0,1,2267,182,1660,Service,High
California,36.116203,-119.681564,Solana Beach,OneHealth Solutions,operating,2007-01-01,2010-07-28,2013-04-02,3.57,6.25,5.7,5.75,8,2,16000000,2,CA,health,0,0,1,1,0,1.0,0,2268,1304,2283,Service,High
Texas,31.054487,-97.563461,Austin,Asuragen,operating,2006-01-01,2006-06-01,2013-03-20,0.41,7.22,0.0,0.0,5,4,80000000,1,TX,biotech,1,0,1,1,0,2.5,0,2269,151,2635,software,High
New York,42.165726,-74.948051,New York,NearVerse,operating,2008-12-01,2010-04-01,2010-04-01,1.33,1.33,2.0,2.48,7,1,1000000,3,NY,mobile,0,1,0,0,0,1.0,0,2270,486,486,software,Low
New York,42.165726,-74.948051,New York,NetSpark,operating,2008-01-01,2008-01-01,2011-04-06,0.0,3.26,2.59,2.59,0,2,2000000,1,NY,enterprise,1,0,1,0,0,1.0,0,2271,0,1191,Software,Low
California,36.116203,-119.681564,Palo Alto,Triangulate,operating,2009-01-01,2010-03-15,2010-07-27,1.2,1.57,0.33,1.57,8,2,1500000,2,CA,web,1,1,0,0,0,1.5,1,2272,438,572,Software,Low
California,37.5534578,-122.3001802,San Mateo,AlienVault,operating,2007-03-07,2010-06-16,2013-09-05,3.28,6.5,5.35,6.5,14,5,62900035,2,CA,enterprise,0,0,1,1,1,3.75,1,2273,1197,2374,Software,High
Pennsylvania,40.590752,-77.209755,Conshohocken,NextDocs,operating,2006-01-01,2011-08-22,2013-09-11,5.64,7.7,4.2,7.01,11,3,28800000,3,PA,software,0,0,1,1,1,3.0,1,2275,2059,2810,Software,High
Kentucky,37.66814,-84.670067,Lexington,Done In :60 Seconds,closed,2007-02-01,2010-07-01,2010-07-01,3.41,3.41,0.0,0.0,1,1,30000,1,KY,advertising,0,0,0,0,0,1.0,0,2276,1246,1246,Service,Low
Massachusetts,42.230171,-71.530106,Boston,Jana Mobile,operating,2009-01-01,2009-10-27,2013-07-16,0.82,4.54,2.28,4.65,7,4,24175000,2,MA,mobile,1,0,1,1,0,1.0,1,2277,299,1657,software,High
Maryland,39.063946,-76.802101,Chevy Chase,mygola,operating,2009-10-02,2010-03-17,2013-10-17,0.45,4.04,-0.17,2.21,2,3,2658000,2,MD,travel,0,1,1,0,0,2.0,1,2278,166,1476,Service,Medium
Massachusetts,42.465782,-71.263856,Lexington,Promedior,operating,2006-01-01,2006-05-24,2012-10-15,0.39,6.79,6.0,6.0,16,5,57000000,1,MA,biotech,0,0,1,0,1,3.25,1,2279,143,2479,software,High
Colorado,39.059811,-105.311104,Boulder,Trada,operating,2008-09-15,2010-03-17,2013-08-07,1.5,4.9,3.15,3.31,11,4,17950000,3,CO,advertising,0,0,1,0,1,3.67,1,2280,548,1787,Service,High
New York,42.165726,-74.948051,New York,Smartling,operating,2009-01-01,2010-03-18,2013-10-09,1.21,4.77,2.78,4.75,9,3,38099998,3,NY,enterprise,0,0,1,1,1,5.67,1,2281,441,1742,Software,High
California,37.650494,-122.3919314,South San Francisco,Counsyl,operating,2008-01-01,2008-01-01,2012-09-01,0.0,4.67,4.0,5.31,17,6,65200000,2,CA,biotech,0,0,1,1,1,1.0,1,2282,0,1705,software,High
California,37.788408,-122.405412,San Francisco,AdRoll,operating,2007-03-01,2006-03-01,2012-07-11,-1.0,5.37,4.98,6.53,19,4,22999900,2,CA,advertising,1,1,1,0,0,3.5,1,2283,-365,1959,Service,High
Michigan,42.28658,-83.744037,Ann Arbor,Duo Security,operating,2010-01-01,2010-08-17,2012-08-13,0.62,2.62,2.16,2.16,5,3,6999997,1,MI,security,0,1,1,0,0,2.0,1,2284,228,955,Service,Medium
Massachusetts,42.230171,-71.530106,Concord,KnowledgeVision,operating,2010-02-01,2010-06-10,2013-11-12,0.35,3.78,0.0,0.93,3,5,8000000,2,MA,software,1,1,1,1,0,1.75,1,2285,129,1380,Software,Medium
New York,42.165726,-74.948051,New York,JIBE,operating,2010-03-22,2010-03-22,2013-10-29,0.0,3.61,1.55,3.62,14,4,20875000,3,NY,enterprise,0,1,1,1,0,4.5,1,2286,0,1317,Software,High
Rhode Island,41.680893,-71.51178,Providence,Genome,operating,2007-01-01,2007-09-26,2007-09-26,0.73,0.73,5.0,6.06,1,1,250000,2,RI,biotech,1,0,0,0,0,1.0,0,2287,268,268,software,Low
Indiana,39.849426,-86.258278,Indianapolis,ImmuneWorks,closed,2006-01-01,2007-10-30,2007-10-30,1.83,1.83,0.0,0.0,1,1,300000,1,IN,biotech,0,1,0,0,0,1.0,0,2288,667,667,software,Low
Massachusetts,42.230171,-71.530106,Boston,BostInno,closed,2011-01-01,2011-06-24,2011-06-24,0.48,0.48,0.0,0.0,1,1,1300000,1,MA,web,0,1,0,0,0,1.0,1,2289,174,174,Software,Low
Massachusetts,42.230171,-71.530106,North Billercia,Arigo,operating,2007-01-01,2007-12-01,2007-12-01,0.92,0.92,1.58,2.09,2,1,5000000,2,MA,software,0,0,1,0,0,1.0,0,2290,334,334,Software,Medium
New York,42.165726,-74.948051,New York,Workube,operating,2008-08-01,2009-01-01,2009-01-01,0.42,0.42,0.42,0.42,2,1,150000,1,NY,enterprise,0,1,0,0,0,1.0,0,2291,153,153,Software,Low
New York,42.165726,-74.948051,New York,Extension Entertainment,operating,2010-03-01,2010-05-16,2012-02-15,0.21,1.96,0.03,1.31,3,3,2750000,2,NY,web,1,1,0,0,0,3.33,1,2292,76,716,Software,Medium
New York,42.165726,-74.948051,New York,Betterment,operating,2008-08-25,2010-12-01,2012-10-03,2.27,4.11,4.11,4.45,9,2,13000000,2,NY,finance,0,0,1,1,0,4.5,1,2293,828,1500,Service,High
California,36.116203,-119.681564,Los Gatos,Calera,operating,2007-01-01,2010-03-22,2011-12-14,3.22,4.95,3.0,3.0,5,3,45500000,1,CA,cleantech,1,0,0,0,0,1.0,1,2294,1176,1808,Business,High
California,36.116203,-119.681564,Pasadena,LeisureLink,operating,2006-01-01,2007-09-25,2010-11-10,1.73,4.86,6.0,6.0,8,2,17100000,1,CA,real_estate,0,0,0,1,1,3.0,1,2295,632,1774,Business,High
California,36.116203,-119.681564,San Francisco,nScaled,operating,2009-01-01,2012-02-21,2013-02-26,3.14,4.16,0.0,0.82,3,2,8500000,2,CA,enterprise,0,0,1,0,0,1.5,1,2296,1146,1517,Software,Medium
California,36.116203,-119.681564,Sunnyvale,Aerohive Networks,operating,2006-01-01,2006-07-01,2013-07-09,0.5,7.52,1.58,7.01,11,5,84952382,3,CA,mobile,1,0,1,0,0,4.25,1,2297,181,2746,software,High
Georgia,33.840213,-84.374397,Atlanta,SocialVest,operating,2009-01-01,2010-03-24,2013-05-29,1.22,4.41,1.72,2.33,6,4,1850000,2,GA,ecommerce,1,1,1,0,0,1.0,0,2298,447,1609,Software,Low
California,36.116203,-119.681564,San Mateo,TreeRing,operating,2010-01-01,2012-09-25,2012-09-25,2.73,2.73,-0.84,-0.84,3,1,3600000,1,CA,social,0,0,1,0,0,6.0,0,2300,998,998,Software,Medium
California,36.116203,-119.681564,San Francisco,500Friends,operating,2010-01-01,2009-12-15,2013-03-12,-0.05,3.19,2.25,3.19,14,4,12900000,2,CA,enterprise,0,1,1,1,0,7.33,1,2301,-17,1166,Software,High
Arizona,33.729759,-111.431221,Scottsdale,Response Analytics,closed,2006-01-01,2007-01-23,2007-01-23,1.06,1.06,1.0,1.0,2,1,4250000,1,AZ,software,1,0,0,0,0,2.0,0,2302,387,387,Software,Medium
California,37.7923058,-122.4021273,San Francisco,"Remixation, Inc.",closed,2006-06-01,2007-07-01,2012-07-01,1.08,6.09,0.0,5.31,4,2,5580000,3,CA,games_video,1,0,1,0,0,1.0,1,2303,395,2222,Software,Medium
New York,42.165726,-74.948051,New York,Artsy,operating,2009-01-01,2010-01-01,2011-11-03,1.0,2.84,3.77,4.09,12,4,7460000,2,NY,design,0,1,1,0,0,7.33,1,2304,365,1036,Software,Medium
California,37.3929755,-122.0796396,Mountain View,Quixey,operating,2009-11-01,2011-04-07,2013-10-03,1.43,3.92,3.44,3.98,11,5,74900000,2,CA,search,0,1,1,1,1,4.75,1,2305,522,1432,Software,High
California,37.4571124,-122.1691415,Menlo Park,GoLive! Mobile,operating,2006-08-01,2006-08-01,2006-08-01,0.0,0.0,5.06,6.34,9,2,40000,2,CA,mobile,0,1,0,0,0,1.0,0,2306,0,0,software,Low
California,37.7911148,-122.3954751,San Francisco,Yola,operating,2007-03-01,2007-11-01,2009-02-17,0.67,1.97,1.29,5.53,19,2,25000000,4,CA,web,0,0,1,1,0,1.0,0,2307,245,719,Software,High
Illinois,41.8883776,-87.6365131,Chicago,Risk I/O,operating,2010-12-01,2011-02-04,2012-11-13,0.18,1.95,-0.48,2.1,14,2,6250000,4,IL,security,1,0,1,0,0,3.0,1,2308,65,713,Service,Medium
California,37.7786871,-122.4212424,San Francisco,Tripping,operating,2010-01-01,2011-07-11,2011-07-11,1.52,1.52,1.89,3.39,7,1,1000000,3,CA,travel,0,1,0,0,0,4.0,1,2309,556,556,Service,Low
California,37.7835751,-122.3959338,San Francisco,ReadyForce,operating,2010-01-01,2010-03-29,2010-03-29,0.24,0.24,0.24,1.41,28,1,12200000,2,CA,web,0,0,1,0,0,6.0,1,2310,87,87,Software,High
California,36.116203,-119.681564,Newark,Kaiam,operating,2009-01-01,2010-03-30,2013-04-26,1.24,4.32,4.25,4.25,6,4,32229479,1,CA,semiconductor,1,0,0,1,1,2.33,1,2311,453,1576,Software,High
New York,42.165726,-74.948051,New York,WhoSay,operating,2010-01-01,2010-03-31,2012-07-24,0.24,2.56,2.33,3.1,8,4,20460000,2,NY,games_video,0,0,1,1,1,1.0,1,2312,89,935,Software,High
California,36.116203,-119.681564,San Diego,Assay Depot,closed,2007-01-01,2007-10-08,2011-06-07,0.77,4.43,4.33,4.33,4,2,3500000,1,CA,biotech,0,0,1,0,0,1.0,0,2313,280,1618,software,Medium
California,36.116203,-119.681564,San Francisco,Chat Sports,operating,2011-10-01,2012-10-31,2013-03-31,1.08,1.5,1.17,1.17,11,2,1200000,1,CA,news,0,1,0,0,0,3.0,1,2314,396,547,Service,Low
California,36.116203,-119.681564,Redwood City,SalesPortal,operating,2009-01-01,2010-10-01,2011-07-01,1.75,2.5,1.31,4.0,12,2,4935000,3,CA,enterprise,0,1,1,0,0,4.0,1,2315,638,911,Software,Medium
California,37.44236,-122.161025,Palo Alto,MUBI,operating,2007-02-14,2007-08-01,2013-10-23,0.46,6.69,3.9,6.17,9,3,8245630,3,CA,games_video,1,0,1,0,1,5.5,0,2317,168,2443,Software,Medium
New York,42.165726,-74.948051,New York,OpenSky,operating,2009-01-01,2009-05-01,2011-10-01,0.33,2.75,2.48,3.16,17,5,49350000,3,NY,ecommerce,1,0,1,1,1,3.0,1,2318,120,1003,Software,High
Minnesota,45.694454,-93.900192,Minneapolis,Abe's Market,operating,2009-09-01,2010-06-29,2013-01-17,0.82,3.38,0.78,1.44,4,4,9080000,3,MN,ecommerce,1,1,1,0,0,3.0,1,2319,301,1234,Software,Medium
California,36.116203,-119.681564,Palo Alto,appbackr,operating,2010-03-05,2010-04-07,2010-07-22,0.09,0.38,0.95,2.99,9,2,650000,2,CA,mobile,0,1,0,0,0,1.0,0,2320,33,139,software,Low
California,36.116203,-119.681564,Sunnyvale,Druva,operating,2008-08-02,2010-04-07,2013-10-15,1.68,5.21,3.06,5.21,6,3,42000000,3,CA,enterprise,0,0,1,1,1,2.33,1,2321,613,1900,Software,High
California,36.9751032,-122.0253784,San Francisco,UserVoice,operating,2008-02-22,2009-05-19,2011-11-18,1.24,3.74,2.79,4.3,23,2,1800000,3,CA,software,0,0,1,1,0,8.5,1,2322,452,1365,Software,Low
California,36.116203,-119.681564,San Francisco,Tout,operating,2011-01-01,2010-12-01,2012-10-01,-0.08,1.75,1.25,1.79,16,4,24109500,3,CA,social,1,0,1,1,0,7.5,1,2323,-31,639,Software,High
California,36.116203,-119.681564,Los Angeles,Payoff.com,operating,2009-01-01,2010-04-07,2013-12-03,1.26,4.92,1.91,3.03,9,3,12800000,2,CA,finance,1,0,0,0,0,7.67,1,2324,461,1797,Service,High
California,36.116203,-119.681564,San Francisco,VideoGenie,operating,2010-03-01,2010-02-01,2011-06-09,-0.08,1.27,2.34,2.83,19,3,2350000,3,CA,advertising,0,1,1,0,0,1.33,1,2325,-28,465,Service,Medium
California,36.116203,-119.681564,Cupertino,Karmasphere,operating,2010-01-01,2010-03-24,2012-12-14,0.22,2.95,3.25,3.25,11,3,14499999,1,CA,analytics,1,0,1,1,0,2.67,1,2326,82,1078,Software,High
California,37.5646055,-122.3229235,San Mateo,Inneractive,operating,2007-05-01,2010-08-22,2012-08-07,3.31,5.27,1.05,5.27,10,2,8500000,3,CA,advertising,1,0,0,1,0,2.5,1,2327,1209,1925,Service,Medium
California,36.116203,-119.681564,Pasadena,UberMedia,operating,2010-03-01,2010-04-11,2011-10-18,0.11,1.63,1.5,2.55,13,4,26600000,3,CA,web,1,0,1,1,0,3.25,1,2328,41,596,Software,High
California,36.116203,-119.681564,santa monica,Invested.in,operating,2010-01-01,2011-12-01,2012-11-01,1.92,2.84,2.38,2.38,5,2,875000,1,CA,web,0,1,0,0,0,9.0,1,2329,699,1035,Software,Low
Pennsylvania,39.95644,-75.196171,Philadelphia,Sleep.FM,closed,2006-11-01,2008-09-30,2008-09-30,1.92,1.92,1.84,1.84,1,1,15000,1,PA,hardware,0,1,0,0,0,1.0,1,2330,699,699,Hardware,Low
California,37.684211,-121.902688,Pleasanton,ServiceMax,operating,2007-01-01,2008-11-04,2012-11-07,1.84,5.85,2.0,4.44,13,4,51000000,2,CA,enterprise,0,0,1,1,1,3.25,1,2331,673,2137,Software,High
California,36.116203,-119.681564,San Francisco,Firebase,operating,2011-09-01,2012-05-24,2013-06-20,0.73,1.8,-0.06,0.67,6,2,7000000,2,CA,enterprise,0,1,1,0,0,4.5,1,2332,266,658,Software,Medium
Michigan,43.326618,-84.536095,Jackson,Commerce Guys,closed,2008-01-01,2012-03-06,2012-03-06,4.18,4.18,4.09,4.18,5,1,5000000,2,MI,software,0,0,1,0,0,2.0,1,2333,1526,1526,Software,Medium
Ohio,40.388783,-82.764915,Akron,Blue Frog Gaming,operating,2007-03-01,2007-06-01,2010-04-13,0.25,3.12,4.42,4.42,9,2,1249990,1,OH,software,0,1,1,0,0,2.0,1,2334,92,1139,Software,Low
California,36.116203,-119.681564,Burlingame,TellApart,operating,2009-07-01,2009-07-17,2011-06-13,0.04,1.95,1.86,4.25,12,3,17750000,3,CA,analytics,0,1,1,1,0,2.67,1,2335,16,712,Software,High
California,36.116203,-119.681564,San Mateo,Datameer,operating,2009-09-01,2010-04-15,2012-09-26,0.62,3.07,3.18,3.93,13,3,17750000,3,CA,analytics,1,0,1,1,0,1.5,1,2336,226,1121,Software,High
Connecticut,41.262403,-73.135894,Shelton,Health Plan One,operating,2006-01-01,2008-04-21,2008-04-21,2.3,2.3,1.0,5.43,13,1,6500000,3,CT,web,0,0,1,0,0,5.0,1,2337,841,841,Software,Medium
New York,42.165726,-74.948051,New York,skedge.me,operating,2010-01-01,2012-03-16,2012-03-16,2.21,2.21,2.25,2.25,12,1,1600000,1,NY,software,0,0,0,0,1,1.0,0,2338,805,805,Software,Low
New York,42.165726,-74.948051,New York,LiveIntent,operating,2009-04-23,2009-12-31,2011-09-15,0.69,2.4,0.11,2.36,6,2,12600000,3,NY,advertising,0,0,1,1,0,5.0,1,2339,252,875,Service,High
Illinois,41.9028369,-87.6359125,Chicago,Pear (formerly Apparel Media Group),operating,2009-01-01,2009-12-01,2012-12-01,0.92,3.92,0.99,2.49,9,3,1815000,3,IL,advertising,0,1,1,0,0,6.0,1,2340,334,1430,Service,Low
California,36.116203,-119.681564,Santa Clara,Envis,operating,2006-01-01,2006-01-01,2006-01-01,0.0,0.0,0.0,0.0,2,1,6000000,1,CA,software,0,0,1,0,0,1.0,1,2341,0,0,Software,Medium
Michigan,43.326618,-84.536095,Royal Oak,Ambassador,closed,2010-01-01,2011-01-01,2012-02-01,1.0,2.08,1.07,3.5,10,4,18000,2,MI,software,0,1,0,0,0,1.67,1,2342,365,761,Software,Low
New York,42.165726,-74.948051,New York,Guerillapps,closed,2008-05-01,2010-12-01,2010-12-01,2.59,2.59,3.1,3.67,7,1,500000,2,NY,games_video,0,1,0,0,0,1.0,0,2343,944,944,Software,Low
Virginia,37.769337,-78.169968,Fairfax,3Pillar Global,operating,2006-08-01,2010-01-29,2013-06-06,3.5,6.85,4.8,6.59,9,4,25920000,2,VA,software,1,0,1,0,0,1.0,0,2344,1277,2501,Software,High
Texas,31.054487,-97.563461,Plano,Rethink Books,closed,2010-01-01,2010-04-21,2011-11-15,0.3,1.87,0.33,1.06,6,2,2250000,2,TX,software,0,1,1,0,0,1.0,0,2345,110,683,Software,Medium
Texas,31.054487,-97.563461,Austin,Macheen,operating,2010-01-01,2010-04-22,2012-11-29,0.3,2.91,3.25,3.25,17,4,32994995,1,TX,enterprise,1,0,1,1,0,2.33,1,2346,111,1063,Software,High
California,36.116203,-119.681564,San Francisco,Doochoo,operating,2010-01-29,2010-01-29,2012-08-01,0.0,2.51,1.76,2.59,26,3,968000,2,CA,analytics,0,1,0,0,0,3.67,0,2347,0,915,Software,Low
California,37.4491419,-122.1602389,Palo Alto,Guardtime,operating,2006-05-10,2010-04-10,2010-04-10,3.92,3.92,3.62,3.62,5,1,8000000,1,CA,software,0,0,1,0,0,4.0,1,2348,1431,1431,Software,Medium
California,36.116203,-119.681564,San Mateo,DataStax,operating,2010-03-31,2010-04-23,2013-07-23,0.06,3.32,2.76,3.55,17,5,83700000,3,CA,analytics,0,1,1,1,1,3.6,1,2350,23,1210,Software,High
California,36.116203,-119.681564,San Francisco,Revinate,operating,2009-01-01,2010-04-14,2012-07-25,1.28,3.56,4.0,4.0,2,2,15000000,1,CA,enterprise,1,0,1,0,0,2.0,1,2351,468,1301,Software,High
California,36.116203,-119.681564,Goleta,BAROnova,operating,2006-01-01,2006-01-01,2013-02-15,0.0,7.13,7.01,7.01,10,3,41300000,1,CA,medical,0,0,1,1,1,4.33,1,2352,0,2602,Service,High
California,36.116203,-119.681564,San Francisco,Planet Soho,operating,2009-01-01,2009-07-01,2012-01-10,0.5,3.02,3.95,4.67,21,4,11000000,3,CA,web,0,1,1,0,0,2.33,1,2353,181,1104,Software,Medium
Massachusetts,42.230171,-71.530106,Lexington,T2 Biosystems,operating,2006-01-01,2006-01-01,2013-03-28,0.0,7.24,4.42,5.38,20,4,83500000,2,MA,medical,1,0,0,0,1,8.0,1,2354,0,2643,Service,High
Washington,47.400902,-121.490494,Seattle,Audiosocket,operating,2008-05-01,2008-01-01,2013-05-02,-0.33,5.01,2.34,3.92,10,4,3482300,3,WA,music,1,1,1,0,0,2.0,0,2355,-121,1827,Service,Medium
Washington DC,38.8951,-77.0364,Washington,Zazuba,operating,2009-11-01,2009-11-01,2009-11-01,0.0,0.0,0.25,0.87,2,1,150000,2,DC,software,0,1,0,0,0,1.0,0,2356,0,0,Software,Low
Washington,47.400902,-121.490494,Seattle,Qliance Medical Management,operating,2006-01-01,2010-04-28,2013-10-15,4.32,7.79,6.34,6.34,4,3,20152781,1,WA,medical,1,0,0,1,0,3.5,1,2358,1578,2844,Service,High
California,36.116203,-119.681564,Santa Clara,AccelOps,operating,2007-01-01,2007-10-01,2013-04-01,0.75,6.25,6.84,6.84,16,4,26000000,2,CA,analytics,1,0,1,1,0,1.25,1,2359,273,2282,Software,High
California,37.771208,-122.418129,San Francisco,Triggit,operating,2006-10-01,2007-03-01,2013-05-16,0.41,6.63,5.6,6.28,10,5,18450000,2,CA,advertising,1,1,0,1,0,1.4,1,2360,151,2419,Service,High
New York,40.745064,-73.992637,New York,Assured Labor,operating,2008-05-01,2010-04-29,2013-04-24,1.99,4.98,3.71,5.52,6,2,6500000,2,NY,web,0,1,1,0,0,4.5,1,2361,728,1819,Software,Medium
Massachusetts,42.230171,-71.530106,Bedford,Joule Unlimited,operating,2007-01-01,2010-04-27,2013-08-20,3.32,6.64,4.34,5.0,26,3,150000000,2,MA,cleantech,0,0,0,1,1,1.0,1,2362,1212,2423,Business,High
California,36.116203,-119.681564,Culver City,Ofuz,operating,2010-01-01,2009-02-01,2009-02-01,-0.92,-0.92,0.0,0.0,1,1,250000,1,CA,software,0,1,0,0,0,1.0,0,2363,-334,-334,Software,Low
California,36.116203,-119.681564,Palo Alto,E la Carte,operating,2009-01-01,2010-07-02,2013-06-24,1.5,4.48,4.16,4.92,5,3,17500000,2,CA,hardware,1,1,0,1,0,2.33,1,2364,547,1635,Hardware,High
Illinois,41.887285,-87.6200715,Chicago,Narrative Science,operating,2010-01-01,2010-04-22,2013-09-10,0.3,3.69,0.0,2.65,8,5,22400000,2,IL,analytics,1,0,1,0,1,2.5,1,2366,111,1348,Software,High
California,36.116203,-119.681564,San Francisco,Kaggle,operating,2010-04-01,2011-11-02,2011-11-02,1.59,1.59,1.99,2.17,11,1,11000000,2,CA,analytics,0,0,1,0,0,8.0,1,2367,580,580,Software,Medium
New York,40.744545,-73.989485,New York,MeeGenius,closed,2009-04-01,2012-08-10,2013-05-14,3.36,4.12,1.9,4.34,15,2,2400000,3,NY,web,1,0,0,0,0,1.0,0,2368,1227,1504,Software,Medium
New York,40.743799,-73.984605,New York,numberFire,closed,2010-04-01,2011-06-06,2012-01-05,1.18,1.76,1.76,3.17,10,2,775000,2,NY,sports,0,1,0,0,0,3.5,1,2370,431,644,Service,Low
Texas,31.054487,-97.563461,Southlake,Corduro,operating,2008-01-01,2010-05-03,2010-05-03,2.34,2.34,3.0,3.36,2,1,3307790,3,TX,software,1,0,0,0,0,1.0,1,2372,853,853,Software,Medium
California,37.317735,-121.949417,San Jose,TraceVector,operating,2011-01-01,2010-01-01,2013-08-27,-1.0,2.65,2.0,2.0,26,4,25840000,1,CA,security,1,1,1,1,0,1.67,1,2373,-365,969,Service,High
New York,42.165726,-74.948051,New York,MyCityWay,closed,2009-11-01,2010-05-25,2011-02-25,0.56,1.32,1.32,1.32,5,2,6000000,1,NY,mobile,0,1,1,0,0,3.0,1,2374,205,481,software,Medium
California,36.116203,-119.681564,San Mateo,"Tidemark Systems, Inc.",operating,2009-01-01,2010-10-07,2013-08-01,1.76,4.58,3.08,3.08,4,2,19300000,1,CA,analytics,0,0,1,0,0,3.5,1,2375,644,1673,Software,High
California,36.116203,-119.681564,San Francisco,Alphabet Energy,operating,2009-01-01,2010-05-03,2013-03-11,1.33,4.19,1.15,4.0,16,4,31000000,3,CA,cleantech,0,1,1,1,0,2.5,1,2376,487,1530,Business,High
California,36.116203,-119.681564,San Francisco,AppDynamics,operating,2008-01-01,2008-01-01,2013-01-23,0.0,5.07,4.93,5.19,15,4,86500000,3,CA,software,0,0,1,1,1,2.75,1,2377,0,1849,Software,High
California,37.3862,-122.0826,Mountain View,Presdo,closed,2007-07-01,2007-12-01,2007-12-01,0.42,0.42,2.59,5.09,3,1,35000,2,CA,enterprise,0,1,0,0,0,1.0,0,2378,153,153,Software,Low
California,36.116203,-119.681564,San Mateo,ConnectAndSell,operating,2007-01-01,2011-02-01,2011-02-09,4.09,4.11,6.01,6.01,18,2,15000000,1,CA,enterprise,0,0,0,0,1,1.0,1,2379,1492,1500,Software,High
California,37.442453,-122.158581,Palo Alto,Flipboard,operating,2010-12-01,2010-07-20,2013-12-09,-0.37,3.02,1.41,3.02,19,4,160500000,3,CA,news,0,0,1,1,1,6.75,1,2380,-134,1104,Service,High
New York,42.165726,-74.948051,New York,Betterfly,closed,2010-01-01,2010-09-20,2013-08-21,0.72,3.64,0.8,3.64,6,3,2500000,3,NY,web,0,1,1,0,0,1.0,1,2381,262,1328,Software,Medium
California,37.412577,-121.916861,Santa Monica,TuneWiki,operating,2007-12-01,2008-04-01,2010-02-08,0.33,2.19,2.35,3.21,8,2,10000000,3,CA,music,0,0,1,1,0,3.5,1,2382,122,800,Service,Medium
Massachusetts,42.230171,-71.530106,Boston,Disruptor Beam,operating,2010-01-01,2012-05-10,2013-12-04,2.36,3.93,0.0,2.39,1,3,1570000,2,MA,games_video,1,1,0,0,0,4.0,1,2384,860,1433,Software,Low
Washington,47.273017,-120.882482,Seattle,Estately,operating,2006-12-01,2008-04-24,2010-11-03,1.4,3.93,3.93,3.93,2,2,1250000,1,WA,real_estate,0,1,0,0,0,6.0,1,2385,510,1433,Business,Low
Texas,31.054487,-97.563461,Austin,Bloomfire,operating,2010-02-08,2012-03-26,2013-05-29,2.13,3.3,1.9,3.07,6,3,20000000,3,TX,software,0,0,1,0,0,1.67,1,2387,777,1206,Software,High
New York,42.165726,-74.948051,Carmel,Direct Access Software,operating,2007-01-01,2008-12-01,2008-12-01,1.92,1.92,5.47,5.47,0,1,30000,1,NY,web,1,0,0,0,0,2.0,0,2388,700,700,Software,Low
North Carolina,35.786975,-78.647003,Raleigh,KnowledgeTree,operating,2006-05-01,2009-05-09,2012-07-09,3.02,6.19,6.19,6.19,1,2,6950000,1,NC,software,0,0,1,1,0,4.0,1,2389,1104,2261,Software,Medium
Virginia,38.926189,-77.244991,Vienna,Ringio,operating,2009-04-01,2011-12-01,2011-12-01,2.67,2.67,0.0,0.0,3,1,200000,1,VA,software,0,1,0,0,0,1.0,1,2390,974,974,Software,Low
Massachusetts,42.230171,-71.530106,Cambridge,Modo Labs,operating,2010-01-01,2010-05-11,2011-11-01,0.36,1.83,1.52,2.25,2,3,7000000,3,MA,mobile,1,0,0,0,0,2.0,1,2391,130,669,software,Medium
New York,42.165726,-74.948051,New York,Upfront Digital Media,closed,2009-01-01,2010-05-11,2011-03-16,1.36,2.2,4.25,4.25,13,2,6050000,1,NY,advertising,1,0,1,0,0,2.0,1,2392,495,804,Service,Medium
Ohio,40.388783,-82.764915,Columbus,eEvent,operating,2009-11-01,2012-03-09,2012-03-09,2.35,2.35,0.58,1.31,5,1,250000,2,OH,web,0,1,0,0,0,1.0,0,2393,859,859,Software,Low
California,36.116203,-119.681564,Palo Alto,Slice,operating,2010-01-01,2010-05-12,2013-08-23,0.36,3.64,0.0,1.81,10,3,37425999,2,CA,web,1,0,1,1,0,6.0,1,2394,131,1330,Software,High
California,36.116203,-119.681564,Palo Alto,Syapse,operating,2008-03-12,2011-01-01,2013-01-22,2.81,4.87,4.64,4.87,7,2,4600000,2,CA,enterprise,0,0,1,0,0,1.0,1,2395,1025,1777,Software,Medium
New York,42.165726,-74.948051,New York,Sprinklr,operating,2009-09-01,2012-03-07,2013-11-04,2.52,4.18,4.25,4.25,19,3,37500000,2,NY,enterprise,0,0,1,1,1,1.67,1,2396,918,1525,Software,High
Illinois,40.349457,-88.986137,Chicago,Sprout Social,operating,2010-01-01,2010-05-13,2011-02-23,0.36,1.15,0.36,3.42,8,3,11000000,3,IL,software,1,0,1,1,0,1.0,1,2397,132,418,Software,Medium
California,36.116203,-119.681564,Aliso Viejo,Sequent Medical,operating,2007-01-01,2010-05-14,2012-03-06,3.37,5.18,5.0,5.0,15,2,41600000,1,CA,medical,0,0,0,1,1,3.5,1,2398,1229,1891,Service,High
Maryland,39.063946,-76.802101,Bethesda,Telcare,operating,2008-01-01,2010-05-14,2012-08-22,2.37,4.64,2.09,2.09,6,3,28950000,1,MD,mobile,1,0,0,1,0,2.0,1,2399,864,1695,software,High
Oregon,44.572021,-122.070938,Portland,Cedexis,operating,2009-06-01,2011-08-11,2013-02-15,2.19,3.71,3.08,3.13,9,2,7000823,2,OR,enterprise,0,0,1,0,0,2.0,1,2400,801,1355,Software,Medium
New York,42.165726,-74.948051,New York,Fluidinfo,operating,2010-03-22,2009-09-01,2012-05-02,-0.55,2.12,0.18,2.03,2,3,1668735,2,NY,enterprise,1,1,1,0,0,7.0,1,2401,-202,772,Software,Low
California,36.116203,-119.681564,Santa Monica,FamilyFinds,operating,2010-03-01,2010-12-01,2010-12-01,0.75,0.75,0.63,0.85,16,1,5750000,3,CA,web,0,0,1,0,0,1.0,1,2402,275,275,Software,Medium
Pennsylvania,40.590752,-77.209755,Philadelphia,MetaLayer,closed,2011-04-01,2011-09-09,2012-09-01,0.44,1.42,1.25,1.25,4,2,45000,2,PA,analytics,0,1,0,0,0,1.0,0,2403,161,519,Software,Low
New York,42.165726,-74.948051,w. babylon,aroundtheway,operating,2009-12-12,2010-01-15,2010-01-15,0.09,0.09,0.43,0.43,2,1,275000,1,NY,other,0,1,0,0,0,2.0,0,2405,34,34,Business,Low
California,36.116203,-119.681564,San Francisco,TaskRabbit,operating,2008-01-01,2009-05-28,2012-07-23,1.41,4.56,4.17,5.89,21,6,37675000,2,CA,web,0,1,1,1,1,4.67,1,2406,513,1665,Software,High
California,36.116203,-119.681564,Santa Monica,This Week In,operating,2010-01-02,2010-05-15,2010-05-15,0.36,0.36,0.0,2.95,4,1,300000,2,CA,games_video,0,1,0,0,0,3.0,0,2407,133,133,Software,Low
Massachusetts,42.324652,-71.261267,Wellesley,Thinking Screen Media,operating,2007-01-01,2007-11-09,2010-05-07,0.85,3.35,0.0,3.33,6,4,7100000,2,MA,hardware,1,0,1,0,0,1.67,1,2408,312,1222,Hardware,Medium
California,37.3879727,-122.0515749,Mountain View,ShopSocially,operating,2009-01-01,2010-10-21,2012-06-22,1.8,3.47,1.78,3.47,5,2,1650000,3,CA,software,0,1,1,0,0,4.0,1,2409,658,1268,Software,Low
Massachusetts,42.230171,-71.530106,Cambridge,Yottaa,operating,2009-04-01,2010-08-31,2013-07-10,1.42,4.28,1.41,3.14,10,3,29000000,3,MA,consulting,0,0,1,1,1,2.67,1,2410,517,1561,Business,High
California,37.4250754,-122.1462795,Palo Alto,Trapit,operating,2010-01-01,2012-01-08,2013-06-04,2.02,3.42,0.9,3.33,6,3,9112792,2,CA,web,1,0,1,0,0,1.0,1,2411,737,1250,Software,Medium
Washington,47.400902,-121.490494,Redmond,Novel,closed,2010-05-04,2010-06-24,2012-02-09,0.14,1.77,0.71,0.71,6,3,2267282,1,WA,finance,1,0,0,0,0,2.0,0,2412,51,646,Service,Medium
New York,42.165726,-74.948051,New York,ConsumerBell,operating,2010-05-01,2011-07-30,2011-07-30,1.25,1.25,2.43,2.59,10,1,300000,2,NY,web,0,0,0,0,0,5.0,1,2413,455,455,Software,Low
California,36.116203,-119.681564,San Diego,Zeebo,operating,2007-01-01,2010-05-27,2011-08-29,3.4,4.66,4.0,4.66,3,2,25000000,2,CA,education,1,0,0,0,0,1.0,1,2414,1242,1701,Service,High
New York,42.165726,-74.948051,New York,SumZero,operating,2008-01-01,2012-09-20,2012-09-20,4.72,4.72,2.39,3.0,4,1,1000000,2,NY,finance,0,1,0,0,0,1.0,0,2416,1724,1724,Service,Low
Massachusetts,42.230171,-71.530106,Boston,Delfigo Security,operating,2008-07-28,2010-03-15,2011-02-15,1.63,2.55,0.05,0.05,2,2,1600000,1,MA,security,1,0,1,0,0,1.0,0,2418,595,932,Service,Low
California,37.7813995,-122.3913777,San Francisco,Metamarkets,operating,2010-05-01,2010-06-01,2012-04-26,0.08,1.99,1.59,3.34,14,3,23500000,2,CA,analytics,0,0,1,1,0,8.0,1,2419,31,726,Software,High
California,36.116203,-119.681564,Redwood City,PhoneTell,operating,2009-06-01,2010-05-24,2010-05-24,0.98,0.98,0.0,0.0,1,1,1000000,1,CA,mobile,0,1,0,0,0,4.0,1,2420,357,357,software,Low
California,36.116203,-119.681564,San Francisco,Perfect Escapes,operating,2006-01-01,2007-04-01,2007-04-01,1.25,1.25,0.0,0.0,1,1,2500000,1,CA,advertising,0,0,1,0,0,3.0,1,2421,455,455,Service,Medium
Virginia,37.769337,-78.169968,Mclean,TroopSwap,closed,2010-01-02,2011-06-27,2013-02-08,1.48,3.1,1.44,1.44,2,5,6748692,1,VA,web,1,1,0,0,0,2.67,1,2422,541,1133,Software,Medium
California,36.116203,-119.681564,Sherman Oaks,Ebyline,operating,2009-08-09,2010-11-08,2011-10-12,1.25,2.18,2.18,2.18,2,2,6500000,1,CA,news,0,0,1,1,0,1.0,0,2423,456,794,Service,Medium
California,37.789488,-122.397593,San Francisco,Zivity,operating,2007-01-01,2007-08-01,2008-03-08,0.58,1.18,2.42,6.31,6,2,8000000,3,CA,network_hosting,0,1,1,0,0,2.5,1,2424,212,432,Software,Medium
New York,42.165726,-74.948051,New York,JW Player,operating,2007-08-01,2012-11-02,2012-11-02,5.26,5.26,3.89,6.15,16,2,9000000,2,NY,software,1,0,0,0,0,2.0,1,2425,1920,1920,Software,Medium
New York,42.165726,-74.948051,New York,RealDirect,operating,2009-01-01,2010-01-01,2011-06-23,1.0,2.47,1.0,1.0,7,2,2650000,1,NY,real_estate,0,1,1,0,0,2.0,1,2426,365,903,Business,Medium
California,37.2791336,-121.9435668,Campbell,Panzura,operating,2008-07-01,2008-09-28,2013-06-06,0.24,4.93,4.34,4.34,20,4,58000000,1,CA,software,0,0,1,1,1,3.67,1,2427,89,1801,Software,High
New York,42.165726,-74.948051,New York,Ogmento,operating,2009-01-01,2010-05-26,2013-11-07,1.4,4.85,2.08,2.08,4,5,15047451,1,NY,games_video,1,0,1,1,0,2.0,0,2428,510,1771,Software,High
California,36.116203,-119.681564,San Francisco,Mission Motors,operating,2007-08-09,2008-10-01,2011-08-17,1.15,4.02,-0.02,4.48,5,3,14069797,2,CA,automotive,1,0,1,1,0,1.0,1,2429,419,1469,Service,High
California,34.2827556,-119.293102,Ventura,The Trade Desk,closed,2009-10-01,2010-03-23,2010-03-31,0.47,0.5,3.25,3.25,24,2,2500000,1,CA,advertising,0,1,0,0,0,3.5,1,2430,173,181,Service,Medium
Massachusetts,42.230171,-71.530106,Cambridge,Recorded Future,operating,2009-01-01,2009-07-01,2012-01-01,0.5,3.0,3.0,3.0,19,3,20900000,1,MA,analytics,0,0,1,1,1,4.0,1,2431,181,1095,Software,High
Texas,33.1496842,-96.8357035,Dallas,Traxo,operating,2008-04-01,2012-06-01,2013-10-07,4.17,5.52,1.67,4.68,6,3,11473755,2,TX,travel,0,0,1,0,0,3.0,1,2432,1522,2015,Service,High
New York,42.165726,-74.948051,New York,Cross Pixel Media,closed,2010-01-01,2010-06-02,2011-12-07,0.42,1.93,0.0,0.0,1,2,1800015,1,NY,advertising,1,0,1,0,0,1.0,0,2433,152,705,Service,Low
California,33.4979805,-117.6648999,San Juan Capistrano,Predixion Software,operating,2009-01-01,2010-06-03,2013-07-08,1.42,4.52,3.0,3.0,13,4,31800000,1,CA,software,1,0,1,1,1,3.67,1,2434,518,1649,Software,High
California,37.480067,-122.150059,MENLO PARK,Altura Medical,operating,2008-01-01,2010-06-03,2013-04-10,2.42,5.28,4.42,4.42,5,3,32000000,1,CA,medical,1,0,1,0,0,3.0,1,2435,884,1926,Service,High
Massachusetts,42.230171,-71.530106,Cambridge,Mogotest,closed,2009-12-01,2010-03-01,2010-03-01,0.25,0.25,-0.17,-0.17,2,1,12000,1,MA,software,0,1,0,0,0,1.0,1,2437,90,90,Software,Low
Massachusetts,42.230171,-71.530106,Cambridge,SocialSci,operating,2009-05-01,2010-03-01,2010-07-01,0.83,1.17,1.08,1.08,4,2,512000,1,MA,software,0,1,0,0,0,3.5,1,2438,304,426,Software,Low
California,36.116203,-119.681564,Torrance,Social Rewards,operating,2010-03-30,2012-01-31,2012-12-31,1.84,2.76,0.42,0.42,5,2,1300000,1,CA,advertising,0,1,0,0,0,3.0,1,2439,672,1007,Service,Low
Washington,47.6031634,-122.3332811,Seattle,Lighter Capital,closed,2010-06-01,2010-06-01,2010-06-01,0.0,0.0,0.02,2.34,11,1,6000000,2,WA,finance,1,0,0,0,0,2.0,1,2440,0,0,Service,Medium
New York,42.165726,-74.948051,New York,Thumb,operating,2010-05-01,2011-03-02,2013-06-05,0.84,3.1,1.67,3.16,14,3,7240578,3,NY,mobile,1,1,1,0,0,6.0,1,2441,305,1131,software,Medium
New York,42.165726,-74.948051,New York,Fabricly,operating,2010-01-01,2010-11-18,2010-11-18,0.88,0.88,0.67,0.88,3,1,400000,2,NY,ecommerce,0,1,0,0,0,1.0,0,2442,321,321,Software,Low
North Carolina,35.630066,-79.806419,Durham,Zift Solutions,operating,2006-01-01,2010-08-31,2013-05-06,4.67,7.35,-6.01,-6.01,7,3,3299999,1,NC,advertising,1,0,0,0,0,1.0,0,2443,1703,2682,Service,Medium
California,36.116203,-119.681564,San Mateo,Argyle Data,operating,2009-01-01,2010-06-08,2013-01-11,1.43,4.03,1.82,4.42,12,5,14829732,2,CA,software,1,0,1,1,1,2.25,1,2444,523,1471,Software,High
New York,42.165726,-74.948051,New York,SocialFlow,operating,2009-10-01,2010-03-01,2013-04-17,0.41,3.55,2.84,3.54,11,4,24750000,3,NY,advertising,1,1,1,1,0,5.67,1,2445,151,1294,Service,High
California,34.043486,-118.467576,LOS ANGELES,MediaPass,operating,2010-01-01,2012-01-26,2012-03-28,2.07,2.24,3.06,3.25,9,2,2250000,2,CA,advertising,0,0,0,1,0,3.0,0,2447,755,817,Service,Medium
Oregon,45.5179644,-122.6622932,Portland,Chirpify,operating,2011-07-01,2012-04-24,2013-07-31,0.82,2.08,0.63,0.92,7,3,7300000,3,OR,ecommerce,0,1,1,0,0,3.33,1,2448,298,761,Software,Medium
California,36.116203,-119.681564,Santa Monica,BeachMint,operating,2010-10-01,2010-06-14,2012-01-01,-0.3,1.25,0.01,2.76,28,4,74675009,3,CA,ecommerce,1,0,0,0,0,4.75,1,2449,-109,457,Software,High
California,36.116203,-119.681564,Los Angeles,ISBX,closed,2009-04-01,2009-12-01,2010-10-04,0.67,1.51,0.33,0.33,5,2,1750000,1,CA,mobile,0,1,0,0,0,1.0,0,2450,244,551,software,Low
California,36.116203,-119.681564,San Jose,MapR Technologies,operating,2009-01-01,2009-07-22,2013-07-29,0.55,4.58,4.84,4.84,23,4,65999993,1,CA,analytics,0,0,1,1,1,3.25,1,2451,202,1670,Software,High
Illinois,40.349457,-88.986137,Chicago,Base CRM,operating,2009-01-01,2011-02-25,2012-05-09,2.15,3.35,4.28,4.33,10,2,7900000,2,IL,software,1,0,0,1,0,3.0,1,2452,785,1224,Software,Medium
California,37.787204,-122.397884,San Francisco,Yoono,operating,2006-01-01,2006-08-01,2008-05-01,0.58,2.33,4.41,7.04,8,2,5450000,3,CA,web,0,0,1,0,0,1.0,1,2453,212,851,Software,Medium
California,36.116203,-119.681564,San Francisco,Castlight Health,operating,2008-01-01,2010-06-11,2012-05-01,2.44,4.33,4.0,4.49,22,2,160000000,2,CA,medical,0,0,0,0,1,7.0,1,2454,892,1582,Service,High
California,36.116203,-119.681564,Menlo Park,Gogobot,operating,2010-03-01,2010-06-14,2011-11-03,0.29,1.68,2.84,3.45,9,2,19000000,2,CA,travel,0,0,1,1,0,3.5,1,2455,105,612,Service,High
California,36.116203,-119.681564,South San Francisco,Veracyte,operating,2008-01-01,2010-06-11,2013-06-28,2.44,5.49,5.01,5.83,15,3,70950000,2,CA,biotech,0,0,0,1,1,3.67,1,2456,892,2005,software,High
Massachusetts,42.230171,-71.530106,Beverly,SiOnyx,operating,2006-01-01,2006-06-23,2012-04-11,0.47,6.28,5.86,5.86,12,3,20150000,1,MA,semiconductor,1,1,0,1,0,2.5,1,2457,173,2292,Software,High
Arizona,33.729759,-111.431221,Scottsdale,BuildZoom,operating,2011-03-14,2012-12-01,2013-06-25,1.72,2.28,1.07,2.0,5,2,1413000,3,AZ,real_estate,0,1,0,0,0,6.5,1,2458,628,834,Business,Low
California,36.116203,-119.681564,Burlingame,Igenica,operating,2008-01-01,2010-06-14,2012-10-01,2.45,4.75,5.01,5.01,13,3,67250000,1,CA,biotech,0,0,0,1,1,3.67,1,2459,895,1735,software,High
New York,42.165726,-74.948051,New York,Work Market,operating,2010-05-12,2011-09-01,2013-05-13,1.31,3.01,0.09,3.24,19,2,15000000,2,NY,enterprise,0,0,0,1,0,3.0,1,2460,477,1097,Software,High
Texas,33.075067,-96.823962,Plano,GodTube,operating,2007-01-01,2008-05-04,2008-05-04,1.34,1.34,0.58,3.47,3,2,32500000,3,TX,games_video,0,0,1,1,0,1.0,0,2461,489,489,Software,High
California,37.7618242,-122.3985871,San Francisco,Remind101,operating,2011-08-01,2012-01-01,2013-09-18,0.42,2.13,0.12,2.13,15,2,4500000,3,CA,mobile,0,1,1,0,0,7.5,1,2462,153,779,software,Medium
Massachusetts,42.3501711,-71.0499776,Boston,Abine,closed,2008-01-01,2011-07-12,2011-07-12,3.53,3.53,2.99,5.21,6,1,6467283,3,MA,web,0,0,1,0,0,2.0,1,2463,1288,1288,Software,Medium
California,36.116203,-119.681564,San Diego,TakeLessons,operating,2006-07-11,2006-07-01,2013-01-31,-0.03,6.56,6.48,6.48,6,3,10400000,1,CA,music,0,1,0,0,1,4.67,1,2464,-10,2396,Service,Medium
California,36.116203,-119.681564,Los Angeles,SocialEngine,operating,2007-06-01,2011-08-01,2011-08-01,4.17,4.17,5.39,5.59,3,1,12000,2,CA,software,0,1,0,0,0,1.0,1,2465,1522,1522,Software,Low
Utah,40.6358135,-111.8065925,Salt Lake City,Instructure,operating,2008-05-01,2010-03-01,2013-06-05,1.83,5.1,4.67,5.1,10,3,39100000,2,UT,enterprise,0,0,1,1,0,2.67,1,2466,669,1861,Software,High
Washington,47.1971241,-122.3213693,Puyallup,Crown in Town,closed,2009-11-01,2010-01-01,2012-09-05,0.17,2.85,2.85,2.85,4,2,130000,1,WA,social,0,1,0,0,0,1.0,0,2467,61,1039,Software,Low
Rhode Island,41.680893,-71.51178,Providence,ShapeUp,operating,2006-01-01,2010-08-16,2013-11-05,4.62,7.85,5.18,7.85,12,3,12500000,2,RI,health,0,0,1,1,0,1.67,1,2468,1688,2865,Service,High
California,36.116203,-119.681564,Irvine,GreenWave Reality,operating,2008-01-01,2010-06-17,2013-10-10,2.46,5.78,5.5,5.5,12,3,41250672,1,CA,cleantech,0,0,1,1,0,2.0,0,2469,898,2109,Business,High
Massachusetts,42.5015629,-71.2365772,Bedford,VoltDB,operating,2009-04-01,2010-09-07,2012-08-01,1.44,3.34,0.0,4.02,4,3,10590000,2,MA,analytics,1,0,0,0,0,2.0,1,2470,524,1218,Software,Medium
Arizona,33.729759,-111.431221,Scottsdale,ArmedZilla,operating,2009-09-29,2009-10-16,2011-12-30,0.05,2.25,0.0,2.79,2,2,1347000,2,AZ,social,1,1,0,0,0,1.0,0,2471,17,822,Software,Low
Massachusetts,42.230171,-71.530106,Acton,Affirmed Networks,operating,2010-01-01,2010-06-18,2013-06-05,0.46,3.43,1.01,3.0,5,5,116990000,2,MA,mobile,1,0,0,0,1,4.67,1,2472,168,1251,software,High
New York,42.165726,-74.948051,New York,Offerpop,operating,2009-01-01,2010-10-20,2012-12-17,1.8,3.96,1.47,4.67,9,4,12710091,3,NY,web,0,0,1,1,0,2.33,1,2473,657,1446,Software,High
California,36.116203,-119.681564,Redwood City,Sencha,operating,2007-04-01,2010-06-23,2011-10-24,3.23,4.57,4.07,5.38,13,2,29000000,3,CA,enterprise,0,0,1,1,0,2.5,1,2474,1179,1667,Software,High
Indiana,39.849426,-86.258278,Indianapolis,IndyGeek,operating,2009-10-30,2009-04-01,2010-01-01,-0.58,0.17,1.18,1.42,5,3,7100,2,IN,news,0,1,0,0,0,1.0,0,2475,-212,63,Service,Low
Washington DC,38.8951,-77.0364,Washington,Mashed Pixel,closed,2009-10-29,2010-06-24,2010-06-24,0.65,0.65,0.0,2.18,5,1,100000,2,DC,hardware,0,1,0,0,0,1.0,1,2476,238,238,Hardware,Low
Illinois,40.349457,-88.986137,Chicago,Local Offer Network,operating,2010-01-01,2011-03-30,2011-03-30,1.24,1.24,2.0,2.93,7,1,1500000,2,IL,advertising,0,0,1,0,0,1.0,0,2477,453,453,Service,Low
California,36.116203,-119.681564,San Francisco,CoverHound,operating,2010-05-01,2011-06-03,2013-02-08,1.09,2.78,2.78,3.09,6,3,9431488,2,CA,finance,0,1,1,0,0,1.67,1,2478,398,1014,Service,Medium
California,36.116203,-119.681564,Laguna Hills,Lonestar Heart,operating,2010-01-01,2010-06-16,2013-11-18,0.45,3.88,-4.0,-4.0,8,3,32546585,1,CA,biotech,0,0,1,1,1,1.0,0,2479,166,1417,software,High
California,37.7906027,-122.3971248,San Francisco,Wappwolf,operating,2010-07-28,2011-01-01,2012-04-01,0.43,1.68,2.18,2.39,10,2,1200000,3,CA,enterprise,0,1,0,0,0,1.0,0,2481,157,613,Software,Low
Connecticut,41.597782,-72.755371,Unionville,Fanzter,closed,2007-06-01,2008-01-01,2009-03-03,0.59,1.76,0.93,2.07,6,2,4000000,3,CT,web,0,0,1,1,0,3.0,1,2482,214,641,Software,Medium
California,36.116203,-119.681564,San Francisco,Work4,operating,2010-01-01,2012-09-13,2012-09-13,2.7,2.7,2.7,3.67,18,1,11000000,2,CA,social,0,0,1,0,0,1.0,1,2483,986,986,Software,Medium
California,36.116203,-119.681564,Carlsbad,Rule.,closed,2009-05-15,2011-04-18,2011-04-18,1.93,1.93,1.05,1.3,3,1,500000,2,CA,enterprise,0,1,0,0,0,1.0,0,2484,703,703,Software,Low
California,36.116203,-119.681564,Palo Alto,DudaMobile,operating,2009-04-23,2010-01-01,2013-04-08,0.69,3.96,3.96,3.96,9,3,18600000,2,CA,mobile,0,0,0,1,1,4.33,1,2485,253,1446,software,High
New Jersey,40.298904,-74.521011,Bridgewater,Valeritas,operating,2006-01-01,2011-09-12,2013-06-04,5.7,7.43,0.67,0.67,19,2,250000000,1,NJ,biotech,0,0,0,0,1,8.0,1,2486,2080,2711,software,High
Massachusetts,42.230171,-71.530106,Boston,MediaSilo,closed,2008-01-01,2013-01-23,2013-01-23,5.07,5.07,5.01,5.01,5,1,2250000,1,MA,software,0,0,1,0,0,1.0,0,2487,1849,1849,Software,Medium
Texas,31.054487,-97.563461,Austin,aDealio,operating,2010-04-01,2011-03-01,2011-08-22,0.92,1.39,0.0,0.0,3,2,1500000,1,TX,ecommerce,1,1,0,0,0,5.0,1,2488,334,508,Software,Low
California,36.116203,-119.681564,Sunnyvale,Adesto Technologies,operating,2006-01-01,2010-06-29,2013-02-14,4.49,7.13,5.0,5.0,15,5,40981909,1,CA,semiconductor,1,0,0,0,1,3.0,1,2489,1640,2601,Software,High
California,36.116203,-119.681564,San Francisco,Gizmo.com,operating,2011-03-01,2011-03-01,2011-11-01,0.0,0.67,-0.52,0.75,9,2,340000,3,CA,enterprise,1,1,0,0,0,7.0,1,2490,0,245,Software,Low
California,37.371908,-122.111711,Los Altos,Talend,operating,2005-09-01,2006-06-01,2013-12-11,0.75,8.28,8.09,8.28,20,6,101580000,2,CA,analytics,1,0,1,1,1,2.5,1,2491,273,3023,Software,High
California,37.558245,-122.302654,San Mateo,SnapLogic,operating,2006-01-01,2007-05-22,2012-09-19,1.39,6.72,5.32,6.72,17,4,34800000,3,CA,enterprise,0,0,1,1,1,2.67,1,2492,506,2453,Software,High
Nevada,38.313515,-117.055374,Las Vegas,Teamly,operating,2010-03-01,2013-02-06,2013-02-06,2.94,2.94,2.09,2.09,5,1,250000,1,NV,enterprise,0,1,0,0,0,1.0,0,2494,1073,1073,Software,Low
Massachusetts,42.230171,-71.530106,Boston,Zerto,operating,2009-01-01,2010-01-31,2013-04-04,1.08,4.26,4.25,4.25,6,4,34200000,1,MA,enterprise,1,1,0,1,1,2.5,1,2495,395,1554,Software,High
California,36.116203,-119.681564,San Francisco,DoubleDutch,operating,2011-01-01,2010-09-14,2013-09-25,-0.3,2.73,1.58,2.29,12,5,17400000,2,CA,mobile,1,1,0,1,1,4.6,1,2496,-109,998,software,High
California,36.116203,-119.681564,San Francisco,Maven,operating,2008-02-01,2010-07-06,2012-07-01,2.43,4.42,1.16,2.58,4,2,3000000,2,CA,consulting,0,1,1,0,0,1.0,0,2497,886,1612,Business,Medium
Massachusetts,42.230171,-71.530106,Burlington,AlloCure,operating,2008-01-01,2011-10-13,2012-04-02,3.78,4.25,4.0,4.0,9,2,26500000,1,MA,biotech,0,0,0,1,0,3.0,1,2498,1381,1553,software,High
California,36.116203,-119.681564,San Francisco,Taskforce,operating,2010-07-01,2009-06-14,2011-01-01,-1.05,0.5,-0.31,1.05,5,3,50000,3,CA,messaging,1,1,0,0,0,2.0,1,2499,-382,184,Software,Low
California,36.116203,-119.681564,San Francisco,Scality,operating,2010-02-01,2010-01-01,2013-07-09,-0.08,3.44,1.07,1.07,14,4,35000000,1,CA,software,1,0,1,1,1,4.0,1,2500,-31,1254,Software,High
New Jersey,40.298904,-74.521011,Egg Harbor Township,Axilogix Education,operating,2009-01-01,2011-09-12,2011-09-12,2.7,2.7,4.16,4.16,0,1,47628902,1,NJ,software,1,0,0,0,0,2.0,0,2501,984,984,Software,High
Maryland,39.063946,-76.802101,Chevy Chase,WeddingWire Inc,operating,2006-01-01,2007-02-01,2012-09-26,1.08,6.74,5.53,7.01,17,4,31065000,2,MD,web,0,1,1,1,0,1.0,0,2502,396,2460,Software,High
Massachusetts,42.3474854,-71.090995,Boston,AwarenessHub,operating,2009-01-01,2007-07-23,2012-06-29,-1.45,3.49,-1.39,4.52,4,4,21948190,4,MA,software,1,0,1,1,0,2.0,1,2503,-528,1275,Software,High
California,36.116203,-119.681564,San Mateo,Juice In The City,closed,2010-01-01,2011-06-02,2011-06-02,1.42,1.42,1.42,1.64,1,1,6000000,2,CA,web,0,0,0,0,0,1.0,0,2504,517,517,Software,Medium
Tennessee,35.747845,-86.692345,Nashville,GOBA,operating,2009-10-20,2010-05-27,2011-10-27,0.6,2.02,0.2,2.04,1,2,1377104,3,TN,mobile,1,1,0,0,0,1.0,0,2505,219,737,software,Low
Pennsylvania,40.590752,-77.209755,Pittsburgh,Shoefitr,operating,2010-01-01,2010-05-31,2011-10-28,0.41,1.82,2.25,2.25,2,2,1230000,1,PA,software,1,0,0,0,0,1.5,1,2506,150,665,Software,Low
California,37.3905676,-122.0813146,Mountain View,Dakwak,operating,2009-10-25,2013-05-01,2013-05-01,3.52,3.52,0.72,3.97,1,1,600000,2,CA,software,0,1,0,0,0,6.0,1,2508,1284,1284,Software,Low
California,37.7829746,-122.4079619,San Francisco,GinzaMetrics,closed,2010-05-01,2010-05-01,2011-10-01,0.0,1.42,3.08,3.1,6,3,1714000,2,CA,enterprise,0,1,0,0,0,1.67,1,2509,0,518,Software,Low
Missouri,38.456085,-92.288368,Clayton,Norse,operating,2010-04-10,2011-09-01,2013-12-12,1.39,3.68,2.33,2.86,7,3,13550000,2,MO,security,0,1,1,0,0,1.0,1,2510,509,1342,Service,High
Texas,29.7278052,-95.4311771,Houston,RecycleMatch,operating,2009-07-10,2010-05-01,2010-10-15,0.81,1.27,0.15,1.57,4,2,620000,3,TX,enterprise,0,1,0,0,0,1.0,0,2511,295,462,Software,Low
Massachusetts,42.230171,-71.530106,Cambridge,GrabCAD,operating,2009-01-01,2010-01-01,2012-10-16,1.0,3.79,2.22,4.88,8,6,13618794,3,MA,web,0,1,1,1,0,3.0,1,2512,365,1384,Software,High
New York,42.165726,-74.948051,New York,Crowdtap,operating,2011-03-01,2009-08-01,2011-07-27,-1.58,0.41,0.5,1.14,11,2,10000000,3,NY,advertising,0,0,1,0,0,2.5,1,2513,-577,148,Service,Medium
California,36.116203,-119.681564,Cerritos,Farfetch,operating,2007-01-01,2010-07-09,2013-03-03,3.52,6.17,6.01,6.17,7,3,42500000,2,CA,fashion,0,0,1,1,1,2.33,1,2514,1285,2253,Business,High
Colorado,39.059811,-105.311104,Lone Tree,ShadesCases inc.,operating,2007-01-01,2007-06-01,2007-06-01,0.41,0.41,3.47,3.47,3,2,110000,1,CO,hardware,0,1,0,0,0,1.0,0,2515,151,151,Hardware,Low
California,37.7880786,-122.4012878,San Francisco,Optimizely,operating,2010-01-01,2009-12-15,2013-04-16,-0.05,3.29,1.75,3.87,29,4,31200000,3,CA,software,0,1,1,0,0,8.0,1,2516,-17,1201,Software,High
Oregon,44.572021,-122.070938,Portland,CPUsage,operating,2011-08-01,2013-09-10,2013-09-10,2.11,2.11,0.42,2.27,10,1,925000,3,OR,enterprise,1,0,0,0,0,4.0,1,2518,771,771,Software,Low
Texas,31.054487,-97.563461,Austin,TabbedOut,operating,2009-06-24,2010-01-12,2013-10-04,0.55,4.28,1.28,2.85,10,5,17510353,3,TX,hospitality,0,1,1,1,0,2.0,1,2519,202,1563,Service,High
California,36.116203,-119.681564,San Francisco,PiCloud,closed,2009-01-01,2010-11-08,2010-11-08,1.85,1.85,4.45,4.45,3,1,1400000,1,CA,enterprise,0,1,0,0,0,5.0,1,2520,676,676,Software,Low
California,37.784027,-122.3919278,San Francisco,BranchOut,operating,2010-07-01,2010-09-17,2012-04-19,0.21,1.8,3.18,3.27,21,3,49000000,3,CA,mobile,0,0,1,1,1,8.33,1,2521,78,658,software,High
California,36.116203,-119.681564,Sunnyvale,Scifiniti.com,operating,2007-01-01,2010-03-30,2012-11-02,3.24,5.84,3.16,3.16,1,3,14563565,1,CA,cleantech,0,0,1,1,1,4.0,1,2522,1184,2132,Business,High
South Carolina,33.856892,-80.945007,North Charleston,PeopleMatter,operating,2009-09-01,2010-02-08,2013-10-28,0.44,4.16,0.86,3.51,1,5,63400000,2,SC,enterprise,1,0,0,1,1,4.0,1,2523,160,1518,Software,High
California,34.433463,-119.863565,Goleta,Appfolio,operating,2006-01-01,2008-06-01,2009-08-18,2.42,3.63,5.0,6.8,8,2,30000000,2,CA,real_estate,1,0,0,1,0,2.5,1,2524,882,1325,Business,High
Massachusetts,42.230171,-71.530106,Waltham,Actifio,operating,2009-07-01,2010-07-21,2013-03-06,1.05,3.68,2.43,2.78,9,4,107500000,3,MA,enterprise,0,0,1,1,1,3.25,1,2525,385,1344,Software,High
California,36.116203,-119.681564,San Mateo,SecretBuilders,operating,2007-01-01,2010-03-26,2010-03-26,3.23,3.23,0.0,3.96,1,1,2300000,2,CA,games_video,1,0,0,0,0,2.0,1,2526,1180,1180,Software,Medium
Florida,28.1229234,-82.5023401,Tampa,SiteWit,operating,2011-01-01,2007-03-01,2013-06-16,-3.84,2.46,1.58,1.58,4,2,2325000,1,FL,search,0,1,1,0,0,1.0,0,2527,-1402,897,Software,Medium
Washington,47.645399,-122.325506,Seattle,Moseo (SeniorHomes.com),operating,2009-01-01,2010-03-12,2011-07-26,1.19,2.56,1.34,3.0,6,3,5700000,2,WA,web,0,0,1,1,0,1.67,1,2528,435,936,Software,Medium
Georgia,33.040619,-83.643074,Atlanta,OpenStudy,closed,2008-11-01,2008-01-01,2008-01-01,-0.84,-0.84,2.54,3.87,7,1,1270000,3,GA,education,0,1,0,0,0,1.0,0,2529,-305,-305,Service,Low
Indiana,39.849426,-86.258278,Carmel,PolicyStat,closed,2006-01-01,2010-03-11,2012-06-22,4.19,6.48,5.36,5.36,2,2,2580000,1,IN,software,1,1,0,0,0,1.0,0,2530,1530,2364,Software,Medium
California,37.7820817,-122.3957478,San Francisco,Plum District,operating,2009-01-01,2010-07-22,2011-12-08,1.55,2.93,4.0,4.45,19,3,30600000,2,CA,web,0,0,1,0,1,2.0,1,2531,567,1071,Software,High
California,37.7654195,-122.4119381,San Francisco,TuneUp,operating,2007-08-01,2009-05-19,2011-02-17,1.8,3.55,2.92,5.14,18,4,15600000,4,CA,music,1,0,1,0,1,1.67,1,2532,657,1296,Service,High
Texas,31.054487,-97.563461,Austin,Callvine,closed,2011-04-01,2010-02-01,2010-02-01,-1.16,-1.16,0.0,1.46,6,1,4000000,2,TX,mobile,0,0,1,0,0,1.0,0,2533,-424,-424,software,Medium
New York,42.165726,-74.948051,New York,Petflow,operating,2010-01-01,2010-11-09,2011-07-06,0.85,1.51,0.85,3.0,12,2,15000000,3,NY,pets,0,0,1,1,0,1.0,1,2534,312,551,Service,High
California,36.116203,-119.681564,San Francisco,ClearSlide,operating,2009-10-07,2010-07-01,2012-08-29,0.73,2.9,3.4,3.41,13,3,39000000,2,CA,enterprise,0,1,1,1,0,2.33,1,2535,267,1057,Software,High
California,36.116203,-119.681564,San Francisco,Convoke Systems,operating,2006-01-01,2010-07-26,2010-07-26,4.57,4.57,4.5,4.5,6,1,5500000,1,CA,software,0,0,0,1,0,2.0,1,2536,1667,1667,Software,Medium
New York,42.165726,-74.948051,New York,Fast Society,operating,2009-08-01,2010-11-01,2010-11-01,1.25,1.25,1.17,1.68,7,1,275000,2,NY,messaging,0,1,0,0,0,3.0,1,2537,457,457,Software,Low
Florida,27.766279,-81.686783,Orlando,Kony,operating,2007-01-01,2011-01-18,2013-06-25,4.05,6.48,5.64,6.25,15,4,58399979,3,FL,mobile,0,0,1,0,1,1.67,1,2538,1478,2367,software,High
New York,42.165726,-74.948051,New York,TrustCloud,operating,2009-10-01,2010-01-01,2010-01-01,0.25,0.25,2.34,2.34,4,1,500000,1,NY,enterprise,0,1,0,0,0,1.0,0,2539,92,92,Software,Low
Illinois,37.7867392,-122.4013875,Chicago,Rapleaf,operating,2006-01-01,2006-06-01,2011-09-06,0.41,5.68,4.38,7.09,16,4,16000000,3,IL,messaging,1,1,0,1,0,4.33,1,2540,151,2074,Software,High
California,36.116203,-119.681564,Mountain View,Victrio,closed,2008-01-01,2010-12-14,2010-12-14,2.95,2.95,3.0,3.0,11,1,5000000,1,CA,enterprise,0,0,1,0,0,1.0,1,2541,1078,1078,Software,Medium
California,37.434762,-122.143074,Palo Alto,Farmigo,operating,2009-08-01,2009-08-01,2012-07-01,0.0,2.92,0.0,3.36,2,2,10000000,3,CA,hospitality,0,0,1,1,0,1.0,0,2542,0,1065,Service,Medium
Pennsylvania,40.590752,-77.209755,Philadelphia,Zagster,closed,2007-11-01,2010-07-01,2012-10-18,2.67,4.97,4.17,5.17,8,6,1363000,2,PA,transportation,1,1,0,0,0,2.5,1,2543,973,1813,Business,Low
California,37.7935929,-122.4027868,San Francisco,Kanjoya,operating,2007-01-01,2007-02-15,2013-11-05,0.12,6.85,4.09,6.01,19,6,13523541,3,CA,advertising,0,1,1,1,1,1.67,1,2544,45,2500,Service,High
California,37.445667,-122.166911,Palo Alto,Mozes,operating,2005-06-03,2007-02-22,2008-05-01,1.72,2.91,2.58,7.28,14,2,17300000,4,CA,mobile,0,0,1,1,0,2.5,1,2545,629,1063,software,High
New York,42.165726,-74.948051,New York,Source4Style,closed,2010-01-01,2012-07-17,2012-07-17,2.54,2.54,-0.25,-0.25,4,1,500000,1,NY,fashion,0,0,1,0,0,3.0,1,2546,928,928,Business,Low
California,36.116203,-119.681564,San Francisco,MyVerse,operating,2010-03-19,2010-07-30,2010-07-30,0.36,0.36,0.15,0.15,2,1,400000,1,CA,web,0,1,0,0,0,2.0,0,2547,133,133,Software,Low
Washington,47.400902,-121.490494,Seattle,ADOR,operating,2009-02-01,2010-07-06,2013-10-31,1.42,4.75,3.67,4.42,22,5,56464869,2,WA,news,1,0,0,1,1,3.0,1,2548,520,1733,Service,High
New York,42.165726,-74.948051,New York,Profitably,closed,2010-03-01,2010-08-02,2012-12-21,0.42,2.81,0.84,1.39,5,3,1488888,3,NY,web,0,1,1,1,0,4.0,1,2549,154,1026,Software,Low
California,36.116203,-119.681564,San Francisco,Kiip,operating,2010-07-13,2010-10-28,2013-08-15,0.29,3.09,3.14,3.38,14,4,15300000,3,CA,mobile,1,1,1,1,0,4.5,1,2550,107,1129,software,High
Ohio,40.388783,-82.764915,Cleveland,Explorys,operating,2009-01-01,2010-08-02,2011-05-10,1.58,2.35,0.67,0.67,2,2,14050000,1,OH,enterprise,0,0,0,1,1,1.0,1,2551,578,859,Software,High
California,36.116203,-119.681564,San Francisco,FutureAdvisor,operating,2010-01-01,2010-01-01,2012-08-22,0.0,2.64,2.0,2.22,1,3,5000000,2,CA,finance,1,1,1,0,0,1.5,1,2552,0,964,Service,Medium
Colorado,39.059811,-105.311104,Boulder,SolidFire,operating,2010-01-01,2010-08-04,2013-07-25,0.59,3.56,1.09,3.0,22,4,68035000,2,CO,enterprise,1,0,1,1,1,3.0,1,2553,215,1301,Software,High
California,36.116203,-119.681564,San Francisco,Stipple,operating,2010-01-01,2010-11-18,2012-12-14,0.88,2.95,0.7,3.81,9,4,14379000,3,CA,advertising,1,0,1,0,0,6.5,1,2554,321,1078,Service,High
Tennessee,35.747845,-86.692345,Nashville,ProviderTrust,operating,2010-07-02,2010-07-02,2012-05-01,0.0,1.83,0.23,0.23,3,3,550000,1,TN,software,1,1,1,0,0,1.0,0,2555,0,669,Software,Low
New York,40.706206,-74.012448,New York,Global Grind,operating,2007-01-01,2006-09-01,2009-10-07,-0.33,2.77,5.0,6.92,20,3,7100000,4,NY,music,1,0,1,1,0,1.0,1,2556,-122,1010,Service,Medium
Massachusetts,42.3646383,-71.0620037,Boston,Embedly,operating,2010-01-07,2010-01-01,2012-03-22,-0.02,2.21,1.42,1.42,2,4,1020000,1,MA,web,0,1,1,0,0,3.33,1,2557,-6,805,Software,Low
Washington,47.400902,-121.490494,Seattle,Korrio,operating,2009-01-01,2010-08-05,2012-09-04,1.59,3.68,2.67,2.67,11,3,11217240,1,WA,web,1,0,1,0,0,1.0,1,2558,581,1342,Software,Medium
New York,42.165726,-74.948051,New York,Adaptly,operating,2010-04-14,2010-10-01,2012-05-09,0.47,2.07,2.13,2.72,8,3,13200000,3,NY,advertising,0,1,1,1,0,4.0,1,2559,170,756,Service,High
Washington,47.400902,-121.490494,Seattle,SPARQ,operating,2010-01-01,2010-08-06,2013-06-26,0.59,3.48,0.93,0.93,2,3,1702320,1,WA,mobile,0,1,1,0,0,5.0,1,2560,217,1272,software,Low
California,37.787249,-122.3990501,San Francisco,Empower Interactive,operating,2009-01-01,2006-03-18,2006-03-18,-2.79,-2.79,3.0,3.0,6,1,18000000,1,CA,health,0,0,0,0,0,5.0,1,2561,-1020,-1020,Service,High
California,36.116203,-119.681564,San Francisco,ContextLogic,closed,2010-06-23,2011-03-03,2012-01-25,0.69,1.59,0.32,1.25,12,2,1700000,3,CA,web,0,1,0,0,0,6.5,1,2562,253,581,Software,Low
California,36.116203,-119.681564,Irvine,BlueCava,operating,2010-01-01,2010-10-18,2013-07-17,0.79,3.54,1.81,3.33,17,6,31257259,2,CA,advertising,1,0,1,1,1,1.0,1,2563,290,1293,Service,High
Kentucky,37.66814,-84.670067,Louisville,Keepio,closed,2010-02-01,2011-08-01,2011-08-01,1.5,1.5,1.73,2.5,4,1,255000,2,KY,web,0,1,0,0,0,4.0,0,2564,546,546,Software,Low
California,37.788796,-122.40971,San Francisco,BoostCTR,operating,2009-01-01,2011-03-14,2013-08-06,2.2,4.6,4.58,4.68,10,4,11640000,2,CA,advertising,0,0,1,1,0,3.5,1,2565,802,1678,Service,High
Pennsylvania,40.590752,-77.209755,Pittsburgh,Levlr,operating,2010-01-01,2010-06-01,2010-06-01,0.41,0.41,1.08,1.08,3,1,25000,1,PA,software,0,1,0,0,0,1.0,0,2566,151,151,Software,Low
California,37.775196,-122.419204,San Francisco,Stitcher,operating,2008-01-01,2008-01-01,2011-09-21,0.0,3.72,2.38,4.61,12,3,18700000,3,CA,mobile,0,0,1,1,1,2.67,1,2567,0,1359,software,High
California,36.116203,-119.681564,San Mateo,scrible,operating,2010-01-01,2011-05-05,2011-05-05,1.34,1.34,1.34,1.34,2,1,500000,1,CA,enterprise,0,0,0,0,0,1.0,1,2568,489,489,Software,Low
New York,42.165726,-74.948051,New York,Grovo,operating,2010-07-01,2011-09-02,2013-07-17,1.17,3.05,1.56,2.67,8,2,7023992,2,NY,web,0,0,1,0,0,2.5,1,2569,428,1112,Software,Medium
California,36.116203,-119.681564,La Jolla,BUMP Network,operating,2009-06-01,2010-05-04,2013-06-26,0.92,4.07,3.17,3.84,23,4,8500000,2,CA,analytics,1,0,1,1,0,3.0,1,2570,337,1486,Software,Medium
Massachusetts,42.230171,-71.530106,Newton,Activate Networks,operating,2010-08-09,2010-08-09,2012-11-13,0.0,2.27,2.23,2.23,15,3,16000000,1,MA,analytics,0,0,1,1,0,2.0,0,2572,0,827,Software,High
California,36.116203,-119.681564,Santa Monica,I Just Shared,operating,2010-08-06,2010-11-01,2010-11-01,0.24,0.24,0.24,0.24,6,1,200000,1,CA,social,0,1,0,0,0,2.0,0,2573,87,87,Software,Low
New York,42.165726,-74.948051,Saratoga Springs,Chequed.com,operating,2008-10-01,2009-01-01,2013-05-30,0.25,4.66,3.42,3.42,10,3,2400000,1,NY,software,0,1,0,1,0,1.5,0,2574,92,1702,Software,Medium
New York,42.165726,-74.948051,New York,Send the Trend,closed,2010-08-01,2011-05-02,2011-05-02,0.75,0.75,1.5,1.56,4,1,3000000,2,NY,ecommerce,0,0,1,0,0,1.0,1,2575,274,274,Software,Medium
Massachusetts,42.3589481,-71.0563699,Boston,Nanigans,operating,2010-01-01,2011-08-09,2013-04-23,1.6,3.31,2.42,3.49,17,2,8850000,3,MA,advertising,0,0,1,0,0,1.0,1,2576,585,1208,Service,Medium
Illinois,40.349457,-88.986137,Chicago,BrightTag,operating,2009-09-01,2010-08-25,2013-11-15,0.98,4.21,2.33,3.17,13,4,50000000,3,IL,enterprise,1,0,1,0,1,4.75,1,2577,358,1536,Software,High
Massachusetts,42.3677909,-71.0897233,Cambridge,Visterra,operating,2007-01-01,2010-08-10,2013-12-02,3.61,6.92,5.0,5.0,14,3,40199699,1,MA,biotech,0,0,1,0,0,4.33,1,2578,1317,2527,software,High
California,37.375366,-121.969478,Santa Clara,Ciespace,operating,2010-01-01,2010-08-10,2013-01-04,0.61,3.01,3.0,3.0,9,2,6000000,1,CA,software,0,1,1,0,0,2.0,1,2579,221,1099,Software,Medium
California,36.116203,-119.681564,San Francisco,MindSnacks,operating,2010-05-01,2011-03-09,2012-08-02,0.85,2.26,1.84,2.64,13,2,7700000,2,CA,games_video,1,0,0,0,0,7.0,1,2580,312,824,Software,Medium
Minnesota,45.004089,-93.250179,Minneapolis,BusinessCard2,operating,2006-08-01,2007-01-01,2009-08-17,0.42,3.05,4.09,4.09,3,3,1700000,1,MN,web,1,1,0,0,0,1.0,0,2581,153,1112,Software,Low
California,34.0815238,-118.3826743,Los Angeles,SocialVibe,operating,2007-01-01,2007-12-01,2011-03-22,0.92,4.22,3.02,6.33,26,4,43850000,3,CA,advertising,0,0,1,1,1,2.0,1,2582,334,1541,Service,High
California,36.116203,-119.681564,Redwood City,Booshaka,operating,2010-06-01,2012-07-25,2012-07-25,2.15,2.15,0.0,2.15,1,1,1000000,2,CA,advertising,0,0,1,0,0,8.0,1,2583,785,785,Service,Low
Massachusetts,42.230171,-71.530106,Cambridge,Metamark Genetics,operating,2007-01-01,2010-08-13,2012-11-15,3.62,5.88,3.97,3.97,15,3,44109287,1,MA,biotech,0,0,0,1,0,1.0,0,2584,1320,2145,software,High
California,36.116203,-119.681564,San Francisco,Gamify,operating,2010-02-10,2012-06-15,2012-06-15,2.35,2.35,2.3,2.47,3,1,240000,3,CA,games_video,0,1,0,0,0,3.0,0,2585,856,856,Software,Low
Illinois,40.349457,-88.986137,Chicago,SocialKaty,operating,2010-08-16,2012-04-12,2012-04-12,1.66,1.66,-0.04,-0.04,3,1,300000,1,IL,advertising,0,0,1,0,0,1.0,1,2586,605,605,Service,Low
California,36.116203,-119.681564,San Francisco,Hipmunk,operating,2010-01-01,2010-08-17,2012-06-12,0.62,2.45,0.83,3.58,6,4,20215000,3,CA,travel,0,1,1,1,0,5.0,1,2587,228,893,Service,High
Massachusetts,42.230171,-71.530106,Cambridge,Genocea Biosciences,operating,2006-01-01,2011-01-03,2013-10-15,5.01,7.79,5.09,6.0,20,3,65400000,2,MA,biotech,0,1,0,1,1,9.5,1,2588,1828,2844,software,High
California,36.116203,-119.681564,San Francisco,eThor.com,operating,2010-10-01,2009-01-01,2013-04-29,-1.75,2.58,1.34,1.34,5,4,2288900,1,CA,ecommerce,0,1,0,0,0,1.0,0,2589,-638,941,Software,Medium
Massachusetts,42.230171,-71.530106,Waltham,SavingStar,operating,2010-06-01,2010-08-19,2013-04-05,0.22,2.85,1.75,2.85,10,4,27400000,2,MA,advertising,0,0,1,1,1,4.75,1,2590,79,1039,Service,High
New York,42.165726,-74.948051,New York,Aristotle Circle,operating,2009-08-01,2010-08-19,2011-04-19,1.05,1.72,2.5,2.58,7,2,2450000,2,NY,education,0,0,1,1,0,1.5,1,2591,383,626,Service,Medium
Massachusetts,42.230171,-71.530106,Needham,Visual IQ,operating,2006-01-01,2010-08-20,2012-06-25,4.64,6.48,6.48,7.01,7,2,15000000,2,MA,software,0,0,1,1,0,1.0,0,2592,1692,2367,Software,High
Colorado,39.059811,-105.311104,Denver,Welltok,operating,2009-01-01,2011-08-24,2013-04-10,2.64,4.27,1.75,4.27,5,3,25827288,3,CO,health,1,0,1,1,0,6.0,1,2593,965,1560,Service,High
Massachusetts,42.230171,-71.530106,Cambridge,Anchor Therapeutics,operating,2006-01-01,2010-08-20,2010-08-20,4.64,4.64,4.69,6.0,11,1,10000000,2,MA,biotech,0,0,0,1,0,3.0,1,2594,1692,1692,software,Medium
California,36.116203,-119.681564,Redwood City,picaboo,operating,2006-01-01,2006-08-29,2009-06-07,0.66,3.43,-0.17,7.5,5,2,2950000,2,CA,ecommerce,0,1,0,1,0,3.5,1,2595,240,1253,Software,Medium
California,37.3834395,-122.0130457,Sunnyvale,UsTrendy,operating,2008-01-01,2011-05-06,2011-05-06,3.35,3.35,3.12,3.12,4,1,1000000,1,CA,fashion,1,0,0,0,0,1.0,0,2596,1221,1221,Business,Low
Illinois,40.349457,-88.986137,Chicago,FanFueled,closed,2010-01-01,2011-11-15,2013-02-01,1.87,3.09,2.0,2.0,5,3,1100000,1,IL,advertising,0,1,0,0,0,1.5,1,2597,683,1127,Service,Low
California,37.7726402,-122.4099154,San Francisco,Zoosk,operating,2007-11-01,2007-11-01,2012-01-01,0.0,4.17,3.12,5.01,15,5,61600000,4,CA,social,0,0,1,1,1,3.0,1,2598,0,1522,Software,High
North Carolina,35.630066,-79.806419,Raleigh,6fusion,operating,2008-01-01,2010-08-23,2013-07-25,2.64,5.57,0.0,3.64,2,3,12750000,2,NC,enterprise,0,0,1,1,0,1.5,1,2599,965,2032,Software,High
California,36.116203,-119.681564,San Francisco,Chartio,operating,2010-06-01,2010-06-01,2011-10-31,0.0,1.42,0.23,1.5,6,2,4440000,2,CA,analytics,0,1,1,0,0,7.5,1,2600,0,517,Software,Medium
New York,42.165726,-74.948051,New York,FSA Store,operating,2010-01-01,2011-05-23,2012-10-09,1.39,2.77,3.42,3.42,4,2,2800000,1,NY,ecommerce,0,0,1,1,0,1.0,1,2601,507,1012,Software,Medium
California,36.116203,-119.681564,Palo Alto,HealthTap,operating,2010-01-01,2010-01-01,2013-05-08,0.0,3.35,3.33,3.62,18,5,38250000,3,CA,health,0,1,1,1,0,4.5,1,2602,0,1223,Service,High
California,36.116203,-119.681564,San Francisco,Leftronic,operating,2010-08-01,2010-11-17,2010-11-17,0.3,0.3,0.06,2.42,8,1,500000,2,CA,analytics,0,1,0,0,0,3.0,1,2603,108,108,Software,Low
California,36.116203,-119.681564,Mountain View,Atlantis Computing,operating,2006-01-01,2010-08-25,2013-05-15,4.65,7.37,7.64,7.64,14,2,30000000,1,CA,enterprise,0,0,0,0,1,3.5,1,2605,1697,2691,Software,High
Washington,47.6016426,-122.3338485,Seattle,SpaceCurve,operating,2009-01-01,2010-08-26,2013-06-18,1.65,4.46,3.0,3.0,13,5,22414975,1,WA,analytics,1,1,1,1,0,3.0,0,2606,602,1629,Software,High
Minnesota,45.694454,-93.900192,Minnetonka,Inveni,closed,2008-12-01,2011-02-10,2011-02-10,2.19,2.19,0.67,2.19,2,1,483333,2,MN,web,0,1,0,0,0,1.0,0,2607,801,801,Software,Low
California,36.116203,-119.681564,Venice,Miso Media,closed,2008-01-01,2010-12-20,2011-09-14,2.97,3.7,3.68,4.27,10,2,3000000,3,CA,music,0,1,1,0,0,5.5,1,2608,1084,1352,Service,Medium
Louisiana,29.9512361,-90.0657708,New Orleans,Federated Sample,closed,2010-03-10,2011-11-08,2011-11-08,1.67,1.67,1.67,3.23,7,1,2800000,2,LA,analytics,0,0,1,0,0,2.0,0,2609,608,608,Software,Medium
California,36.116203,-119.681564,SAN FRANCISCO,Apsalar,operating,2010-05-01,2010-11-01,2013-08-15,0.5,3.29,2.09,3.29,10,3,14800000,2,CA,advertising,0,1,1,1,0,4.67,1,2610,184,1202,Service,High
California,36.116203,-119.681564,San Francisco,InternMatch,operating,2009-06-01,2011-02-01,2013-06-11,1.67,4.03,3.44,4.03,8,5,7653503,2,CA,web,1,1,1,0,0,3.67,1,2611,610,1471,Software,Medium
Maryland,39.063946,-76.802101,Takoma Park,WatchParty,operating,2010-06-30,2010-08-30,2011-10-03,0.17,1.26,1.17,1.17,6,5,130000,1,MD,web,0,1,0,0,0,1.0,0,2613,61,460,Software,Low
California,36.116203,-119.681564,Redwood City,Inflection,operating,2006-12-10,2010-09-01,2010-09-01,3.73,3.73,3.73,5.38,25,1,30000000,3,CA,analytics,0,0,1,0,0,2.0,1,2614,1361,1361,Software,High
Massachusetts,42.230171,-71.530106,Boston,Consumer United,operating,2007-05-01,2013-02-12,2013-02-12,5.79,5.79,-2.63,5.59,6,1,52500000,2,MA,finance,0,0,0,0,1,3.0,1,2615,2114,2114,Service,High
Illinois,41.989344,-88.004903,Itasca,AirCell,operating,2005-02-03,2010-01-21,2011-02-06,4.97,6.01,-9.1,5.52,6,3,276108581,2,IL,messaging,0,0,0,0,0,1.0,0,2616,1813,2194,Software,High
California,36.116203,-119.681564,San Francisco,Chug,operating,2010-05-01,2012-07-01,2012-07-01,2.17,2.17,0.67,0.67,4,1,225000,1,CA,web,1,0,0,0,0,1.0,1,2617,792,792,Software,Low
California,36.116203,-119.681564,Santa Barbara,iStoryTime,operating,2009-04-01,2011-08-10,2011-08-10,2.36,2.36,2.24,2.32,0,1,2000000,2,CA,software,0,0,1,0,0,1.0,0,2618,861,861,Software,Low
New York,42.165726,-74.948051,New York,mobli,operating,2010-08-01,2011-10-25,2013-11-06,1.23,3.27,0.17,3.34,6,3,86000000,2,NY,web,0,0,1,1,0,3.0,0,2619,450,1193,Software,High
California,37.7911186,-122.4011706,San Francisco,Bizo,operating,2008-05-20,2008-05-20,2013-06-25,0.0,5.1,3.2,4.72,7,4,28500000,4,CA,advertising,1,0,0,1,0,2.25,1,2621,0,1862,Service,High
Michigan,43.326618,-84.536095,Detroit,Wedit,operating,2010-04-15,2010-04-15,2010-04-15,0.0,0.0,0.0,2.3,2,1,75000,2,MI,social,0,1,0,0,0,1.0,0,2622,0,0,Software,Low
Colorado,39.059811,-105.311104,Boulder,Orbotix,operating,2010-02-01,2010-09-13,2013-05-09,0.61,3.27,0.58,3.53,5,4,15000001,2,CO,hardware,1,0,1,1,1,2.0,1,2624,224,1193,Hardware,High
New York,40.743849,-73.9861166,New York,xAd,operating,2009-01-01,2006-02-28,2013-09-21,-2.84,4.72,2.34,2.95,22,6,27850000,3,NY,advertising,1,0,0,1,1,2.8,1,2625,-1038,1724,Service,High
Colorado,39.059811,-105.311104,Denver,GutCheck,operating,2009-01-01,2010-10-12,2013-06-12,1.78,4.45,2.17,3.0,5,2,6000000,2,CO,software,0,0,1,1,0,2.5,1,2626,649,1623,Software,Medium
Massachusetts,42.230171,-71.530106,Boston,Good Start Genetics,operating,2008-01-01,2010-09-10,2013-05-08,2.69,5.35,2.72,4.0,19,3,60000000,2,MA,biotech,0,0,1,1,0,2.0,1,2627,983,1954,software,High
North Carolina,35.630066,-79.806419,Cary,MaxPoint Interactive,operating,2007-01-01,2010-09-14,2011-03-01,3.7,4.16,4.0,4.16,5,2,11000000,2,NC,advertising,0,0,1,1,0,1.5,1,2628,1352,1520,Service,Medium
California,36.116203,-119.681564,San Francisco,Quid,operating,2010-01-01,2011-07-25,2011-07-25,1.56,1.56,1.56,3.0,15,1,10000000,2,CA,software,0,0,0,0,1,6.0,1,2629,570,570,Software,Medium
California,36.116203,-119.681564,Mountain View,Fundly,operating,2009-03-01,2010-07-01,2011-09-28,1.33,2.58,2.03,3.42,16,3,7800000,3,CA,nonprofit,0,1,1,0,0,6.5,1,2630,487,941,Service,Medium
California,36.116203,-119.681564,San Francisco,Getaround,operating,2009-09-10,2011-01-23,2012-08-02,1.37,2.9,3.47,3.73,9,4,19025000,2,CA,mobile,0,1,1,0,0,6.33,1,2631,500,1057,software,High
California,36.116203,-119.681564,Encinitas,SG Biofuels,operating,2007-01-01,2010-09-14,2012-01-17,3.7,5.05,3.0,4.33,22,2,26400000,3,CA,biotech,0,0,1,1,0,3.0,0,2632,1352,1842,software,High
New York,40.7310476,-74.0078134,New York,Knewton,operating,2008-01-01,2008-05-21,2011-10-13,0.39,3.78,3.42,5.68,23,4,54000000,4,NY,education,0,0,1,1,1,6.75,1,2633,141,1381,Service,High
Pennsylvania,40.590752,-77.209755,Philadelphia,Kigo,operating,2007-01-01,2013-04-01,2013-04-01,6.25,6.25,6.25,6.47,5,1,1800000,2,PA,software,0,0,1,0,0,1.0,1,2635,2282,2282,Software,Low
New York,42.165726,-74.948051,New York,Noom,closed,2008-01-01,2011-06-01,2013-10-22,3.42,5.81,4.01,5.81,7,4,2600000,2,NY,mobile,1,1,0,0,0,1.5,1,2637,1247,2121,software,Medium
Massachusetts,42.230171,-71.530106,Cambridge,Lantos Technologies,operating,2009-10-14,2010-09-16,2013-06-04,0.92,3.64,2.72,2.72,4,4,10950000,1,MA,hardware,1,0,1,1,0,3.0,0,2638,337,1329,Hardware,Medium
California,37.472471,-122.196569,Menlo Park,Superfly,operating,2010-09-01,2011-02-01,2011-02-01,0.42,0.42,0.33,2.88,6,1,500000,3,CA,travel,0,1,0,0,0,1.0,0,2639,153,153,Service,Low
California,36.116203,-119.681564,San Jose,Cirtas Systems,operating,2008-11-01,2010-09-20,2011-01-25,1.88,2.23,1.89,2.17,9,2,32500000,2,CA,enterprise,0,0,1,1,0,3.5,1,2641,688,815,Software,High
New York,42.165726,-74.948051,New York,Solve Media,closed,2009-01-01,2010-01-01,2013-06-13,1.0,4.45,4.42,4.51,18,2,6000000,3,NY,advertising,0,0,1,1,0,6.5,1,2642,365,1624,Service,Medium
California,36.116203,-119.681564,Redwood City,Ifeelgoods,operating,2010-09-20,2010-09-20,2011-06-28,0.0,0.77,0.86,2.21,10,2,11000000,2,CA,advertising,0,0,1,0,0,4.0,1,2643,0,281,Service,Medium
California,36.116203,-119.681564,Milpitas,Aryaka Networks,operating,2008-11-01,2010-09-21,2012-07-16,1.89,3.71,3.67,3.67,12,3,54000000,1,CA,enterprise,0,0,1,1,1,3.0,1,2644,689,1353,Software,High
Massachusetts,42.230171,-71.530106,Boston,Promoboxx,operating,2010-01-01,2011-03-01,2012-12-04,1.16,2.93,1.2,3.67,10,6,2793000,3,MA,advertising,0,1,0,0,0,7.0,1,2645,424,1068,Service,Medium
California,36.116203,-119.681564,Mountain View,BloomReach,operating,2009-01-01,2008-09-01,2012-10-18,-0.33,3.8,3.14,4.54,23,3,41000000,3,CA,enterprise,0,0,1,1,1,2.33,1,2646,-122,1386,Software,High
Massachusetts,42.230171,-71.530106,Framingham,Boston Heart Diagnostics,operating,2007-01-01,2010-09-21,2010-09-21,3.72,3.72,4.39,6.01,17,1,10000000,2,MA,health,0,0,0,0,1,1.0,1,2647,1359,1359,Service,Medium
California,36.116203,-119.681564,San Francisco,CivicSolar,operating,2009-12-01,2010-01-01,2010-01-01,0.08,0.08,0.0,0.0,4,1,455000,1,CA,cleantech,0,1,0,0,0,6.0,1,2648,31,31,Business,Low
New York,40.726166,-73.9960227,NYC,Voxy,operating,2010-02-17,2010-02-17,2013-08-02,0.0,3.46,1.54,2.55,13,5,16500000,3,NY,education,0,1,1,1,0,3.8,1,2649,0,1262,Service,High
Florida,27.766279,-81.686783,West Palm Beach,Watermark Medical,operating,2008-01-01,2010-09-22,2013-04-10,2.73,5.28,1.0,1.0,12,2,38190236,1,FL,medical,0,0,0,1,0,1.0,0,2650,995,1926,Service,High
California,37.771927,-122.410217,San Francisco,Infectious,closed,2007-01-01,2007-01-01,2007-01-01,0.0,0.0,0.41,3.15,4,1,750000,2,CA,web,0,1,0,0,0,2.0,1,2651,0,0,Software,Low
Texas,30.3952976,-97.7352087,Austin,Stormpulse,operating,2007-08-01,2007-08-01,2013-07-09,0.0,5.94,5.17,5.17,9,3,2782500,1,TX,enterprise,0,1,0,0,0,4.5,1,2652,0,2169,Software,Medium
California,36.116203,-119.681564,San Francisco,Rev,operating,2010-08-01,2013-03-26,2013-03-26,2.65,2.65,2.42,2.42,12,1,4500000,1,CA,other,0,0,1,0,0,3.0,1,2653,968,968,Business,Medium
California,37.3598283,-121.9814354,Santa Clara,WhatsApp,operating,2009-01-01,2011-04-08,2011-04-08,2.27,2.27,2.0,4.91,3,1,8000000,2,CA,messaging,1,0,0,0,0,1.0,1,2654,827,827,Software,Medium
California,36.116203,-119.681564,San Francisco,TextualAds,closed,2010-07-01,2010-12-29,2010-12-29,0.5,0.5,0.23,1.56,6,1,650000,3,CA,advertising,0,1,0,0,0,6.0,1,2655,181,181,Service,Low
Massachusetts,42.230171,-71.530106,Boston,PerkStreet Financial,operating,2008-01-01,2009-01-01,2011-05-11,1.0,3.36,0.0,0.0,5,3,16000000,1,MA,finance,0,0,1,1,0,1.5,1,2656,366,1226,Service,High
California,36.116203,-119.681564,Mountain View,lark,operating,2010-01-01,2011-05-24,2013-10-06,1.39,3.76,1.45,3.76,10,2,4100000,3,CA,hardware,1,1,0,0,0,2.5,1,2657,508,1374,Hardware,Medium
California,36.116203,-119.681564,San Francisco,Gild,operating,2011-11-01,2011-08-04,2013-02-27,-0.24,1.33,-0.88,1.17,15,4,12703000,3,CA,web,1,0,1,0,0,2.5,1,2658,-89,484,Software,High
California,36.116203,-119.681564,San Francisco,Socialbakers,operating,2008-10-01,2011-09-29,2012-11-19,2.99,4.14,3.07,5.0,21,2,8000000,3,CA,analytics,0,0,1,1,0,1.5,1,2659,1093,1510,Software,Medium
California,36.116203,-119.681564,Santa Barbara,CytomX Therapeutics,operating,2008-01-01,2010-09-23,2012-07-31,2.73,4.58,5.01,5.43,18,2,41000000,2,CA,biotech,0,0,0,1,0,2.0,1,2660,996,1673,software,High
Nebraska,41.12537,-98.268082,Omaha,SkyVu Entertainment,operating,2009-01-01,2012-08-14,2012-08-14,3.62,3.62,2.53,3.58,3,1,1200000,2,NE,games_video,0,1,0,0,0,5.0,1,2661,1321,1321,Software,Low
Vermont,44.045876,-72.710686,Woodstock,Green Mountain Digital,closed,2009-01-01,2010-09-30,2013-08-20,1.75,4.64,3.94,4.55,5,3,6775000,2,VT,social,1,1,0,1,0,1.67,0,2662,637,1692,Software,Medium
Texas,31.054487,-97.563461,Irving,Rivalroo,operating,2009-06-20,2009-09-01,2009-09-01,0.2,0.2,0.0,0.0,2,1,500000,1,TX,messaging,0,1,0,0,0,1.0,0,2663,73,73,Software,Low
California,36.116203,-119.681564,Fremont,PVT Solar,operating,2007-01-01,2010-09-28,2010-09-28,3.74,3.74,3.75,4.67,4,1,13700000,2,CA,cleantech,0,0,0,1,0,2.0,1,2664,1366,1366,Business,High
North Carolina,35.630066,-79.806419,Morrisville,Netsertive,operating,2009-01-01,2010-09-29,2012-08-14,1.74,3.62,1.74,3.62,6,3,13800000,3,NC,advertising,0,0,1,1,0,2.0,1,2665,636,1321,Service,High
California,34.031178,-118.463841,Santa Monica,Campus Explorer,operating,2007-01-01,2007-08-13,2011-01-27,0.61,4.07,4.0,4.0,11,3,7250000,1,CA,search,0,0,1,1,1,2.0,1,2666,224,1487,Software,Medium
California,36.116203,-119.681564,San Francisco,Krux,operating,2009-12-01,2011-09-21,2011-09-21,1.81,1.81,2.24,2.42,6,1,11000000,2,CA,analytics,0,0,0,1,0,2.0,1,2667,659,659,Software,Medium
New York,42.165726,-74.948051,Oneonta,Ioxus,operating,2007-01-01,2011-03-04,2013-07-18,4.17,6.55,4.28,6.5,11,3,48000000,3,NY,cleantech,1,0,0,1,1,2.5,1,2668,1523,2390,Business,High
Oregon,44.572021,-122.070938,Portland,brandlive,operating,2010-07-25,2010-07-01,2013-09-11,-0.07,3.13,-0.07,-0.07,1,3,1715000,1,OR,software,1,0,1,0,0,1.0,0,2669,-24,1144,Software,Low
California,36.116203,-119.681564,Larkspur,Thinglink,operating,2010-01-01,2013-08-28,2013-08-28,3.66,3.66,1.25,3.66,11,1,2000000,2,CA,social,0,0,0,0,0,4.0,0,2670,1335,1335,Software,Low
California,36.116203,-119.681564,Austin,Phunware,operating,2009-02-23,2009-06-01,2013-05-01,0.27,4.19,3.2,4.19,10,4,8380000,3,CA,mobile,0,0,1,1,1,1.0,1,2671,98,1528,software,Medium
Colorado,39.059811,-105.311104,Lakewood,Digabit,operating,2008-01-01,2010-09-30,2013-07-30,2.75,5.58,3.01,3.01,3,3,5500000,1,CO,software,0,1,1,0,1,1.5,0,2672,1003,2037,Software,Medium
California,36.116203,-119.681564,Redwood City,Flywheel Software,operating,2009-01-01,2012-06-30,2013-07-31,3.5,4.58,3.67,3.67,6,2,22800000,1,CA,transportation,0,0,1,1,0,1.5,1,2674,1276,1672,Business,High
North Carolina,35.630066,-79.806419,Charlotte,Adaptivity,operating,2007-01-01,2010-10-05,2013-01-04,3.76,6.01,3.0,3.76,3,5,20105315,2,NC,enterprise,1,0,1,1,0,2.25,1,2675,1373,2195,Software,High
Virginia,37.769337,-78.169968,Dulles,Acertiv,closed,2011-04-20,2012-10-08,2013-07-01,1.47,2.2,1.54,1.54,10,2,737630,1,VA,social,0,1,0,0,0,1.0,0,2676,537,803,Software,Low
California,36.116203,-119.681564,West Hollywood,CityCiv,operating,2010-01-01,2010-04-01,2010-04-01,0.25,0.25,0.0,1.33,2,1,250000,2,CA,advertising,0,1,0,0,0,1.0,0,2677,90,90,Service,Low
North Carolina,35.630066,-79.806419,Durham,Argyle Social,operating,2010-02-05,2010-10-01,2011-08-08,0.65,1.5,1.63,2.74,4,2,1565000,2,NC,software,0,1,1,0,0,1.0,0,2678,238,549,Software,Low
Texas,31.054487,-97.563461,Austin,WP Engine,operating,2010-03-01,2011-11-15,2011-11-15,1.71,1.71,1.71,3.17,6,1,1200000,3,TX,network_hosting,0,0,1,0,0,7.0,1,2679,624,624,Software,Low
New York,42.165726,-74.948051,Green Island,Ecovative Design,operating,2007-01-01,2011-05-24,2013-11-08,4.39,6.86,0.0,3.77,3,2,14000000,2,NY,cleantech,1,0,0,0,0,1.5,0,2680,1604,2503,Business,High
Washington,47.400902,-121.490494,Seattle,Highlighter,operating,2010-08-07,2010-10-28,2011-12-01,0.22,1.32,1.4,1.4,7,4,730000,1,WA,education,0,1,0,0,0,3.25,1,2681,82,481,Service,Low
California,37.399204,-122.051639,Mountain View,Tango,operating,2009-09-09,2010-09-01,2012-04-19,0.98,2.61,2.31,4.05,8,3,85097364,3,CA,messaging,0,0,1,1,1,2.0,1,2682,357,953,Software,High
California,36.116203,-119.681564,San Francisco,Conference Hound,operating,2010-01-01,2011-03-15,2013-09-12,1.2,3.7,3.7,3.7,7,3,700000,2,CA,analytics,0,1,0,0,0,5.67,0,2684,438,1350,Software,Low
California,36.116203,-119.681564,Burlingame,CarWoo!,operating,2008-10-01,2009-06-01,2011-12-01,0.67,3.17,3.08,4.53,12,4,10820000,2,CA,automotive,0,1,1,0,0,6.25,1,2686,243,1156,Service,Medium
Georgia,33.8444028,-84.3703738,Atlanta,Sharecare,operating,2009-11-02,2011-06-15,2013-09-26,1.62,3.9,2.63,3.94,23,3,14000000,3,GA,health,1,0,0,0,0,1.67,1,2687,590,1424,Service,High
New York,42.165726,-74.948051,New York,AHAlife.com,operating,2009-11-01,2011-07-27,2013-01-31,1.73,3.25,1.73,2.8,6,3,19749079,3,NY,ecommerce,0,0,1,1,0,2.5,1,2688,633,1187,Software,High
Massachusetts,42.4997323,-71.1617067,Woburn,CloudBees,operating,2010-01-01,2010-11-29,2013-07-17,0.91,3.54,1.56,3.73,14,3,16500000,3,MA,enterprise,0,0,1,1,0,2.33,1,2689,332,1293,Software,High
California,36.116203,-119.681564,San Francisco,Anaplan,operating,2006-01-01,2012-01-19,2013-03-05,6.05,7.18,7.01,7.18,22,2,44400000,2,CA,enterprise,0,0,0,1,1,2.5,1,2690,2209,2620,Software,High
California,36.116203,-119.681564,Mountain View,Pure Storage,operating,2009-09-01,2009-01-01,2013-08-29,-0.67,3.99,2.83,4.08,11,6,245856468,3,CA,enterprise,1,0,1,1,1,4.0,1,2691,-243,1458,Software,High
California,36.116203,-119.681564,West Hollywood,OneGoodLove.com,closed,2011-10-01,2013-08-30,2013-08-30,1.92,1.92,-0.33,-0.33,5,1,900000,1,CA,web,0,1,0,0,0,5.0,0,2693,699,699,Software,Low
New York,42.165726,-74.948051,New York,Krossover,operating,2008-11-26,2010-07-01,2013-08-27,1.59,4.75,1.59,1.8,6,6,11734330,2,NY,software,1,1,0,0,0,3.5,0,2694,582,1735,Software,High
California,36.116203,-119.681564,Mountain View,64 Pixels,operating,2010-10-01,2010-10-01,2010-10-01,0.0,0.0,0.0,0.0,1,1,100000,1,CA,web,0,1,0,0,0,1.0,1,2695,0,0,Software,Low
Washington,47.400902,-121.490494,Seattle,Deal Co-op,closed,2010-08-01,2010-11-01,2011-02-01,0.25,0.5,0.0,0.21,2,2,516000,2,WA,web,0,1,0,0,0,2.0,1,2696,92,184,Software,Low
California,36.116203,-119.681564,Santa Monica,ChowNow,closed,2012-01-01,2012-09-28,2013-06-05,0.74,1.43,0.33,1.04,13,3,6658591,2,CA,hospitality,0,0,1,0,0,2.0,1,2697,271,521,Service,Medium
California,37.384644,-122.062493,Mountain View,Genomera,operating,2010-01-01,2011-05-01,2011-05-01,1.33,1.33,1.75,2.0,19,1,20000,2,CA,health,0,1,0,0,0,1.0,1,2698,485,485,Service,Low
California,36.116203,-119.681564,San Francisco,Spruce Media,operating,2010-03-01,2011-03-04,2012-11-13,1.01,2.71,2.63,2.71,9,3,15819454,2,CA,enterprise,1,0,0,0,0,1.0,1,2699,368,988,Software,High
Washington,47.400902,-121.490494,Seattle,Haiku Deck,operating,2010-04-01,2011-04-15,2013-04-03,1.04,3.01,0.85,3.18,5,3,4213350,3,WA,mobile,0,1,1,0,0,4.0,1,2700,379,1098,software,Medium
California,36.116203,-119.681564,Sunnyvale,Enlighted,operating,2009-01-01,2010-10-15,2013-04-18,1.79,4.3,3.5,3.5,6,4,37565000,1,CA,cleantech,1,0,0,0,1,3.0,1,2701,652,1568,Business,High
Utah,40.3004,-111.728765,Orem,OraBrush,operating,2010-01-01,2010-05-18,2011-02-14,0.38,1.12,-1.0,3.05,5,3,3500000,2,UT,manufacturing,1,0,0,0,0,1.0,1,2702,137,409,Manufacturing,Medium
Tennessee,35.747845,-86.692345,Nashville,Zingfin,operating,2013-01-31,2013-05-01,2013-05-01,0.25,0.25,0.41,0.41,7,1,15000,1,TN,finance,0,1,0,0,0,1.0,0,2703,90,90,Service,Low
California,36.116203,-119.681564,MV,Videolla,operating,2010-06-01,2010-06-01,2011-05-01,0.0,0.92,0.0,0.0,1,2,600000,1,CA,advertising,0,1,0,0,0,1.0,0,2704,0,334,Service,Low
New York,42.165726,-74.948051,New York,H.BLOOM,operating,2010-02-01,2010-11-04,2012-04-11,0.76,2.19,2.16,3.35,9,3,16900000,2,NY,ecommerce,0,0,1,1,0,1.33,1,2705,276,800,Software,High
California,36.116203,-119.681564,San Francisco,Evolv,operating,2007-01-01,2008-01-29,2013-03-12,1.08,6.2,3.95,6.59,20,3,34250000,3,CA,analytics,0,0,1,0,1,2.67,1,2706,393,2262,Software,High
Massachusetts,42.230171,-71.530106,Boston,Linkable Networks,operating,2011-01-01,2010-10-19,2013-08-08,-0.2,2.6,-0.17,0.19,11,6,20729937,3,MA,advertising,1,0,1,0,0,2.0,1,2707,-74,950,Service,High
California,37.425657,-122.1455855,Palo Alto,Simplee,operating,2010-01-01,2011-04-01,2013-09-24,1.25,3.73,3.19,3.73,12,3,17800000,3,CA,medical,0,0,1,1,0,4.33,1,2709,455,1362,Service,High
California,34.320832,-119.379189,Ventura,Connexity,operating,2011-05-01,2010-10-21,2012-08-02,-0.53,1.26,-0.53,-0.33,4,3,5000000,2,CA,advertising,0,1,0,0,0,1.67,1,2710,-192,459,Service,Medium
Washington,47.400902,-121.490494,Seattle,RewardsForce,closed,2010-10-01,2010-11-01,2011-01-01,0.08,0.25,0.0,0.0,4,2,218000,1,WA,advertising,0,1,0,0,0,1.0,1,2711,31,92,Service,Low
California,37.562225,-122.325734,San Mateo,ScaleXtreme,operating,2010-08-01,2010-08-27,2011-06-21,0.07,0.89,0.83,1.64,3,2,13000000,2,CA,enterprise,0,0,1,1,0,1.5,1,2712,26,324,Software,High
Texas,30.2698774,-97.7429749,Austin,Spanning Cloud Apps,operating,2010-09-01,2011-04-06,2013-03-20,0.59,2.55,0.59,2.16,5,2,9000000,3,TX,enterprise,0,0,1,1,0,1.0,1,2713,217,931,Software,Medium
Massachusetts,42.230171,-71.530106,Boston,peerTransfer,operating,2009-07-31,2010-10-28,2013-06-25,1.24,3.9,1.42,2.04,3,3,15000000,3,MA,finance,0,1,1,1,0,6.67,1,2714,454,1425,Service,High
California,36.116203,-119.681564,Pleasanton,Rolith,operating,2008-08-01,2010-08-01,2012-04-05,2.0,3.68,0.0,2.34,3,2,5700000,2,CA,nanotech,0,1,1,0,0,1.5,0,2715,730,1343,Software,Medium
California,36.116203,-119.681564,Calabasas,Spotlight Ticket Management,operating,2007-08-21,2010-10-27,2010-10-27,3.19,3.19,3.19,4.93,5,1,2500000,3,CA,software,0,0,1,0,0,1.0,1,2716,1163,1163,Software,Medium
California,36.116203,-119.681564,San Francisco,Proven.com,operating,2009-09-25,2010-04-15,2013-07-11,0.55,3.79,1.27,1.82,4,5,7280000,2,CA,ecommerce,1,1,0,0,0,2.5,1,2717,202,1385,Software,Medium
Illinois,41.8932292,-87.6380602,Chicago,Spartz,operating,2009-06-01,2012-01-01,2013-10-30,2.59,4.42,3.09,3.09,6,2,9500000,1,IL,web,1,0,1,0,0,3.0,0,2718,944,1612,Software,Medium
New York,42.165726,-74.948051,New York,ContraFect,operating,2008-01-01,2010-10-26,2013-09-04,2.82,5.68,5.29,5.29,3,3,28793158,1,NY,biotech,1,0,0,0,0,1.0,0,2719,1029,2073,software,High
Texas,31.054487,-97.563461,Austin,Microventures,operating,2009-10-01,2011-10-27,2011-12-16,2.07,2.21,2.07,3.64,6,2,450000,3,TX,finance,1,0,0,0,0,1.0,0,2720,756,806,Service,Low
New Jersey,40.298904,-74.521011,Jersey City,Ticket Evolution,operating,2010-07-14,2012-05-18,2012-05-18,1.85,1.85,2.47,2.47,3,1,3500000,1,NJ,software,0,0,1,0,0,2.0,0,2721,674,674,Software,Medium
Georgia,33.882086,-84.4659798,Atlanta,Parkmobile,closed,2008-01-01,2013-02-06,2013-02-06,5.1,5.1,2.0,2.0,6,1,6300000,1,GA,mobile,1,0,0,0,0,3.0,0,2722,1863,1863,software,Medium
California,36.116203,-119.681564,San Francisco,Revel Systems,operating,2010-09-15,2011-05-24,2013-06-26,0.69,2.78,0.87,3.08,5,2,13800000,3,CA,mobile,0,0,1,1,0,2.0,1,2723,251,1015,software,High
Virginia,37.769337,-78.169968,Arlington,Endgame,operating,2008-01-01,2010-10-28,2013-03-13,2.82,5.2,5.58,5.58,13,2,56250000,1,VA,security,0,0,1,1,0,4.5,1,2724,1031,1898,Service,High
California,36.116203,-119.681564,Palo Alto,CloudOn,operating,2009-10-01,2010-10-27,2012-10-01,1.07,3.0,2.58,3.98,10,4,26140000,2,CA,enterprise,1,0,1,1,0,2.25,1,2725,391,1096,Software,High
Massachusetts,42.230171,-71.530106,Framingham,Prelert,closed,2009-01-01,2010-09-08,2010-09-08,1.68,1.68,0.0,0.0,1,1,3750000,1,MA,software,0,0,1,0,0,2.0,1,2726,615,615,Software,Medium
New York,42.165726,-74.948051,New York,Social Bicycles,operating,2010-01-01,2013-05-01,2013-05-01,3.33,3.33,0.0,3.33,2,1,1100000,2,NY,transportation,0,1,0,0,0,4.0,1,2727,1216,1216,Business,Low
New York,42.165726,-74.948051,New York,VYou,operating,2009-10-10,2011-05-23,2011-05-23,1.62,1.62,0.06,3.12,4,1,3000000,3,NY,web,0,0,1,0,0,5.0,1,2728,590,590,Software,Medium
Massachusetts,42.230171,-71.530106,Boston,Zet Universe,closed,2010-10-01,2010-10-01,2013-08-14,0.0,2.87,1.81,1.97,7,3,12000,2,MA,software,0,1,0,0,0,1.5,0,2729,0,1048,Software,Low
New York,42.165726,-74.948051,New York,iLEVEL Solutions,closed,2010-01-01,2010-07-12,2010-07-12,0.53,0.53,2.0,2.67,17,1,6000000,2,NY,software,1,0,0,0,0,3.0,0,2730,192,192,Software,Medium
California,37.3739828,-121.9962231,Santa Clara,TransLattice,operating,2007-01-01,2010-11-01,2013-10-16,3.84,6.79,3.0,3.0,14,3,20132555,1,CA,transportation,0,0,1,1,0,1.0,1,2731,1400,2480,Business,High
New York,42.165726,-74.948051,Brooklyn,Off Track Planet,operating,2009-07-15,2011-07-05,2013-12-06,1.97,4.4,-0.01,-0.01,6,2,700000,1,NY,travel,0,1,0,0,0,3.0,1,2732,720,1605,Service,Low
New York,42.165726,-74.948051,Brooklyn,HowAboutWe,operating,2009-11-01,2010-09-01,2013-09-25,0.83,3.9,4.0,4.07,15,3,22300000,3,NY,web,0,0,1,1,0,4.67,1,2734,304,1424,Software,High
Massachusetts,42.230171,-71.530106,Bedford,FirstBest,operating,2006-01-01,2012-04-03,2012-04-03,6.26,6.26,7.25,7.25,11,1,10000000,1,MA,software,1,0,0,0,0,2.0,1,2735,2284,2284,Software,Medium
Massachusetts,42.3519854,-71.0594048,Boston,Practically Green,operating,2010-01-01,2010-11-04,2012-04-12,0.84,2.28,1.75,1.75,9,2,1750000,1,MA,health,0,1,0,0,0,1.0,1,2736,307,832,Service,Low
Massachusetts,42.375034,-71.251069,Waltham,NetProspex,operating,2006-11-30,2008-02-01,2012-06-06,1.17,5.52,4.06,4.92,25,5,14500000,2,MA,analytics,0,0,1,1,0,2.0,1,2737,428,2015,Software,High
California,36.116203,-119.681564,San Francisco,ThirdMotion,operating,2009-01-01,2010-11-04,2011-11-22,1.84,2.89,1.33,2.89,4,2,11000000,3,CA,games_video,0,0,1,1,0,1.0,0,2738,672,1055,Software,Medium
California,36.116203,-119.681564,San Francisco,AppRedeem,closed,2010-09-01,2011-06-16,2011-06-16,0.79,0.79,1.33,2.24,4,1,700000,2,CA,advertising,0,1,0,0,0,2.0,1,2739,288,288,Service,Low
Ohio,40.388783,-82.764915,Akron,Segmint,operating,2007-01-01,2011-08-02,2013-01-31,4.59,6.09,6.5,6.5,6,2,5968977,2,OH,finance,0,0,0,0,0,1.0,1,2740,1674,2222,Service,Medium
California,37.44296,-122.151198,Palo Alto,Backblaze,operating,2007-02-01,2012-07-25,2012-07-25,5.48,5.48,0.92,4.73,4,1,5000000,3,CA,software,1,0,0,0,0,1.0,0,2741,2001,2001,Software,Medium
New York,40.7144907,-74.0072659,New York,IMRSV,operating,2010-12-30,2011-01-01,2012-11-06,0.01,1.85,0.59,2.01,11,6,2876969,2,NY,analytics,0,1,0,0,0,3.2,1,2742,2,677,Software,Medium
California,36.116203,-119.681564,Mountain View,Peel,operating,2009-01-01,2009-01-01,2011-05-02,0.0,2.33,3.02,3.64,10,2,16700000,2,CA,games_video,0,1,0,1,0,1.5,1,2744,0,851,Software,High
Pennsylvania,40.590752,-77.209755,Philadelphia,Monetate,operating,2008-03-01,2008-01-01,2013-12-06,-0.16,5.77,3.84,4.45,15,6,46087662,3,PA,enterprise,1,1,1,1,1,2.25,1,2747,-60,2106,Software,High
California,37.778244,-122.394221,San Francisco,Crittercism,operating,2011-01-01,2011-07-14,2013-03-12,0.53,2.19,1.09,2.78,11,4,25824256,3,CA,mobile,0,1,1,1,0,3.5,1,2748,194,801,software,High
Tennessee,35.747845,-86.692345,Nashville,Shareable Ink,operating,2009-01-01,2010-11-09,2013-12-03,1.85,4.92,4.42,4.42,8,5,24700000,1,TN,enterprise,0,0,1,1,1,1.5,1,2749,677,1797,Software,High
California,36.116203,-119.681564,San Francisco,DriverSide,operating,2007-09-01,2008-07-08,2010-08-25,0.85,2.98,1.42,3.1,9,3,10607806,2,CA,automotive,0,0,1,1,1,1.67,1,2750,311,1089,Service,Medium
New York,42.165726,-74.948051,New York,Lot18,operating,2010-01-01,2010-01-01,2011-11-04,0.0,1.84,1.94,2.92,20,5,44500000,3,NY,hospitality,1,1,1,1,1,2.0,1,2751,0,672,Service,High
California,36.116203,-119.681564,San Bruno,Dynamic Signal,operating,2010-01-01,2011-02-17,2012-07-16,1.13,2.54,1.86,3.18,12,2,21300000,2,CA,software,0,0,1,1,0,5.0,1,2752,412,927,Software,High
Florida,27.766279,-81.686783,Coconut Grove,Open English,operating,2006-07-13,2010-11-10,2013-04-26,4.33,6.79,3.05,6.48,19,5,120250000,3,FL,education,0,0,1,1,1,1.6,1,2753,1581,2479,Service,High
Connecticut,41.597782,-72.755371,New Haven,NovaTract Surgical,operating,2010-01-01,2010-11-10,2012-06-25,0.86,2.48,2.42,2.42,2,4,3170000,1,CT,medical,1,1,1,0,0,3.0,1,2754,313,906,Service,Medium
California,36.116203,-119.681564,Palo Alto,rollApp,operating,2010-05-10,2011-08-01,2013-07-01,1.23,3.15,-0.02,1.65,8,2,1350000,2,CA,software,0,1,1,0,0,1.5,0,2755,448,1148,Software,Low
California,36.116203,-119.681564,Novato,Voicebase,closed,2010-01-01,2010-09-15,2010-09-15,0.7,0.7,1.0,1.0,2,1,700000,1,CA,enterprise,0,0,1,0,0,2.0,1,2756,257,257,Software,Low
California,36.116203,-119.681564,Palo Alto,Houzz,operating,2009-01-01,2010-11-11,2013-01-29,1.86,4.08,4.67,4.93,12,3,48600000,3,CA,web,0,0,1,1,1,5.67,1,2757,679,1489,Software,High
California,36.116203,-119.681564,San JOSE,InstallMonetizer,closed,2010-05-01,2013-01-14,2013-01-14,2.71,2.71,2.71,2.71,11,1,500000,1,CA,advertising,0,1,0,0,0,5.0,1,2758,989,989,Service,Low
Florida,27.766279,-81.686783,Delray Beach,Domain Holdings Group,operating,2010-11-01,2011-07-19,2011-07-19,0.71,0.71,0.85,0.85,6,1,2900000,1,FL,network_hosting,0,0,1,0,0,3.0,1,2759,260,260,Software,Medium
Washington,47.6814875,-122.2087353,Kirkland,Jobaline,operating,2012-11-30,2012-11-01,2013-10-08,-0.08,0.85,0.84,0.98,15,2,4300000,2,WA,web,0,0,1,0,0,2.0,1,2760,-29,312,Software,Medium
New York,40.704382,-73.986572,Brooklyn,TuneCore,operating,2005-11-01,2008-10-26,2008-10-26,2.99,2.99,2.99,7.17,20,1,7000000,2,NY,games_video,0,0,1,0,0,1.0,1,2761,1090,1090,Software,Medium
California,36.116203,-119.681564,Mountain View,YouEye,operating,2011-01-28,2013-05-07,2013-05-07,2.27,2.27,0.07,2.51,7,1,3000000,3,CA,web,0,0,0,0,0,5.0,1,2762,830,830,Software,Medium
California,37.421447,-122.141604,Palo Alto,Cooliris,operating,2006-01-01,2007-07-01,2011-02-14,1.5,5.12,4.4,7.81,19,3,28100000,3,CA,web,0,0,1,1,1,2.67,1,2763,546,1870,Software,High
California,37.788115,-122.397141,San Francisco,Rooftop Media,closed,2005-09-01,2007-05-01,2007-05-01,1.66,1.66,2.67,7.36,7,1,2500000,4,CA,games_video,0,0,1,0,0,1.0,1,2764,607,607,Software,Medium
Ohio,39.189265,-84.361184,Cincinnati,SimpleRegistry,operating,2011-01-01,2012-03-23,2012-03-23,1.22,1.22,-1.0,-1.0,3,1,300000,1,OH,web,0,1,0,0,0,1.0,1,2765,447,447,Software,Low
New York,42.165726,-74.948051,New York,Skillshare,operating,2010-11-01,2011-05-01,2013-01-31,0.5,2.25,1.17,2.25,11,3,4650000,2,NY,education,1,1,1,0,0,4.0,1,2766,181,822,Service,Medium
California,36.116203,-119.681564,Palo Alto,Nest Labs,operating,2010-05-25,2010-09-21,2013-01-30,0.33,2.69,-0.39,3.38,12,3,80000000,3,CA,hardware,0,0,1,1,1,3.33,1,2767,119,981,Hardware,High
California,34.0126379,-118.495155,Santa Monica,InVenture,operating,2011-04-01,2013-08-29,2013-08-29,2.41,2.41,0.21,2.21,12,1,1200000,3,CA,mobile,0,1,0,0,0,1.0,0,2768,881,881,software,Low
Washington,47.400902,-121.490494,Seattle,Compute,operating,2005-02-03,2005-02-03,2005-02-03,0.0,0.0,0.07,0.07,1,1,5000000,1,WA,web,0,0,0,0,0,1.0,0,2769,0,0,Software,Medium
California,37.09024,-95.712891,San Francisco,MuleSoft,operating,2006-06-01,2006-10-01,2013-04-03,0.33,6.84,3.83,6.75,14,5,80500000,3,CA,enterprise,0,0,1,1,1,4.0,1,2770,122,2498,Software,High
California,36.116203,-119.681564,San Francisco,Beautylish,operating,2010-02-01,2010-11-16,2013-05-30,0.79,3.33,2.54,2.54,5,3,8500000,1,CA,ecommerce,1,1,0,0,0,3.5,1,2771,288,1214,Software,Medium
Texas,31.054487,-97.563461,Austin,Tango Health,operating,2009-01-01,2010-11-17,2013-01-03,1.88,4.01,1.0,1.0,3,3,8000000,1,TX,web,0,0,1,1,1,2.5,0,2772,685,1463,Software,Medium
Missouri,38.456085,-92.288368,St. Louis,aisle411,operating,2008-01-01,2010-11-22,2013-09-04,2.89,5.68,3.42,3.78,6,6,11900000,2,MO,mobile,1,1,1,0,0,2.0,1,2773,1056,2073,software,High
California,36.116203,-119.681564,westminster,Dataguise,operating,2006-01-01,2011-03-22,2013-09-29,5.22,7.75,4.85,4.85,2,2,16250000,1,CA,enterprise,0,0,1,1,0,1.0,0,2774,1906,2828,Software,High
California,36.116203,-119.681564,Santa Clara,Spotzot,operating,2009-01-01,2011-11-17,2013-06-07,2.88,4.43,1.0,2.88,5,2,2200000,2,CA,advertising,0,0,1,1,0,2.0,1,2775,1050,1618,Service,Medium
California,37.419041,-122.087471,San Jose,Crowd Science,closed,2007-12-01,2007-12-01,2007-12-01,0.0,0.0,0.51,5.09,9,1,2000000,3,CA,web,0,0,1,0,0,1.0,1,2776,0,0,Software,Low
Massachusetts,42.230171,-71.530106,Boston,Objective Logistics,operating,2009-01-01,2010-11-19,2013-07-18,1.88,4.55,2.83,2.83,12,4,9000000,1,MA,software,1,1,1,0,0,3.33,1,2777,687,1659,Software,Medium
Michigan,42.3360756,-83.0492923,Detroit,Stik,operating,2010-11-01,2010-11-21,2013-03-04,0.05,2.34,1.17,2.34,8,2,2800000,2,MI,web,0,1,1,0,0,2.5,1,2778,20,854,Software,Medium
New York,42.165726,-74.948051,New York,Artsicle,operating,2010-08-01,2011-11-02,2011-11-02,1.25,1.25,0.0,1.25,2,1,390000,2,NY,ecommerce,0,1,0,0,0,9.0,1,2779,458,458,Software,Low
Connecticut,41.597782,-72.755371,West Hartford,ADmantX,operating,2010-11-17,2011-06-08,2013-01-28,0.56,2.2,0.96,1.82,5,2,4144400,2,CT,advertising,0,0,1,1,0,1.5,0,2780,203,803,Service,Medium
California,36.116203,-119.681564,Mountain View,Binpress,closed,2010-08-07,2013-04-15,2013-07-01,2.69,2.9,0.98,1.44,6,2,50000,2,CA,software,0,1,0,0,0,1.5,1,2781,982,1059,Software,Low
California,37.580304,-122.343679,Burlingame,Limbo,operating,2005-10-01,2005-12-01,2009-01-01,0.17,3.25,7.76,7.76,5,4,27100000,1,CA,mobile,0,0,1,1,1,2.75,1,2782,61,1188,software,High
Illinois,41.882401,-87.637816,Chicago,CohesiveFT,operating,2006-07-01,2007-06-13,2007-06-13,0.95,0.95,6.67,7.21,14,1,1204650,2,IL,software,0,0,1,0,0,1.0,1,2783,347,347,Software,Low
Texas,31.054487,-97.563461,Austin,Appconomy,operating,2010-11-01,2010-12-30,2013-07-09,0.16,2.69,0.79,2.42,10,6,24589183,3,TX,mobile,1,0,1,1,0,2.5,1,2784,59,981,software,High
New York,42.275263,-71.24762,New York,BrandYourself,closed,2009-04-08,2010-01-01,2012-03-08,0.73,2.92,2.98,4.15,9,2,1500000,3,NY,web,0,1,1,0,0,3.0,1,2785,268,1065,Software,Low
New Mexico,34.840515,-106.248482,Albuquerque,Skorpios Technologies,operating,2009-01-01,2010-08-30,2011-11-29,1.66,2.91,2.88,2.88,8,3,23000000,1,NM,health,1,0,0,1,0,2.33,1,2787,606,1062,Service,High
Maryland,39.063946,-76.802101,Bethesda,GroupFlier,operating,2010-01-01,2010-11-24,2010-11-24,0.9,0.9,1.27,1.27,0,1,500000,1,MD,messaging,0,1,0,0,0,1.0,1,2788,327,327,Software,Low
Texas,30.268468,-97.743123,Austin,Gazzang,operating,2010-01-01,2010-12-06,2013-01-03,0.93,3.01,1.66,3.58,13,3,9560000,2,TX,analytics,1,0,1,0,0,1.0,1,2789,339,1098,Software,Medium
Ohio,40.388783,-82.764915,Cleveland,OnShift,operating,2008-01-01,2010-12-06,2012-02-02,2.93,4.09,3.67,4.0,15,2,6783008,2,OH,software,1,0,0,1,0,3.0,1,2790,1070,1493,Software,Medium
California,36.116203,-119.681564,Palo Alto,PowerCloud Systems,operating,2008-01-01,2010-12-01,2011-12-14,2.92,3.95,2.25,3.95,9,2,6000000,3,CA,software,1,0,0,1,0,1.5,1,2791,1065,1443,Software,Medium
New Mexico,35.086388,-106.646185,Albuquerque,SpaBoom,operating,2005-08-01,2006-07-15,2007-09-15,0.95,2.12,3.81,3.81,2,2,1300000,1,NM,ecommerce,0,0,1,1,0,1.0,0,2792,348,775,Software,Low
California,36.116203,-119.681564,San Francisco,Sequenta,operating,2008-01-01,2010-12-08,2013-07-02,2.94,5.5,0.67,0.67,11,3,41460000,1,CA,biotech,1,0,0,1,1,2.67,1,2793,1072,2009,software,High
Colorado,39.7520644,-105.000469,Denver,UrgentRx,operating,2010-06-01,2010-12-01,2013-10-29,0.5,3.41,3.08,3.24,12,4,9350000,2,CO,health,1,0,1,1,0,3.0,0,2794,183,1246,Service,Medium
New York,42.165726,-74.948051,New York,CityPockets,operating,2010-08-26,2010-08-31,2011-06-20,0.01,0.82,0.35,1.71,4,2,770000,3,NY,web,0,1,0,0,0,1.5,1,2795,5,298,Software,Low
California,36.116203,-119.681564,San Francisco,BakedCode,operating,2010-06-10,2011-06-13,2011-06-13,1.01,1.01,-0.02,-0.02,2,1,168000,1,CA,software,0,1,0,0,0,2.0,1,2796,368,368,Software,Low
Louisiana,31.169546,-91.867805,New Orleans,The Receivables Exchange,operating,2007-04-01,2007-10-01,2013-06-24,0.5,6.24,2.83,5.76,23,4,39750000,3,LA,ecommerce,0,0,1,1,1,2.75,1,2797,183,2276,Software,High
California,36.116203,-119.681564,Palo Alto,Hivext Technologies,operating,2010-10-21,2010-12-13,2012-04-24,0.15,1.51,0.74,0.74,0,2,2500000,1,CA,network_hosting,1,0,1,0,0,1.0,1,2798,53,551,Software,Medium
California,36.116203,-119.681564,San Francisco,Pocket Gems,closed,2009-09-01,2010-12-15,2010-12-15,1.29,1.29,1.33,1.33,5,1,5000000,1,CA,games_video,0,0,1,0,0,1.0,1,2800,470,470,Software,Medium
California,36.116203,-119.681564,Mountain View,InvisibleCRM,operating,2006-07-01,2006-07-19,2006-07-19,0.05,0.05,0.0,0.0,5,1,1500000,1,CA,software,0,0,1,0,0,2.0,0,2801,18,18,Software,Low
California,36.116203,-119.681564,San Francisco,Triporati,closed,2008-07-07,2008-08-30,2008-08-30,0.15,0.15,2.4,2.4,4,1,6000000,1,CA,web,1,0,0,0,0,5.0,1,2802,54,54,Software,Medium
New York,42.165726,-74.948051,New York,Moglue,operating,2010-10-01,2010-12-10,2013-06-01,0.19,2.67,0.25,2.95,5,3,1215000,2,NY,software,1,1,0,0,0,1.0,0,2803,70,974,Software,Low
Virginia,37.769337,-78.169968,Dulles,Echo360,operating,2007-01-01,2010-04-07,2012-05-29,3.27,5.41,5.0,5.0,27,4,57552021,1,VA,education,1,0,0,0,0,1.0,1,2804,1192,1975,Service,High
California,36.116203,-119.681564,Mountain View,MongoHQ,operating,2011-01-01,2011-06-24,2012-10-19,0.48,1.8,-0.85,2.83,4,2,6417000,3,CA,network_hosting,0,1,1,0,0,4.5,1,2806,174,657,Software,Medium
Ohio,40.388783,-82.764915,Massillon,Main Street Stark,closed,2010-09-06,2010-11-06,2010-11-06,0.17,0.17,0.0,0.0,1,1,1000,1,OH,consulting,0,1,0,0,0,1.0,0,2807,61,61,Business,Low
New York,42.165726,-74.948051,New York,Nodejitsu,operating,2010-04-20,2011-04-01,2012-04-01,0.95,1.95,2.12,2.23,13,2,2650000,2,NY,network_hosting,0,1,1,0,0,4.0,1,2808,346,712,Software,Medium
Oregon,44.572021,-122.070938,Portland,SongFlame,closed,2010-01-01,2010-11-23,2012-01-01,0.89,2.0,3.0,3.0,10,2,110000,1,OR,music,0,1,0,0,0,1.0,0,2809,326,730,Service,Low
Texas,30.2695417,-97.7407774,Austin,Mass Relevance,operating,2010-12-20,2010-12-20,2012-05-16,0.0,1.41,0.35,2.12,17,2,5500000,2,TX,social,0,0,1,0,0,4.5,1,2810,0,513,Software,Medium
New York,42.165726,-74.948051,New York,ActivePath,operating,2007-01-01,2011-09-19,2012-11-30,4.72,5.92,5.02,5.91,14,2,13250001,3,NY,finance,0,0,0,1,0,3.0,1,2811,1722,2160,Service,High
California,36.116203,-119.681564,San Francisco,Cloudscaling,operating,2006-01-01,2011-09-21,2013-05-22,5.72,7.39,5.67,7.39,10,2,14000000,3,CA,enterprise,0,0,1,1,0,2.0,1,2812,2089,2698,Software,High
California,37.4498742,-122.1209066,Palo Alto,LiquidSpace,operating,2010-01-01,2010-12-21,2013-05-09,0.97,3.35,1.13,2.0,9,4,12200000,2,CA,hospitality,0,1,1,1,0,2.25,1,2814,354,1224,Service,High
Illinois,40.349457,-88.986137,Chicago,OpenChime,operating,2010-09-01,2011-06-01,2011-06-01,0.75,0.75,0.69,1.36,5,1,700000,2,IL,web,0,1,0,0,0,1.0,1,2815,273,273,Software,Low
California,37.7831377,-122.4077565,San Francisco,Humble Bundle,operating,2010-03-01,2011-04-21,2011-04-21,1.14,1.14,3.7,3.7,1,1,4480000,2,CA,nonprofit,1,0,0,0,0,2.0,1,2816,416,416,Service,Medium
New York,42.165726,-74.948051,New York,Consumr,closed,2011-01-01,2012-12-04,2012-12-04,1.93,1.93,1.0,1.84,3,1,565000,2,NY,web,0,1,0,0,0,3.0,1,2817,703,703,Software,Low
California,36.116203,-119.681564,Oakland,Revolution Foods,operating,2006-01-01,2010-12-24,2012-01-01,4.98,6.0,5.0,5.0,24,2,32750000,1,CA,health,1,0,0,0,0,3.0,0,2818,1818,2191,Service,High
California,37.7744657,-122.398549,San Francisco,Foodily,operating,2010-01-01,2010-06-25,2013-04-01,0.48,3.25,0.0,2.87,10,2,7720000,2,CA,hospitality,1,0,0,0,0,1.0,1,2819,175,1186,Service,Medium
California,36.116203,-119.681564,San Francisco,One Inc.,operating,2011-08-01,2011-07-20,2011-07-20,-0.03,-0.03,-13.01,1.39,2,1,1000050,2,CA,mobile,0,1,0,0,0,8.0,1,2820,-12,-12,software,Low
Massachusetts,42.3512134,-71.0474297,Boston,Skyword,operating,2010-12-20,2011-03-04,2013-05-17,0.2,2.41,0.06,2.42,8,4,14456000,3,MA,search,1,0,0,0,0,1.0,0,2821,74,879,Software,High
Ohio,40.388783,-82.764915,Cincinnati,ThinkVine,operating,2009-01-01,2012-01-10,2012-01-10,3.02,3.02,3.0,3.02,9,1,8000000,3,OH,software,0,0,0,0,1,4.0,1,2822,1104,1104,Software,Medium
California,36.116203,-119.681564,San Francisco,The Lions,operating,2010-04-01,2011-04-01,2011-04-01,1.0,1.0,0.75,2.25,2,1,250000,2,CA,consulting,0,1,0,0,0,1.0,0,2823,365,365,Business,Low
New York,40.739341,-73.988357,New York,HealthiNation,operating,2005-04-01,2007-01-01,2008-09-30,1.75,3.5,3.18,7.51,10,2,12000000,2,NY,web,0,0,1,1,0,2.0,1,2824,640,1278,Software,High
Maryland,39.063946,-76.802101,Baltimore,StraighterLine,operating,2010-01-01,2012-04-13,2012-04-13,2.28,2.28,0.13,2.28,1,1,10000000,2,MD,education,1,0,0,0,0,3.0,1,2825,833,833,Service,Medium
California,36.116203,-119.681564,San Francisco,Cazoomi,operating,2009-10-01,2009-09-01,2009-09-01,-0.08,-0.08,1.67,1.67,13,1,250000,1,CA,software,0,1,0,0,0,1.0,0,2826,-30,-30,Software,Low
Illinois,40.349457,-88.986137,Chicago,SpotHero,closed,2011-07-01,2012-08-01,2012-12-13,1.09,1.45,0.92,2.09,9,3,2510000,3,IL,web,1,1,0,0,0,4.5,1,2827,397,531,Software,Medium
California,36.116203,-119.681564,Carlsbad,Playdek,closed,2011-06-01,2011-09-12,2013-03-28,0.28,1.82,-0.41,-0.41,8,3,5705000,1,CA,mobile,1,0,1,0,0,6.67,1,2828,103,666,software,Medium
Illinois,40.349457,-88.986137,Chicago,DailyDigital,closed,2008-01-01,2010-01-01,2011-05-01,2.0,3.33,3.28,3.7,5,2,150000,2,IL,other,0,1,0,0,0,1.5,0,2830,731,1216,Business,Low
California,36.116203,-119.681564,Irvine,drumbi,operating,2010-01-02,2011-08-10,2011-08-10,1.6,1.6,2.26,2.26,6,1,500000,1,CA,mobile,0,1,0,0,0,1.0,1,2831,585,585,software,Low
North Carolina,35.630066,-79.806419,Durham,Spring Metrics,operating,2010-01-01,2011-03-23,2012-01-02,1.22,2.0,1.03,2.09,6,2,1360000,2,NC,software,0,1,0,0,0,2.0,1,2832,446,731,Software,Low
Minnesota,44.9125627,-93.148707,St. Paul,OptiMine Software,operating,2008-01-01,2011-01-05,2012-08-08,3.01,4.61,3.0,3.81,4,3,8586808,2,MN,software,1,0,1,1,0,2.5,1,2833,1100,1681,Software,Medium
California,36.116203,-119.681564,Palo Alto,Bunndle,closed,2010-06-08,2010-07-01,2010-07-01,0.06,0.06,3.07,3.07,4,1,550000,1,CA,advertising,0,1,0,0,0,5.0,1,2834,23,23,Service,Low
California,36.116203,-119.681564,Menlo Park,Lex Machina,operating,2009-01-01,2011-02-02,2013-05-01,2.09,4.33,4.66,4.66,7,5,10881448,1,CA,legal,1,1,1,0,0,3.33,1,2835,762,1581,Service,Medium
California,36.116203,-119.681564,Santa Clara,SoundHound,closed,2005-09-01,2006-05-31,2009-08-04,0.75,3.93,6.15,8.13,8,3,4000000,3,CA,games_video,1,0,1,1,0,2.33,1,2836,272,1433,Software,Medium
Massachusetts,42.230171,-71.530106,Chelsea,Civitas Therapeutics,operating,2009-01-01,2011-01-10,2013-09-11,2.02,4.7,2.02,2.02,1,4,67000000,1,MA,biotech,0,0,1,1,0,4.0,1,2837,739,1714,software,High
Massachusetts,42.230171,-71.530106,Boston,Fundraise.com,operating,2011-01-01,2011-01-01,2011-08-01,0.0,0.58,2.42,2.42,5,2,1450000,1,MA,web,0,1,0,0,0,1.5,1,2838,0,212,Software,Low
California,36.116203,-119.681564,San Jose,Proformative,operating,2009-04-16,2011-05-10,2012-12-27,2.07,3.7,2.07,3.46,6,2,1525000,3,CA,social,0,1,0,0,0,1.0,0,2839,754,1351,Software,Low
Massachusetts,42.230171,-71.530106,Waltham,Avedro,operating,2007-01-01,2011-01-06,2013-03-05,4.02,6.18,4.35,5.0,23,5,87800000,2,MA,medical,1,0,0,0,1,4.0,1,2841,1466,2255,Service,High
California,36.116203,-119.681564,Venice,Supernova,operating,2010-12-01,2010-01-01,2012-04-01,-0.92,1.33,1.67,2.93,14,3,20200000,3,CA,mobile,0,0,1,1,0,3.33,1,2843,-334,487,software,High
California,36.116203,-119.681564,Redwood City,Lunera Lighting,operating,2007-12-01,2011-12-03,2013-04-29,4.01,5.41,3.68,3.68,2,4,26252441,1,CA,cleantech,1,0,0,0,0,1.0,0,2844,1463,1976,Business,High
California,36.116203,-119.681564,Mountain View,Applauze,operating,2010-11-01,2012-01-26,2013-10-23,1.24,2.98,0.0,2.34,3,2,10450000,2,CA,mobile,1,0,0,0,0,4.5,1,2845,451,1087,software,Medium
New York,42.165726,-74.948051,New York,Crunched,closed,2010-04-02,2011-01-12,2011-01-12,0.78,0.78,0.78,2.17,5,1,1400000,2,NY,analytics,0,1,0,0,0,6.0,1,2846,285,285,Software,Low
California,36.116203,-119.681564,San Francisco,Adynxx,operating,2007-01-01,2011-01-11,2012-07-01,4.03,5.5,5.0,5.0,10,2,6800000,1,CA,biotech,0,0,1,0,0,1.0,1,2847,1471,2008,software,Medium
New York,40.726155,-73.995625,New York,Livestream,operating,2007-05-01,2007-05-01,2011-11-09,0.0,4.53,4.24,6.48,24,4,14699973,4,NY,games_video,1,1,1,0,0,1.0,0,2848,0,1653,Software,High
Massachusetts,42.230171,-71.530106,Boston,Smarterer,operating,2010-10-15,2011-06-13,2012-06-05,0.66,1.64,2.22,2.95,6,2,3000000,2,MA,web,1,0,1,0,0,5.0,1,2850,241,599,Software,Medium
California,37.3879727,-122.0515749,"Mountain View,",ShopSocially.com,operating,2010-01-01,2011-01-13,2011-01-13,1.03,1.03,0.25,1.03,0,1,1200000,2,CA,advertising,0,1,0,0,0,2.0,1,2852,377,377,Service,Low
New York,42.165726,-74.948051,New York,Warby Parker,operating,2010-01-01,2011-07-06,2013-01-01,1.51,3.0,2.58,3.83,16,3,56000000,2,NY,ecommerce,0,0,1,1,0,5.0,1,2853,551,1096,Software,High
New York,42.165726,-74.948051,New York,UGE,operating,2008-01-14,2013-08-07,2013-09-11,5.57,5.66,3.0,5.68,5,2,21089000,2,NY,cleantech,1,1,0,0,0,1.0,0,2854,2032,2067,Business,High
Colorado,39.059811,-105.311104,Boulder,TapInfluence,operating,2009-06-01,2012-03-08,2013-09-10,2.77,4.28,3.16,4.25,4,2,8200000,3,CO,software,0,0,1,1,0,2.0,1,2855,1011,1562,Software,Medium
New York,42.165726,-74.948051,New York,Wantworthy,operating,2011-01-01,2011-07-01,2012-08-09,0.5,1.61,0.92,2.56,3,3,1018000,2,NY,web,0,1,0,0,0,2.0,1,2856,181,586,Software,Low
California,36.116203,-119.681564,San Francisco,Launchpad Toys,operating,2010-03-01,2011-04-05,2011-11-28,1.1,1.75,0.0,1.5,2,4,1117000,2,CA,games_video,1,1,0,0,0,1.0,1,2857,400,637,Software,Low
California,37.7896811,-122.3943914,San Francisco,ThousandEyes,closed,2010-01-02,2011-10-18,2013-06-19,1.79,3.46,0.16,0.16,3,2,5662500,1,CA,enterprise,1,0,0,0,0,1.0,1,2858,654,1264,Software,Medium
California,37.7693868,-122.4081812,San Francisco,Curebit,operating,2010-08-15,2011-03-01,2012-01-27,0.54,1.45,0.96,2.79,6,2,1200000,2,CA,social,1,1,0,0,0,4.5,1,2859,198,530,Software,Low
California,33.8490657,-118.3094943,Torrance,Verengo Solar,operating,2008-01-01,2011-01-13,2013-09-16,3.04,5.71,1.33,1.33,3,2,22199985,1,CA,cleantech,1,0,0,0,0,1.0,0,2860,1108,2085,Business,High
Ohio,40.388783,-82.764915,Dublin,Updox,closed,2008-07-28,2011-11-02,2011-11-02,3.27,3.27,3.69,3.69,5,1,500000,1,OH,software,0,0,0,0,0,1.0,0,2862,1192,1192,Software,Low
New York,40.7525842,-73.9803946,New York,Appinions,operating,2008-01-01,2011-08-01,2013-05-01,3.58,5.33,4.22,4.75,7,3,5600000,3,NY,software,0,1,1,0,0,1.0,1,2863,1308,1947,Software,Medium
California,36.116203,-119.681564,San Diego,appsplit,closed,2011-01-12,2011-01-12,2011-01-12,0.0,0.0,1.39,2.2,5,1,30000,2,CA,finance,0,1,0,0,0,1.0,0,2864,0,0,Service,Low
New York,42.165726,-74.948051,Manhattan,DealDash,operating,2009-02-22,2011-12-10,2011-12-10,2.8,2.8,0.0,0.0,1,1,1500000,1,NY,ecommerce,0,0,0,0,0,1.0,0,2865,1021,1021,Software,Low
Massachusetts,42.356435,-71.0615659,Boston,Media Armor,operating,2010-05-05,2011-05-01,2012-02-10,0.99,1.77,1.58,1.78,4,2,1780000,2,MA,advertising,0,1,1,0,0,4.5,1,2866,361,646,Service,Low
California,38.2822833,-122.4369547,Sonoma,invino,operating,2009-03-01,2011-09-01,2013-06-25,2.5,4.32,3.34,3.34,3,3,3000000,1,CA,ecommerce,1,0,1,0,0,4.0,1,2867,914,1577,Software,Medium
New York,42.165726,-74.948051,New York,StrikeAd,operating,2010-07-01,2013-09-17,2013-09-17,3.22,3.22,1.53,3.38,8,1,7000000,2,NY,advertising,0,0,1,0,0,7.0,1,2868,1174,1174,Service,Medium
Texas,31.054487,-97.563461,Houston,NEOS GeoSolutions,operating,2009-04-01,2011-01-18,2011-01-18,1.8,1.8,2.05,2.05,16,1,60000000,1,TX,other,1,0,0,0,0,4.0,1,2869,657,657,Business,High
Washington,47.400902,-121.490494,Seattle,Acylin Therapeutics,closed,2009-01-01,2011-01-11,2012-06-04,2.03,3.42,-5.01,-5.01,6,2,6400000,1,WA,biotech,0,0,1,0,0,4.0,1,2870,740,1250,software,Medium
California,37.425359,-122.1389633,Palo Alto,Spinnakr,closed,2010-05-15,2013-06-10,2013-06-10,3.07,3.07,0.63,0.63,2,1,1000000,1,CA,analytics,0,1,0,0,0,4.0,1,2872,1122,1122,Software,Low
California,36.116203,-119.681564,Santa Monica,FFFavs,closed,2011-02-08,2011-05-02,2013-09-01,0.23,2.56,2.81,2.81,10,4,225000,1,CA,news,0,1,0,0,0,1.0,0,2873,83,936,Service,Low
Colorado,39.059811,-105.311104,Denver,YapTime,operating,2010-09-01,2010-09-01,2010-09-01,0.0,0.0,0.33,0.33,1,1,200000,1,CO,web,0,1,0,0,0,1.0,0,2874,0,0,Software,Low
California,36.116203,-119.681564,San Francisco,Piston Cloud Computing,operating,2011-01-01,2011-03-28,2013-02-04,0.24,2.1,0.73,1.92,18,4,14000000,3,CA,enterprise,0,0,1,1,0,4.5,1,2875,86,765,Software,High
California,36.116203,-119.681564,San Francisco,Pipedrive,operating,2010-06-21,2012-07-31,2013-09-18,2.11,3.25,0.45,3.25,7,2,3400000,3,CA,software,0,1,0,0,0,5.5,1,2876,771,1185,Software,Medium
California,36.116203,-119.681564,Bonsall,Monster Arts,operating,2011-09-01,2011-01-24,2011-01-24,-0.6,-0.6,-0.92,-0.46,1,1,10000000,3,CA,analytics,1,0,0,0,0,1.0,0,2877,-220,-220,Software,Medium
Georgia,33.040619,-83.643074,Atlanta,Digital Assent,operating,2009-10-01,2011-01-24,2011-10-14,1.32,2.04,0.0,0.0,2,4,12500000,1,GA,software,1,0,1,1,0,3.0,1,2879,480,743,Software,High
California,36.116203,-119.681564,"Livermore,",Solar Universe,closed,2007-01-01,2011-01-25,2011-01-25,4.07,4.07,4.09,4.09,0,1,7000000,1,CA,cleantech,0,0,0,1,0,1.0,1,2880,1485,1485,Business,Medium
North Carolina,35.630066,-79.806419,Durham,Adzerk,operating,2009-01-01,2011-07-12,2011-07-12,2.53,2.53,3.47,4.41,8,1,650000,2,NC,advertising,0,1,0,0,0,6.0,1,2881,922,922,Service,Low
California,36.116203,-119.681564,Redwood City,Sequent,operating,2010-01-01,2011-05-10,2013-07-08,1.35,3.52,1.35,2.8,23,2,12000000,4,CA,software,0,0,1,1,0,2.0,1,2882,494,1284,Software,High
New York,42.165726,-74.948051,New York,Moda Operandi,operating,2010-08-01,2010-06-23,2012-06-09,-0.11,1.86,2.64,2.64,11,3,56806309,1,NY,fashion,0,0,0,1,1,3.0,1,2883,-39,678,Business,High
Illinois,40.349457,-88.986137,Hoffman Estates,Univa,operating,2010-01-01,2011-01-25,2012-02-02,1.07,2.09,3.0,3.0,11,2,17385708,1,IL,software,1,0,0,0,0,6.0,1,2884,389,762,Software,High
Massachusetts,42.230171,-71.530106,Newton,ScaleBase,operating,2010-01-01,2012-10-17,2012-10-17,2.79,2.79,2.0,2.79,3,1,10500000,3,MA,analytics,0,0,0,1,0,3.0,1,2885,1020,1020,Software,Medium
Massachusetts,42.376771,-71.270269,Waltham,Care.com,operating,2006-10-01,2007-05-01,2012-07-07,0.58,5.77,5.34,5.97,19,5,108500000,3,MA,web,0,0,1,1,1,2.8,1,2886,212,2106,Software,High
Florida,27.766279,-81.686783,Sunrise,OrthoSensor,operating,2009-01-01,2011-01-27,2013-10-15,2.07,4.79,-0.25,-0.25,9,3,48000000,1,FL,medical,0,0,0,1,0,1.33,0,2887,756,1748,Service,High
Ohio,40.388783,-82.764915,Cincinnati,Bioformix,operating,2009-01-01,2012-03-13,2012-03-13,3.2,3.2,3.08,3.08,14,1,13600000,1,OH,biotech,0,0,1,0,0,3.0,1,2888,1167,1167,software,High
California,36.116203,-119.681564,San Francisco,Frontback,operating,2011-01-01,2012-06-12,2013-10-29,1.45,2.83,2.83,2.86,8,2,3910000,2,CA,web,0,1,0,0,0,9.5,1,2889,528,1032,Software,Medium
Ohio,40.1049859,-83.145461,Dublin,"Seen Digital Media, Inc.",closed,2009-06-01,2011-01-01,2012-12-30,1.59,3.58,4.42,4.42,4,3,1392000,1,OH,web,1,0,1,0,0,1.0,0,2890,579,1308,Software,Low
Massachusetts,42.230171,-71.530106,Boston,Boston Technologies,operating,2007-01-01,2011-06-09,2011-06-22,4.44,4.47,4.42,4.72,11,2,3225000,2,MA,software,0,0,0,0,0,2.0,0,2891,1620,1633,Software,Medium
California,36.116203,-119.681564,Santa Clara,Openbucks,operating,2011-01-01,2011-04-13,2012-07-16,0.28,1.54,1.25,1.54,7,4,9600063,2,CA,ecommerce,1,1,1,0,0,7.33,1,2892,102,562,Software,Medium
New York,42.165726,-74.948051,New York,Dinsmore Steele,closed,2010-03-21,2011-10-01,2011-10-01,1.53,1.53,0.62,1.28,3,1,250000,2,NY,consulting,0,1,0,0,0,1.0,0,2893,559,559,Business,Low
Massachusetts,42.230171,-71.530106,Jamaica Plain,Brass Monkey,operating,2010-06-23,2012-01-18,2012-01-18,1.57,1.57,0.95,1.57,7,1,750000,2,MA,games_video,0,1,0,0,0,2.0,1,2894,574,574,Software,Low
California,36.116203,-119.681564,Walnut,LaunchRock,operating,2011-01-28,2011-11-08,2011-11-08,0.78,0.78,0.01,2.36,10,1,800000,3,CA,enterprise,0,1,0,0,0,6.0,1,2895,284,284,Software,Low
New York,42.165726,-74.948051,New York,MediaMorph,operating,2007-10-01,2011-02-01,2012-02-29,3.34,4.42,2.5,2.5,7,3,13000000,1,NY,software,1,0,1,0,0,2.0,1,2896,1219,1612,Software,High
Tennessee,35.747845,-86.692345,Nashville,Bizen,operating,2010-09-01,2010-09-01,2011-03-01,0.0,0.5,0.02,0.02,2,2,365000,1,TN,software,0,1,0,0,0,1.0,0,2897,0,181,Software,Low
New York,40.7456621,-73.9822642,New York,Truveris,operating,2009-01-01,2011-02-01,2012-02-23,2.08,3.15,2.76,3.37,11,2,13800000,2,NY,software,0,0,1,1,0,3.5,1,2898,761,1148,Software,High
New York,42.165726,-74.948051,New York,Dynamo Media,closed,2010-01-01,2010-07-15,2011-01-01,0.53,1.0,0.25,0.25,4,2,325000,1,NY,games_video,0,1,0,0,0,1.0,0,2899,195,365,Software,Low
California,36.116203,-119.681564,Torrance,Selvz,operating,2010-03-01,2010-08-28,2012-03-10,0.49,2.03,2.34,2.34,7,2,220000,2,CA,web,0,1,0,0,0,2.0,0,2900,180,740,Software,Low
California,36.116203,-119.681564,San Francisco,Hearsay Social,operating,2009-01-01,2011-02-03,2013-09-05,2.09,4.68,4.02,4.68,15,3,51000000,2,CA,software,0,0,1,1,1,4.67,1,2901,763,1708,Software,High
California,36.116203,-119.681564,San Jose,CipherCloud,operating,2010-01-01,2011-08-25,2012-12-05,1.65,2.93,1.16,2.93,10,2,30000000,3,CA,enterprise,1,0,0,0,0,2.0,1,2902,601,1069,Software,High
New York,40.739846,-73.991946,New York,Popdust,operating,2011-02-01,2011-02-03,2012-06-04,0.01,1.34,1.21,1.21,9,2,5500000,1,NY,news,0,0,1,0,0,4.0,1,2903,2,489,Service,Medium
Massachusetts,42.230171,-71.530106,Cambridge,InsightSquared,operating,2010-11-01,2011-02-03,2013-06-04,0.26,2.59,1.53,2.75,7,3,13500000,3,MA,analytics,0,1,1,1,0,4.0,1,2904,94,946,Software,High
California,36.116203,-119.681564,Pleasanton,IntegenX,operating,2006-01-01,2006-08-29,2012-12-28,0.66,6.99,6.33,6.33,16,6,115903866,1,CA,biotech,1,0,1,1,1,3.83,1,2905,240,2553,software,High
Utah,40.150032,-111.862434,Draper,Needle,operating,2010-01-01,2011-02-04,2012-07-02,1.09,2.5,2.5,3.75,9,3,15000000,3,UT,software,0,0,1,1,0,1.33,1,2906,399,913,Software,High
California,37.392936,-122.07948,San Francisco,Ustream,operating,2007-01-01,2007-12-18,2010-02-02,0.96,3.09,0.9,6.73,27,3,60100000,4,CA,games_video,0,0,1,1,0,3.33,1,2907,351,1128,Software,High
New York,42.165726,-74.948051,New York,Depositphotos,operating,2009-11-11,2011-07-27,2011-07-27,1.71,1.71,1.14,2.55,6,1,3000000,2,NY,web,0,0,1,0,0,1.0,0,2908,623,623,Software,Medium
California,36.116203,-119.681564,San Francisco,CloudPassage,operating,2009-01-01,2011-04-27,2013-02-25,2.32,4.15,3.96,4.81,13,3,20500000,3,CA,security,0,0,1,1,0,1.67,1,2909,846,1516,Service,High
Washington,47.400902,-121.490494,Seattle,Presage Biosciences,operating,2008-11-01,2009-11-01,2013-03-13,1.0,4.36,-0.84,-0.84,2,4,13566295,1,WA,biotech,1,1,1,0,0,1.0,0,2910,365,1593,software,High
California,37.8052307,-122.2660997,Oakland,Rockbot (formerly Roqbot),closed,2010-01-01,2011-05-01,2012-06-12,1.33,2.45,0.33,2.45,5,2,1200000,2,CA,mobile,0,1,0,0,0,5.0,1,2911,485,893,software,Low
California,36.116203,-119.681564,Mountain View,Zerply,operating,2010-04-30,2010-07-01,2012-05-01,0.17,2.01,0.76,2.95,4,2,700000,2,CA,web,1,1,0,0,0,3.0,1,2913,62,732,Software,Low
California,36.116203,-119.681564,San Francisco,dotCloud,operating,2008-01-01,2010-08-01,2011-03-30,2.58,3.24,3.16,5.79,12,3,13679150,3,CA,software,0,1,1,0,0,5.0,1,2914,943,1184,Software,High
Connecticut,41.597782,-72.755371,GUILFORD,uKnow Corporation,operating,2008-01-01,2011-02-10,2012-05-10,3.11,4.36,2.84,3.11,7,2,815830,2,CT,advertising,1,1,0,0,0,2.0,1,2915,1136,1591,Service,Low
New York,42.165726,-74.948051,New York,Group Commerce,operating,2010-03-01,2010-06-01,2012-05-29,0.25,2.25,1.59,2.17,19,3,39000000,2,NY,public_relations,0,0,1,1,1,4.33,1,2916,92,820,Service,High
Massachusetts,42.230171,-71.530106,Cambridge,Gen9,operating,2009-01-01,2011-02-11,2013-04-24,2.11,4.31,2.32,2.83,7,4,24595000,2,MA,biotech,1,0,0,0,0,1.5,1,2918,771,1574,software,High
California,36.116203,-119.681564,Menlo Park,InVisage Technologies,operating,2006-10-01,2011-02-14,2013-02-13,4.38,6.38,-1.75,-1.75,4,2,27500000,1,CA,semiconductor,0,0,0,0,1,5.5,1,2919,1597,2327,Software,High
California,37.7813979,-122.4029701,San Francisco,Symphony Commerce (formerly Sneakpeeq),operating,2010-11-15,2011-04-08,2013-07-12,0.39,2.66,0.13,1.84,5,4,17544997,2,CA,ecommerce,1,0,1,0,0,4.0,1,2920,144,970,Software,High
New Hampshire,43.452492,-71.563896,Nashua,Plexxi,operating,2010-08-01,2011-02-15,2012-06-29,0.54,1.91,1.84,1.84,6,3,48400000,1,NH,network_hosting,1,0,0,1,1,3.0,1,2921,198,698,Software,High
California,36.116203,-119.681564,Los Angeles,Airpush,operating,2010-12-01,2011-01-03,2011-01-03,0.09,0.09,2.17,2.86,10,1,400000,3,CA,advertising,0,1,0,0,0,1.0,0,2922,33,33,Service,Low
Illinois,40.0911149,-88.2401544,Champaign,Personify Inc,operating,2009-08-04,2010-11-01,2013-08-21,1.24,4.05,-0.01,3.27,12,5,6887193,2,IL,software,1,1,1,0,0,2.0,0,2923,454,1478,Software,Medium
Colorado,39.059811,-105.311104,Golden,Mosoro,operating,2010-01-01,2012-01-31,2012-01-31,2.08,2.08,2.0,2.08,3,1,1500000,2,CO,hardware,0,0,1,0,0,5.0,0,2925,760,760,Hardware,Low
Pennsylvania,40.590752,-77.209755,Downingtown,ThingWorx,operating,2009-01-01,2011-02-16,2013-02-06,2.13,4.1,4.0,4.0,16,2,12999977,1,PA,software,1,0,0,1,0,1.0,1,2926,776,1497,Software,High
California,36.116203,-119.681564,Mountain View,Game Closure,operating,2011-01-01,2011-08-31,2012-02-23,0.66,1.15,-1.0,2.12,4,2,12000000,2,CA,games_video,0,1,1,0,0,5.5,1,2927,242,418,Software,High
New York,40.752816,-73.991578,New York,"TargetSpot, Inc.",operating,2007-01-01,2008-03-11,2011-01-11,1.19,4.03,3.67,5.84,20,2,16600000,4,NY,advertising,0,0,0,1,1,3.5,1,2928,435,1471,Service,High
California,36.116203,-119.681564,Mountain View,Skybox Imaging,operating,2009-01-05,2009-07-31,2012-04-17,0.57,3.28,3.9,4.13,21,3,91000000,2,CA,photo_video,0,0,1,1,1,3.33,1,2929,207,1198,Software,High
Utah,40.5655379,-111.902062,South Jordan,Lendio,operating,2006-03-15,2011-02-17,2013-08-28,4.93,7.46,7.39,7.46,10,3,12500000,2,UT,finance,0,0,1,1,0,2.0,1,2930,1800,2723,Service,High
New York,40.801358,-74.3372,NYC,AdaptiveBlue,operating,2007-01-01,2007-02-15,2012-01-11,0.12,5.03,0.08,3.92,7,4,24020000,2,NY,games_video,1,0,1,1,0,1.33,1,2931,45,1836,Software,High
Missouri,38.456085,-92.288368,St. Louis,Gremln,operating,2009-09-01,2012-12-24,2013-10-18,3.32,4.13,0.0,0.0,6,3,1283452,1,MO,software,1,1,0,0,0,1.0,1,2932,1210,1508,Software,Low
Missouri,38.456085,-92.288368,St Louis,Obsorb,operating,2011-02-01,2011-05-01,2011-05-01,0.24,0.24,0.92,0.92,3,1,110000,1,MO,software,0,1,0,0,0,2.0,1,2933,89,89,Software,Low
Tennessee,35.747845,-86.692345,Nashville,BreatheAmerica,operating,2006-01-01,2011-09-06,2013-09-24,5.68,7.73,5.0,5.0,3,3,29800000,1,TN,health,0,0,0,1,0,1.0,1,2934,2074,2823,Service,High
Maryland,39.063946,-76.802101,Baltimore,Videology,operating,2007-01-01,2008-02-26,2013-05-28,1.15,6.41,3.51,6.01,24,5,134191580,3,MD,advertising,0,0,1,1,1,3.0,1,2935,421,2339,Service,High
California,37.787249,-122.3990501,San Francisco,PapayaMobile,operating,2008-01-01,2010-01-01,2011-04-27,2.0,3.32,3.65,4.75,9,2,22000000,3,CA,games_video,0,0,1,1,0,1.5,1,2936,731,1212,Software,High
California,33.655843,-117.752731,Irvine,MyColorScreen,operating,2011-01-01,2013-07-01,2013-07-01,2.5,2.5,2.77,2.77,0,1,500000,1,CA,web,0,1,0,0,0,1.0,0,2937,912,912,Software,Low
Massachusetts,42.230171,-71.530106,Boston,Kyruus,operating,2010-01-01,2011-06-21,2013-01-02,1.47,3.01,2.0,2.0,12,3,19500000,1,MA,analytics,1,0,1,1,0,5.5,1,2938,536,1097,Software,High
California,36.116203,-119.681564,San Francisco,HotelTonight,operating,2010-12-01,2011-05-10,2013-09-05,0.44,2.76,1.42,2.82,12,4,80685000,2,CA,mobile,0,0,1,1,1,5.25,1,2939,160,1009,software,High
California,36.116203,-119.681564,Mountain View,Room 77,operating,2010-04-01,2010-01-01,2013-01-03,-0.25,2.76,1.84,2.92,15,3,43800000,2,CA,travel,0,0,0,1,1,6.33,1,2940,-90,1008,Service,High
Rhode Island,41.680893,-71.51178,Providence,Diavibe,operating,2010-01-01,2010-06-01,2010-06-01,0.41,0.41,0.41,0.41,4,1,20000,1,RI,other,0,1,0,0,0,1.0,1,2941,151,151,Business,Low
California,36.116203,-119.681564,Los Angeles,I Am Advertising,closed,2009-07-01,2009-07-01,2009-07-01,0.0,0.0,0.0,0.0,1,1,100000,1,CA,advertising,0,1,0,0,0,2.0,0,2942,0,0,Service,Low
Massachusetts,42.325415,-71.252388,Wellesley,Paydiant,operating,2010-01-01,2011-02-22,2013-09-09,1.14,3.69,2.52,3.0,10,3,34600000,2,MA,enterprise,0,0,1,1,1,3.0,1,2943,417,1347,Software,High
Colorado,39.059811,-105.311104,Denver,Inspirato,operating,2011-01-01,2010-08-01,2012-01-31,-0.42,1.08,0.81,1.25,11,4,53500000,2,CO,travel,1,0,1,0,0,2.5,1,2945,-153,395,Service,High
Washington,47.400902,-121.490494,Seattle,Bevy,closed,2007-09-27,2007-10-01,2007-10-01,0.01,0.01,0.63,0.63,0,1,1200000,1,WA,web,0,1,0,0,0,2.0,1,2946,4,4,Software,Low
Washington,47.6236032,-122.3359745,Seattle,MobileDevHQ,operating,2009-01-01,2009-02-01,2012-12-20,0.08,3.97,3.92,3.97,3,4,1050000,2,WA,analytics,1,1,0,0,0,3.0,1,2947,31,1449,Software,Low
Utah,40.150032,-111.862434,Salt Lake City,Fuze Network,operating,2010-08-01,2011-02-22,2012-09-28,0.56,2.16,2.16,2.17,7,2,3700000,2,UT,finance,0,1,1,0,0,3.0,1,2948,205,789,Service,Medium
California,36.116203,-119.681564,Goleta,Transphorm,operating,2007-01-01,2010-05-05,2012-10-01,3.34,5.75,5.0,5.0,14,4,100200000,1,CA,cleantech,1,0,0,0,1,3.0,1,2949,1220,2100,Business,High
Illinois,40.349457,-88.986137,Chicago,Channel IQ,operating,2009-09-01,2011-04-20,2013-11-07,1.63,4.19,1.87,2.83,7,2,12000000,2,IL,software,0,0,1,1,0,1.0,0,2950,596,1528,Software,High
California,37.5529479,-122.2906215,San Mateo,Kii,operating,2010-01-01,2013-10-16,2013-10-16,3.79,3.79,0.53,2.78,12,1,7300000,2,CA,software,1,0,0,0,0,1.0,0,2951,1384,1384,Software,Medium
Illinois,40.349457,-88.986137,Chicago,doggyloot,operating,2010-12-01,2011-09-04,2013-08-23,0.76,2.73,1.0,1.42,4,2,2500000,2,IL,pets,0,1,1,0,0,1.5,0,2952,277,996,Service,Medium
New York,42.165726,-74.948051,New York,Yieldbot,operating,2010-02-14,2010-12-01,2013-07-01,0.79,3.38,2.26,2.72,5,3,10400000,2,NY,advertising,0,1,1,0,0,6.0,1,2953,290,1233,Service,Medium
California,36.116203,-119.681564,San Francisco,TinyCo,operating,2009-01-01,2011-02-25,2013-11-14,2.15,4.87,2.39,4.87,9,2,38000000,3,CA,games_video,0,0,1,1,0,2.5,1,2954,785,1778,Software,High
Washington DC,38.8951,-77.0364,Washington,Sunlight Foundation,operating,2006-04-01,2011-01-01,2013-06-18,4.76,7.22,5.84,6.17,6,2,6527820,2,DC,nonprofit,0,0,0,0,0,1.0,1,2955,1736,2635,Service,Medium
California,36.116203,-119.681564,San Francisco,Chartboost,operating,2011-02-01,2011-10-01,2013-01-08,0.66,1.94,2.44,2.67,16,2,21000000,2,CA,games_video,0,0,1,1,0,3.0,1,2956,242,707,Software,High
California,36.116203,-119.681564,San Francisco,Cloudwords,closed,2010-05-26,2011-04-05,2012-05-18,0.86,1.98,1.93,2.76,5,2,2400000,3,CA,enterprise,1,0,0,1,0,1.0,1,2957,314,723,Software,Medium
California,36.116203,-119.681564,Venice,Earbits,closed,2010-01-20,2011-06-17,2013-01-01,1.41,2.95,0.7,3.26,14,2,605000,3,CA,music,0,1,0,0,0,3.5,1,2958,513,1077,Service,Low
California,36.116203,-119.681564,Palo Alto,Comprehend Systems,operating,2010-01-01,2011-11-08,2013-07-11,1.85,3.53,1.16,3.0,5,2,9600000,2,CA,enterprise,0,1,1,0,0,9.0,1,2959,676,1287,Software,Medium
Texas,31.054487,-97.563461,Nashville,SplitSecnd,closed,2010-01-01,2013-02-27,2013-02-27,3.16,3.16,3.15,3.15,1,1,2100000,1,TX,hardware,0,0,0,0,0,2.0,0,2960,1153,1153,Hardware,Medium
California,37.383368,-121.980186,Santa Clara,CrestaTech,operating,2005-11-30,2005-01-01,2012-10-01,-0.91,6.84,0.09,6.42,14,4,20885000,3,CA,software,1,0,1,0,0,1.5,1,2961,-333,2497,Software,High
California,36.116203,-119.681564,Palo Alto,Ninua,operating,2007-05-01,2011-01-17,2012-12-12,3.72,5.62,1.36,5.23,3,4,750000,3,CA,web,0,1,0,0,0,1.25,1,2962,1357,2052,Software,Low
California,37.7582977,-122.3882126,San Francisco,Sifteo,operating,2009-01-01,2009-07-01,2012-01-01,0.5,3.0,2.0,3.9,10,4,16500000,3,CA,hardware,1,0,1,1,0,1.5,1,2963,181,1095,Hardware,High
Massachusetts,42.230171,-71.530106,Cambridge,NeuroPhage Pharmaceuticals,operating,2006-01-01,2011-03-01,2013-05-06,5.16,7.35,3.0,5.17,2,3,27800000,2,MA,biotech,0,0,0,1,0,1.67,0,2964,1885,2682,software,High
New York,40.7566899,-73.985829,New York,BONDS.COM,operating,2013-04-01,2011-03-01,2011-12-05,-2.09,-1.32,-1.67,-1.3,5,2,23100000,2,NY,finance,1,0,0,0,0,4.5,1,2965,-762,-483,Service,High
New York,42.165726,-74.948051,New York,Divide,operating,2010-01-01,2010-10-01,2013-10-08,0.75,3.77,2.0,3.77,12,3,25000000,2,NY,enterprise,0,0,1,1,0,4.0,1,2966,273,1376,Software,High
California,36.116203,-119.681564,Belmont,Selligy,closed,2011-01-01,2013-11-13,2013-11-13,2.87,2.87,1.58,2.25,5,1,2800000,2,CA,mobile,0,0,1,0,0,3.0,1,2968,1047,1047,software,Medium
California,36.116203,-119.681564,Redwood City,Relayware,operating,2007-01-01,2013-09-30,2013-09-30,6.75,6.75,6.68,6.68,3,1,5303380,1,CA,software,1,0,0,0,0,1.0,0,2969,2464,2464,Software,Medium
Connecticut,41.597782,-72.755371,Wilton,Ruckus Media Group,operating,2010-01-01,2011-03-03,2011-03-03,1.17,1.17,1.45,2.29,2,1,3500000,2,CT,games_video,0,0,1,0,0,1.0,1,2970,426,426,Software,Medium
California,36.116203,-119.681564,Sacramento,Glue Networks,operating,2007-01-01,2011-03-03,2012-12-18,4.17,5.97,4.0,4.0,15,2,6066599,1,CA,enterprise,0,0,1,0,0,6.0,1,2971,1522,2178,Software,Medium
California,36.116203,-119.681564,Mountain View,Totango,operating,2010-05-01,2010-01-01,2011-07-28,-0.33,1.24,0.0,0.0,7,2,3800000,1,CA,analytics,0,1,1,0,0,2.0,1,2972,-120,453,Software,Medium
Maryland,39.063946,-76.802101,Baltimore,410 Labs,operating,2010-01-01,2011-07-11,2011-07-11,1.52,1.52,0.41,3.24,5,1,750000,2,MD,messaging,0,0,1,0,0,4.0,1,2973,556,556,Software,Low
California,36.116203,-119.681564,San Francisco,News360,operating,2010-06-01,2010-07-01,2011-05-01,0.08,0.92,0.0,3.14,2,2,1500000,2,CA,enterprise,0,0,1,0,0,1.0,0,2974,30,334,Software,Low
Maryland,42.3546105,-71.1368617,ALLSTON,YouGotListings,closed,2009-01-01,2011-03-06,2011-03-06,2.18,2.18,2.18,2.18,1,1,150000,1,MD,real_estate,0,1,0,0,0,2.0,1,2975,794,794,Business,Low
Washington,47.400902,-121.490494,Seattle,Bobber Interactive Corporation,closed,2010-01-01,2011-09-20,2011-09-20,1.72,1.72,2.33,2.39,5,1,1400000,2,WA,finance,0,0,1,0,0,2.0,0,2976,627,627,Service,Low
New York,42.165726,-74.948051,New York,Shelby.tv,closed,2011-01-10,2011-01-01,2012-07-31,-0.02,1.56,0.79,2.85,14,4,3925000,3,NY,mobile,0,1,0,0,0,4.25,1,2977,-9,568,software,Medium
Colorado,39.059811,-105.311104,Boulder,Kindara,operating,2010-04-22,2012-10-01,2012-10-01,2.45,2.45,-0.47,-0.47,13,1,350000,1,CO,mobile,0,1,0,0,0,1.0,0,2978,893,893,software,Low
Massachusetts,42.230171,-71.530106,Concord,Isabella Products,operating,2008-02-18,2013-06-13,2013-06-13,5.32,5.32,-0.05,-0.05,1,1,9200000,1,MA,hardware,0,0,1,0,0,4.0,0,2979,1942,1942,Hardware,Medium
California,37.781265,-122.393229,San Francisco,Crunchyroll,operating,2008-01-01,2008-02-01,2010-03-25,0.08,2.23,3.33,5.92,8,2,4800000,2,CA,games_video,1,0,1,0,0,1.5,1,2980,31,814,Software,Medium
California,36.116203,-119.681564,Oakland,Breezy,operating,2009-01-01,2011-03-08,2011-03-08,2.18,2.18,2.18,2.27,4,1,750000,2,CA,enterprise,0,1,0,0,0,8.0,1,2981,796,796,Software,Low
California,36.116203,-119.681564,San Francisco,Flite,operating,2006-01-01,2011-03-08,2013-06-12,5.18,7.45,2.16,7.86,14,3,36000000,2,CA,advertising,0,0,0,0,1,2.33,1,2982,1892,2719,Service,High
Massachusetts,42.230171,-71.530106,Boston,Retroficiency,operating,2009-01-01,2011-11-30,2011-11-30,2.91,2.91,2.18,3.05,10,1,3320000,3,MA,cleantech,0,0,1,0,0,1.0,1,2983,1063,1063,Business,Medium
New York,40.754211,-73.97917,New York,BountyJobs,operating,2006-11-14,2006-01-01,2013-10-21,-0.87,6.94,3.05,4.78,12,5,29805235,2,NY,web,1,0,1,1,1,2.0,1,2984,-317,2533,Software,High
New York,40.7550768,-73.9922576,New York,Take the Interview,operating,2011-02-01,2011-09-01,2013-06-25,0.58,2.4,2.53,2.53,10,3,3096763,1,NY,software,0,1,1,0,0,2.5,1,2985,212,875,Software,Medium
New York,42.165726,-74.948051,New York,Booker,operating,2010-10-01,2011-10-19,2013-04-17,1.05,2.55,1.05,1.68,10,2,42000000,2,NY,software,0,0,1,1,0,4.5,1,2986,383,929,Software,High
California,36.116203,-119.681564,Palo Alto,PunchTab,closed,2011-01-01,2011-05-31,2011-11-08,0.41,0.85,0.85,1.78,4,2,5250000,3,CA,advertising,0,1,1,0,0,4.5,1,2987,150,311,Service,Medium
Georgia,33.775683,-84.362979,Atlanta,TripLingo,operating,2011-01-01,2011-06-24,2012-09-25,0.48,1.73,0.09,0.09,2,3,953768,1,GA,travel,1,0,0,0,0,1.0,0,2988,174,633,Service,Low
California,36.116203,-119.681564,Santa Cruz,NextSpace,operating,2008-06-01,2011-03-09,2013-08-18,2.77,5.22,3.59,3.59,6,3,1750000,1,CA,web,0,1,0,0,0,2.0,0,2989,1011,1904,Software,Low
Massachusetts,42.230171,-71.530106,Cambridge,Nimbus Discovery,operating,2009-01-01,2010-04-29,2011-06-28,1.32,2.49,3.25,3.25,7,3,29000000,1,MA,biotech,1,0,1,0,0,3.0,1,2991,483,908,software,High
California,36.116203,-119.681564,San Francisco,Ringz.TV,operating,2010-12-01,2010-12-01,2011-12-27,0.0,1.07,1.0,2.02,10,2,1040000,2,CA,enterprise,0,1,0,0,0,1.0,0,2992,0,391,Software,Low
California,36.116203,-119.681564,San Francisco,Schematic Labs,operating,2010-01-01,2010-08-01,2013-04-01,0.58,3.25,0.84,1.44,7,3,5675000,3,CA,games_video,1,1,1,0,0,4.33,1,2993,212,1186,Software,Medium
Virginia,37.769337,-78.169968,Reston,LightSquared,operating,2010-01-01,2011-07-05,2011-07-05,1.51,1.51,1.19,2.37,7,1,265000000,3,VA,mobile,1,0,0,0,0,2.0,0,2994,550,550,software,High
California,37.3825621,-121.9196706,San Jose,Danal d/b/a BilltoMobile,operating,2006-06-01,2007-06-01,2013-05-31,1.0,7.0,0.92,5.64,22,2,14500000,3,CA,mobile,0,0,1,0,0,1.0,1,2995,365,2556,software,High
California,36.116203,-119.681564,San Francisco,Red Karaoke,operating,2007-04-03,2008-03-13,2008-03-13,0.95,0.95,1.23,1.23,6,1,3120000,1,CA,games_video,0,0,1,0,0,1.0,0,2996,345,345,Software,Medium
New York,40.7384368,-73.9936828,New York,EquaMetrics,operating,2011-01-17,2011-05-15,2013-07-26,0.32,2.52,0.44,1.87,4,3,4500000,2,NY,software,0,1,0,0,0,2.0,0,2997,118,921,Software,Medium
California,36.116203,-119.681564,San Mateo,Motista,operating,2007-01-01,2011-04-12,2011-04-12,4.28,4.28,4.23,6.01,14,1,5862712,3,CA,web,0,0,1,0,0,1.0,1,2998,1562,1562,Software,Medium
California,36.116203,-119.681564,Mountain View,RewardMe,closed,2010-08-01,2011-05-01,2011-05-01,0.75,0.75,0.42,1.0,5,1,1100000,2,CA,advertising,0,1,0,0,0,2.0,0,2999,273,273,Service,Low
California,36.116203,-119.681564,Mountain View,Kicksend,operating,2011-03-01,2011-11-03,2011-11-03,0.68,0.68,0.44,2.66,6,1,1800000,3,CA,photo_video,0,0,0,0,0,8.0,1,3000,247,247,Software,Low
Maryland,39.063946,-76.802101,Baltimore,Foodem,operating,2010-01-01,2010-01-01,2013-05-14,0.0,3.37,1.0,1.0,3,3,875000,1,MD,hospitality,0,1,0,0,0,1.0,0,3001,0,1229,Service,Low
California,37.563664,-122.324717,San Mateo,Doximity,operating,2010-10-01,2011-03-16,2012-09-05,0.45,1.93,1.5,2.9,8,2,27800000,3,CA,medical,0,0,1,1,0,2.5,1,3002,166,705,Service,High
Minnesota,45.694454,-93.900192,Saint Paul,NxThera,operating,2008-01-01,2011-10-04,2013-08-14,3.76,5.62,3.67,3.67,6,2,39800000,1,MN,medical,0,0,0,1,1,3.0,1,3003,1372,2052,Service,High
Pennsylvania,40.590752,-77.209755,Scranton,APPEK Mobile Apps,operating,2009-05-19,2011-03-09,2011-03-09,1.81,1.81,1.81,1.81,3,1,50000,1,PA,mobile,0,1,0,0,0,1.0,0,3004,659,659,software,Low
Louisiana,31.169546,-91.867805,Port Allen,Omnicademy,operating,2010-03-17,2011-03-18,2011-10-31,1.0,1.62,0.83,0.83,2,2,750000,1,LA,social,1,1,0,0,0,1.0,0,3005,366,593,Software,Low
Texas,31.054487,-97.563461,Houston,Suagi.com,operating,2011-01-19,2011-01-19,2011-01-19,0.0,0.0,0.0,0.0,2,1,120000,1,TX,social,0,1,0,0,0,1.0,0,3006,0,0,Software,Low
New Hampshire,43.452492,-71.563896,Lebanon,StartWire,operating,2010-08-06,2010-08-06,2013-01-17,0.0,2.45,0.41,1.44,3,3,5500000,2,NH,web,0,1,1,1,0,1.33,1,3007,0,895,Software,Medium
California,36.116203,-119.681564,Menlo Park,Nevro,operating,2010-01-01,2011-07-19,2013-03-07,1.55,3.18,1.0,1.0,16,2,106000000,1,CA,biotech,1,0,0,0,1,8.0,1,3008,564,1161,software,High
California,36.116203,-119.681564,Mountain View,DoubleRecall,operating,2010-01-01,2012-02-13,2012-02-13,2.12,2.12,1.0,2.12,5,1,1600000,3,CA,advertising,0,0,0,0,0,6.0,1,3009,773,773,Service,Low
New York,42.165726,-74.948051,New York City,Cognection,operating,2010-12-01,2011-04-01,2011-04-01,0.33,0.33,0.36,0.36,4,1,25000,1,NY,ecommerce,0,1,0,0,0,1.0,1,3010,121,121,Software,Low
Ohio,40.388783,-82.764915,Powell,Resort Gems,closed,2010-03-01,2010-09-01,2010-12-01,0.5,0.75,0.0,0.0,1,2,1100000,1,OH,travel,0,1,0,0,0,1.5,0,3011,184,275,Service,Low
Pennsylvania,40.590752,-77.209755,Pittsburgh,Branding Brand,operating,2008-03-01,2012-10-01,2013-09-19,4.59,5.56,4.59,5.76,4,2,17000000,3,PA,mobile,0,0,1,1,0,3.5,1,3012,1675,2028,software,High
California,36.116203,-119.681564,Santa Monica,Convertro,operating,2009-01-01,2009-01-01,2013-01-14,0.0,4.04,3.96,3.96,12,2,5000000,2,CA,advertising,0,0,1,1,0,2.5,1,3013,0,1474,Service,Medium
Colorado,39.059811,-105.311104,Denver,Altitude Digital,operating,2009-07-01,2010-12-01,2013-01-08,1.42,3.53,3.24,4.41,12,2,5200000,2,CO,advertising,1,1,0,0,0,2.5,1,3014,518,1287,Service,Medium
California,36.116203,-119.681564,San Francisco,adRise,closed,2010-11-01,2012-10-16,2012-10-16,1.96,1.96,0.89,1.17,8,1,2000000,2,CA,advertising,1,0,0,0,0,1.0,1,3015,715,715,Service,Low
California,36.116203,-119.681564,San Francisco,ShopSquad/Ownza,operating,2011-02-24,2011-03-23,2011-03-23,0.07,0.07,0.08,0.08,0,1,1250000,2,CA,ecommerce,0,1,0,0,0,5.0,0,3016,27,27,Software,Low
Georgia,33.040619,-83.643074,Duluth,SoloHealth,operating,2007-01-01,2009-10-08,2012-07-25,2.77,5.57,5.84,5.84,13,5,26200000,1,GA,health,1,0,0,0,0,1.0,0,3017,1011,2032,Service,High
Texas,31.054487,-97.563461,Dallas,J. Hilburn,operating,2007-01-01,2008-08-01,2012-10-10,1.58,5.78,4.5,4.5,2,5,26037513,1,TX,fashion,1,1,1,1,1,1.25,1,3018,578,2109,Business,High
California,36.116203,-119.681564,San Francisco,Basis Science,operating,2011-03-01,2011-03-22,2013-10-08,0.06,2.61,0.24,2.61,10,3,32250000,3,CA,health,0,0,1,1,0,4.33,1,3019,21,952,Service,High
Massachusetts,42.230171,-71.530106,Cambridge,Bluetrain Mobile,closed,2010-05-01,2013-04-23,2013-04-23,2.98,2.98,1.5,1.5,6,1,1530000,1,MA,mobile,0,0,0,0,0,4.0,1,3021,1088,1088,software,Low
Pennsylvania,40.590752,-77.209755,Pittsburgh,CivicScience,operating,2007-07-01,2011-03-24,2013-10-08,3.73,6.28,3.73,3.73,3,3,4900000,1,PA,analytics,1,1,0,0,0,2.5,0,3022,1362,2291,Software,Medium
New York,42.165726,-74.948051,New York,LocalBonus,operating,2011-01-01,2012-01-09,2013-03-11,1.02,2.19,0.58,2.38,3,3,1025000,4,NY,web,0,1,0,0,0,1.5,1,3023,373,800,Software,Low
New York,42.165726,-74.948051,New York,CMP.LY,closed,2009-01-01,2011-03-23,2012-06-01,2.22,3.42,2.22,3.42,8,2,3150000,3,NY,social,0,1,1,0,0,3.0,0,3024,811,1247,Software,Medium
California,37.721376,-122.459712,San Francisco,Quote Roller,operating,2011-01-01,2013-05-09,2013-05-16,2.35,2.37,2.0,2.0,2,2,1305000,1,CA,software,0,1,0,0,0,3.0,1,3025,859,866,Software,Low
California,36.116203,-119.681564,Palo Alto,Big Switch Networks,operating,2010-01-01,2011-04-22,2013-02-08,1.3,3.11,1.01,1.3,7,4,76250000,2,CA,software,1,0,1,1,0,2.0,1,3026,476,1134,Software,High
California,36.116203,-119.681564,San Francisco,LocBox,operating,2010-12-10,2012-10-31,2012-10-31,1.89,1.89,1.89,2.06,3,1,5100000,2,CA,web,0,0,1,0,0,4.0,1,3027,691,691,Software,Medium
California,36.116203,-119.681564,San Diego,Citybot,operating,2011-05-01,2012-09-30,2012-09-30,1.42,1.42,1.42,1.86,6,1,750000,2,CA,mobile,0,1,0,0,0,5.0,1,3028,518,518,software,Low
California,36.116203,-119.681564,Oakland,Browserling,operating,2011-03-11,2011-03-01,2011-03-01,-0.03,-0.03,-0.78,-0.78,2,1,55000,1,CA,software,0,1,0,0,0,5.0,0,3029,-10,-10,Software,Low
California,34.100477,-118.328981,Los Angeles,Stageit,operating,2010-01-01,2009-04-01,2009-04-01,-0.75,-0.75,0.25,2.14,2,1,40000,2,CA,games_video,0,1,0,0,0,1.0,0,3030,-275,-275,Software,Low
California,34.031276,-118.456806,Los Angeles,hulu,operating,2007-03-01,2007-08-01,2009-04-30,0.42,2.17,6.37,6.65,21,2,100000000,3,CA,games_video,0,0,1,1,0,1.0,0,3031,153,791,Software,High
California,37.7896246,-122.3954269,San Francisco,Driveway Software,operating,2010-02-01,2012-07-30,2013-09-04,2.49,3.59,-0.08,1.73,2,3,1625000,2,CA,mobile,0,1,1,0,0,2.0,0,3032,910,1311,software,Low
Georgia,33.9593713,-84.2998347,Atlanta,Mobilewalla,operating,2011-01-01,2013-01-12,2013-01-12,2.03,2.03,0.83,2.12,3,1,4000000,2,GA,mobile,0,0,1,0,0,4.0,1,3033,742,742,software,Medium
New York,42.165726,-74.948051,New York,Nestio,operating,2011-02-01,2010-02-01,2013-07-09,-1.0,2.44,1.08,2.44,7,5,3198236,2,NY,web,1,1,0,0,0,4.25,1,3034,-365,889,Software,Medium
Washington,47.400902,-121.490494,Seattle,Inkd.com,operating,2010-01-01,2008-09-01,2011-06-28,-1.33,1.49,0.83,1.49,4,3,5600000,2,WA,ecommerce,0,1,1,1,0,7.67,1,3035,-487,543,Software,Medium
Illinois,40.349457,-88.986137,Swansea,CrowdSource,operating,2010-09-10,2012-10-22,2012-10-22,2.12,2.12,0.72,0.94,1,1,12500000,2,IL,software,1,0,0,0,0,1.0,1,3036,773,773,Software,High
California,37.9350108,-122.5204309,Corte Madera,Message Bus,operating,2010-08-26,2011-03-29,2012-10-15,0.59,2.14,1.35,2.14,9,3,15300000,2,CA,messaging,1,0,1,1,0,6.0,1,3038,215,781,Software,High
Massachusetts,42.230171,-71.530106,Braintree,ELERTS,operating,2010-07-12,2010-07-01,2011-03-01,-0.03,0.64,0.0,0.0,4,2,450000,1,MA,software,0,1,0,0,0,1.0,0,3039,-11,232,Software,Low
California,36.116203,-119.681564,Mountain View,Tintri,operating,2008-01-01,2011-03-24,2012-07-24,3.23,4.56,5.65,5.79,5,3,60000000,3,CA,software,1,0,0,0,1,2.33,1,3041,1178,1666,Software,High
California,36.116203,-119.681564,San Francisco,Luxr,operating,2010-08-01,2013-01-22,2013-01-22,2.48,2.48,-0.58,-0.58,3,1,600000,1,CA,web,0,1,0,0,0,4.0,1,3042,905,905,Software,Low
California,36.116203,-119.681564,Sunnyvale,Fair Observer,operating,2011-04-01,2010-08-01,2010-08-01,-0.67,-0.67,0.67,0.67,5,1,60000,1,CA,analytics,0,1,0,0,0,1.0,0,3043,-243,-243,Software,Low
New York,40.7394115,-73.9895748,New York,Neverware,closed,2011-03-01,2013-05-20,2013-05-20,2.22,2.22,1.67,2.22,5,1,1000000,2,NY,hardware,0,1,0,0,0,7.0,1,3044,811,811,Hardware,Low
California,36.116203,-119.681564,San Francisco,Desmos,operating,2011-01-01,2011-08-05,2012-09-27,0.59,1.74,1.74,1.74,3,3,900000,1,CA,software,1,1,0,0,0,2.0,1,3045,216,635,Software,Low
Massachusetts,42.230171,-71.530106,Burlington,Qstream,operating,2008-09-01,2013-08-12,2013-09-27,4.95,5.07,0.08,0.08,4,3,4855000,1,MA,enterprise,0,0,1,0,0,1.5,1,3046,1806,1852,Software,Medium
New York,42.165726,-74.948051,New York,Red Rover,operating,2008-09-01,2011-10-01,2011-10-01,3.08,3.08,2.92,2.98,4,1,418000,2,NY,enterprise,0,1,0,0,0,4.0,1,3047,1125,1125,Software,Low
California,36.116203,-119.681564,San Carlos,Pinnacle Engines,operating,2007-01-01,2011-03-31,2011-03-31,4.25,4.25,6.01,6.01,11,1,13500000,1,CA,cleantech,1,0,0,0,0,2.0,1,3048,1550,1550,Business,High
Florida,27.766279,-81.686783,Miami,Traetelo.com,operating,2006-01-01,2010-09-01,2010-09-01,4.67,4.67,5.13,5.13,4,1,100000,1,FL,ecommerce,1,0,0,0,0,1.0,0,3050,1704,1704,Software,Low
Georgia,33.040619,-83.643074,Atlanta,BrightWhistle,closed,2010-07-01,2011-07-26,2012-08-10,1.07,2.11,1.0,1.0,6,2,3200000,1,GA,advertising,0,1,1,0,0,3.0,0,3051,390,771,Service,Medium
California,37.378034,-122.093433,"Los Altos,",Evoz,operating,2010-03-01,2010-03-01,2011-07-01,0.0,1.33,-0.33,1.08,3,3,150000,2,CA,hardware,1,1,0,0,0,1.5,1,3052,0,487,Hardware,Low
New York,42.165726,-74.948051,New York,Citymaps,operating,2010-11-01,2010-11-01,2013-08-01,0.0,2.75,1.37,2.75,5,3,5000000,3,NY,transportation,0,1,1,0,0,2.0,0,3053,0,1004,Business,Medium
California,34.1457677,-118.1482022,Pasadena,Wipit,operating,2010-07-01,2010-09-01,2013-09-20,0.17,3.22,3.12,3.18,11,4,999997,2,CA,finance,0,1,1,0,0,1.75,0,3054,62,1177,Service,Low
California,36.116203,-119.681564,San Francisco,Postmates,operating,2011-05-01,2011-05-01,2013-03-19,0.0,1.88,1.51,2.61,10,4,7950000,3,CA,mobile,1,1,0,0,0,5.0,1,3055,0,688,software,Medium
Virginia,37.769337,-78.169968,Reston,Geostellar,operating,2011-02-22,2011-04-05,2012-06-05,0.12,1.28,-0.12,-0.12,3,3,28500000,1,VA,analytics,1,0,1,1,0,1.0,0,3056,42,469,Software,High
California,36.116203,-119.681564,Los Angeles,SteelHouse,operating,2009-05-01,2010-03-01,2012-07-11,0.83,3.2,2.18,3.93,15,3,14550000,3,CA,advertising,1,1,0,1,0,3.67,1,3057,304,1167,Service,High
Colorado,39.059811,-105.311104,Boulder,Lokalite,closed,2010-05-17,2010-11-24,2011-04-25,0.52,0.94,0.0,0.0,4,2,400000,1,CO,social,0,1,0,0,0,1.0,0,3058,191,343,Software,Low
Washington,47.6016426,-122.3338485,Seattle,Blab Inc.,operating,2012-05-01,2013-02-01,2013-10-08,0.76,1.44,-1.56,0.94,4,2,3066809,2,WA,analytics,1,0,0,0,0,1.0,1,3059,276,525,Software,Medium
Washington,47.6338217,-122.3215448,Seattle,Zipline Games,closed,2010-01-01,2010-12-01,2012-07-06,0.92,2.51,2.22,2.92,7,3,2700000,2,WA,games_video,0,1,0,0,0,1.5,1,3060,334,917,Software,Medium
California,37.3905676,-122.0813146,Mountain View,Cinemacraft,operating,2012-06-03,2012-06-03,2013-09-17,0.0,1.29,0.58,1.29,7,3,2490000,3,CA,photo_video,0,1,0,0,0,2.0,1,3061,0,471,Software,Medium
California,34.420316,-119.688412,Santa Barbara,RightScale,operating,2006-01-01,2008-04-24,2010-09-22,2.31,4.73,2.0,6.55,7,3,42500000,3,CA,enterprise,0,0,1,1,1,2.67,1,3062,844,1725,Software,High
New York,40.737811,-73.988864,New York,Moat,operating,2010-01-01,2010-01-01,2012-04-23,0.0,2.31,-16.01,2.25,6,3,16500000,3,NY,search,0,0,0,1,0,4.67,1,3063,0,843,Software,High
Oregon,44.572021,-122.070938,Portland,Cloudability,operating,2011-02-01,2011-12-22,2013-01-18,0.89,1.96,1.44,2.19,9,4,9958000,3,OR,enterprise,0,1,1,0,0,3.67,1,3064,324,717,Software,Medium
Kansas,38.5266,-96.726486,Prairie Village,Kickanotch mobile,operating,2010-10-10,2011-04-04,2011-11-04,0.48,1.07,0.79,1.07,4,3,1600000,3,KS,mobile,1,1,1,0,0,1.0,0,3065,176,390,software,Low
California,36.116203,-119.681564,Irvine,"Alteryx, Inc.",operating,2010-01-01,2011-04-05,2013-05-20,1.26,3.38,3.0,3.47,13,2,18000000,3,CA,analytics,0,0,1,0,0,1.5,1,3066,459,1235,Software,High
Utah,40.150032,-111.862434,Park City,XYDO,operating,2010-04-10,2011-06-08,2011-06-08,1.16,1.16,-0.02,1.83,3,1,1250000,2,UT,social,0,1,0,0,0,1.0,1,3067,424,424,Software,Low
New York,42.165726,-74.948051,Buffalo,Liazon,operating,2007-01-01,2011-04-05,2012-04-24,4.26,5.32,6.1,6.11,7,2,30800000,2,NY,enterprise,0,0,0,0,1,3.5,1,3068,1555,1940,Software,High
Illinois,41.8969173,-87.6435474,Chicago,Tagkast,operating,2009-01-01,2011-04-05,2011-04-05,2.26,2.26,2.48,3.92,3,1,5600000,2,IL,advertising,1,0,0,0,0,2.0,1,3069,824,824,Service,Medium
New York,42.165726,-74.948051,New York,PlaceIQ,operating,2010-01-01,2011-04-05,2013-05-07,1.26,3.35,1.95,3.35,15,3,11950000,3,NY,mobile,0,1,1,1,0,5.0,1,3070,459,1222,software,High
California,37.7927271,-122.4043821,San Francisco,Bottlenose,closed,2010-12-01,2012-05-01,2013-07-30,1.42,2.66,2.0,2.66,10,3,4600000,2,CA,analytics,1,1,1,0,0,3.0,1,3071,517,972,Software,Medium
Washington,48.8784787,-122.6242375,Bellingham,Tatango,operating,2007-10-01,2007-12-01,2013-07-20,0.17,5.81,1.04,2.25,8,2,245000,3,WA,mobile,0,1,0,0,0,1.0,0,3072,61,2119,software,Low
California,32.891849,-117.200952,San Diego,Anametrix,operating,2010-01-01,2011-04-06,2012-10-09,1.26,2.77,2.77,3.79,9,2,4400000,3,CA,analytics,1,0,1,0,0,1.5,0,3074,460,1012,Software,Medium
Massachusetts,42.230171,-71.530106,Boston,Fiksu,operating,2008-12-01,2010-02-18,2012-07-02,1.22,3.59,3.67,4.54,7,3,16749993,2,MA,mobile,1,0,1,1,0,1.5,1,3075,444,1309,software,High
New York,42.165726,-74.948051,New York,Magisto,operating,2011-09-19,2010-05-01,2013-10-29,-1.39,2.11,1.2,2.11,10,3,18500000,3,NY,web,0,0,1,1,1,2.33,1,3076,-506,771,Software,High
California,36.116203,-119.681564,Mountain View,Saygent,operating,2009-01-01,2011-05-19,2012-08-18,2.38,3.63,2.5,3.39,3,2,2000000,2,CA,analytics,0,1,1,0,0,3.0,1,3077,868,1325,Software,Low
Virginia,37.769337,-78.169968,Reston,RFID Global Solution,operating,2005-01-25,2011-04-07,2013-12-10,6.2,8.88,6.14,6.14,4,2,3000000,1,VA,software,1,0,0,0,0,1.0,0,3078,2263,3241,Software,Medium
New York,42.165726,-74.948051,New York,General Assembly,operating,2011-01-01,2011-09-07,2012-10-31,0.68,1.83,2.75,2.79,20,2,14250000,3,NY,education,0,0,1,1,0,1.5,1,3079,249,669,Service,High
California,36.116203,-119.681564,Danville,Everloop,closed,2011-02-01,2011-06-13,2011-06-13,0.36,0.36,1.73,1.73,0,1,3100000,1,CA,social,1,0,0,0,0,7.0,1,3080,132,132,Software,Medium
California,36.116203,-119.681564,San Francisco,Convo,operating,2011-01-01,2013-09-16,2013-09-16,2.71,2.71,1.37,2.95,8,1,5000000,3,CA,enterprise,0,0,1,0,0,1.0,1,3081,989,989,Software,Medium
California,36.116203,-119.681564,San Jose,Hoopla Software,closed,2009-01-01,2012-06-20,2012-06-20,3.47,3.47,3.58,4.0,6,1,2800000,2,CA,software,0,0,1,0,0,3.0,1,3082,1266,1266,Software,Medium
New York,40.702656,-73.983942,Brooklyn,VHX,closed,2011-05-01,2012-06-19,2013-08-29,1.14,2.33,-0.05,1.27,9,2,4450000,2,NY,web,0,1,1,0,0,8.0,1,3083,415,851,Software,Medium
California,37.787249,-122.3990501,San Francisco,ToutApp,operating,2010-11-01,2011-05-15,2013-12-11,0.53,3.11,1.31,2.0,11,3,4620000,2,CA,software,0,1,1,0,0,4.33,1,3084,195,1136,Software,Medium
California,36.116203,-119.681564,San Francisco,Encoding.com,operating,2008-09-01,2010-02-10,2012-09-06,1.44,4.02,1.58,4.57,8,3,4750000,2,CA,software,1,0,1,1,0,1.67,1,3085,527,1466,Software,Medium
California,36.116203,-119.681564,Palo Alto,WatchDox,operating,2008-08-01,2008-08-01,2013-01-29,0.0,4.5,3.92,3.92,19,4,35750000,1,CA,enterprise,1,0,1,1,1,3.25,1,3086,0,1642,Software,High
New York,42.165726,-74.948051,New York,Synaptic Digital,closed,2010-04-10,2005-10-11,2005-10-11,-4.5,-4.5,1.22,1.22,4,1,5000000,1,NY,public_relations,0,0,0,0,1,3.0,1,3087,-1642,-1642,Service,Medium
Washington,47.400902,-121.490494,Seattle,EveryMove,operating,2009-03-01,2011-01-01,2013-04-01,1.84,4.09,3.09,4.05,6,6,9192554,3,WA,health,1,1,1,0,0,3.0,1,3088,671,1492,Service,Medium
California,36.116203,-119.681564,San Francisco,hopscout,closed,2011-04-01,2010-09-01,2010-09-01,-0.58,-0.58,0.0,0.0,3,1,1300000,1,CA,ecommerce,0,1,0,0,0,4.0,0,3089,-212,-212,Software,Low
New York,40.775537,-73.981709,New York,OrganizedWisdom,operating,2007-01-01,2008-06-01,2008-06-01,1.42,1.42,1.92,2.25,15,1,2300000,2,NY,other,0,0,1,0,0,6.0,1,3090,517,517,Business,Medium
New York,42.165726,-74.948051,New York,MovableInk,operating,2010-10-01,2011-07-13,2013-05-08,0.78,2.6,1.11,2.58,11,2,12300000,2,NY,advertising,0,0,1,1,0,8.0,1,3091,285,950,Service,High
California,36.116203,-119.681564,Beverly Hills,Red Butler,operating,2006-12-05,2012-03-27,2012-03-27,5.31,5.31,5.7,5.7,0,1,2500000,1,CA,enterprise,0,0,0,0,0,3.0,0,3092,1939,1939,Software,Medium
California,36.116203,-119.681564,Foster City,WordWatch,operating,2009-07-01,2011-07-14,2011-07-14,2.04,2.04,0.92,3.17,4,1,1400000,2,CA,advertising,0,0,1,0,0,1.0,0,3093,743,743,Service,Low
California,36.116203,-119.681564,San Francisco,ObjectLabs,operating,2011-02-01,2011-05-01,2012-10-01,0.24,1.67,0.29,0.29,6,2,8000000,1,CA,software,0,0,1,1,0,5.0,1,3094,89,608,Software,Medium
California,37.4211511,-122.0891236,Mountain View,CalmSea,closed,2009-01-01,2011-01-01,2012-07-23,2.0,3.56,3.0,3.0,14,2,1100000,1,CA,analytics,1,0,0,0,0,1.5,1,3097,730,1299,Software,Low
Massachusetts,42.230171,-71.530106,Waltham,GMZ Energy,operating,2006-01-01,2011-04-18,2011-12-29,5.3,5.99,3.0,3.0,1,3,25500000,1,MA,cleantech,1,0,1,0,1,5.0,1,3098,1933,2188,Business,High
California,36.116203,-119.681564,San Jose,Nutanix,operating,2009-01-01,2011-04-19,2012-08-22,2.3,3.64,4.0,4.65,19,3,71200000,2,CA,enterprise,0,0,1,1,1,2.67,1,3099,838,1329,Software,High
California,36.116203,-119.681564,Los Angeles,Seismic Games,closed,2011-01-01,2011-06-09,2012-06-05,0.44,1.43,-6.0,1.01,4,3,4238332,2,CA,games_video,1,0,1,0,0,3.0,1,3101,159,521,Software,Medium
California,36.116203,-119.681564,San Mateo,Mr. Number,closed,2010-05-01,2011-08-03,2011-08-03,1.26,1.26,0.97,1.25,6,1,4797338,3,CA,mobile,0,0,1,0,0,1.0,1,3102,459,459,software,Medium
California,36.116203,-119.681564,Walnut,Freshdesk,operating,2010-01-01,2011-11-30,2013-11-21,1.91,3.89,2.71,3.72,8,4,14051568,3,CA,software,1,1,0,0,0,1.33,1,3103,698,1420,Software,High
New York,40.7032884,-73.9878525,Brooklyn,Flow Search Corporation,operating,2010-01-01,2011-08-01,2012-10-01,1.58,2.75,1.86,1.86,16,3,6427926,1,NY,enterprise,0,1,0,0,0,1.0,1,3104,577,1004,Software,Medium
Colorado,39.059811,-105.311104,Denver,Channelinsight,operating,2009-01-01,2011-04-20,2012-04-04,2.3,3.26,0.83,4.14,8,2,13304657,3,CO,enterprise,0,0,0,0,1,4.0,1,3105,839,1189,Software,High
New Jersey,40.716438,-74.033872,Jersey City,Neocleus,operating,2006-01-01,2006-07-01,2009-11-03,0.5,3.84,2.25,4.68,2,3,28080000,2,NJ,enterprise,1,0,1,1,0,2.0,1,3106,181,1402,Software,High
California,36.116203,-119.681564,San Francisco,AppDirect,operating,2009-07-17,2011-03-07,2013-09-10,1.64,4.15,3.3,4.15,13,4,23499820,3,CA,enterprise,0,0,1,1,0,2.0,1,3107,598,1516,Software,High
California,36.116203,-119.681564,San Francisco,Breaktime Studios,operating,2011-03-01,2011-11-14,2013-04-01,0.71,2.09,0.0,0.48,4,5,28901449,2,CA,games_video,1,0,1,1,0,1.0,1,3108,258,762,Software,High
Massachusetts,42.230171,-71.530106,Boston,Next Step Living,operating,2008-03-01,2010-08-16,2013-06-20,2.46,5.31,3.15,3.84,9,6,29649000,2,MA,cleantech,1,0,0,1,1,2.0,1,3109,898,1937,Business,High
Massachusetts,42.230171,-71.530106,Southborough,SynapDx,operating,2010-01-01,2010-06-01,2013-07-22,0.41,3.56,0.25,3.56,12,5,32400000,2,MA,medical,1,0,1,1,1,2.0,1,3110,151,1298,Service,High
North Carolina,35.630066,-79.806419,Cary,Samanage,operating,2007-01-01,2012-09-25,2013-10-16,5.74,6.79,6.25,6.25,8,2,8000000,1,NC,software,0,0,1,1,0,2.0,1,3111,2094,2480,Software,Medium
Pennsylvania,40.590752,-77.209755,Radnor,Relay Network,operating,2010-09-01,2011-04-27,2011-04-27,0.65,0.65,0.0,2.45,4,1,6000000,2,PA,messaging,0,0,1,0,0,3.0,1,3112,238,238,Software,Medium
Indiana,39.849426,-86.258278,New Albany,Mavizon,closed,2006-01-01,2010-01-01,2012-01-01,4.0,6.0,6.71,6.71,7,3,6900000,2,IN,software,0,1,0,0,0,1.0,0,3113,1461,2191,Software,Medium
Colorado,39.059811,-105.311104,Denver,Wayin,operating,2010-11-01,2011-06-07,2012-02-27,0.6,1.32,0.18,2.58,15,2,20400000,3,CO,social,1,0,0,1,0,1.0,1,3114,218,483,Software,High
New York,42.165726,-74.948051,New York,MarketSharing,closed,2011-03-01,2011-04-27,2011-04-27,0.16,0.16,0.08,0.16,4,1,1000000,2,NY,consulting,0,1,0,0,0,2.0,0,3115,57,57,Business,Low
Ohio,40.388783,-82.764915,Cleveland,Juventas Therapeutics,operating,2007-01-01,2008-09-30,2013-11-20,1.75,6.89,3.0,4.32,8,3,39200000,2,OH,biotech,1,0,0,1,0,8.0,0,3116,638,2515,software,High
California,36.116203,-119.681564,San Francisco,Enthuse,closed,2011-01-01,2012-04-01,2012-12-03,1.25,1.92,1.92,2.33,7,3,2600000,3,CA,sports,1,1,0,0,0,2.67,0,3117,456,702,Service,Medium
Pennsylvania,40.590752,-77.209755,Pittsburgh,NoWait,operating,2010-01-01,2010-06-01,2013-10-07,0.41,3.77,3.0,3.73,9,5,4080310,2,PA,mobile,1,1,1,0,0,1.67,1,3118,151,1375,software,Medium
Washington,47.400902,-121.490494,Seattle,Placed,operating,2011-01-19,2011-04-26,2012-03-15,0.27,1.15,1.67,2.57,10,2,3400000,2,WA,analytics,0,1,1,0,0,1.5,1,3120,97,421,Software,Medium
California,37.78848,-122.400823,San Francisco,Scoop.it,operating,2010-01-01,2013-07-30,2013-07-30,3.58,3.58,2.95,3.5,7,1,2600000,2,CA,web,1,0,0,0,0,4.0,1,3121,1306,1306,Software,Medium
Massachusetts,42.230171,-71.530106,Cambridge,BetterLesson,operating,2008-01-01,2011-09-28,2012-11-19,3.74,4.89,4.89,5.01,13,2,5100000,2,MA,web,1,0,1,0,0,3.5,1,3122,1366,1784,Software,Medium
California,36.116203,-119.681564,Santa Monica,REVENUE.com,operating,2010-02-10,2012-03-07,2012-05-08,2.07,2.24,2.39,2.88,11,2,1759797,2,CA,advertising,1,1,0,0,0,1.0,0,3123,756,818,Service,Low
California,36.116203,-119.681564,foster city,iBuildApp,closed,2010-01-11,2011-10-01,2013-08-06,1.72,3.57,2.64,2.64,4,5,1000000,1,CA,mobile,1,1,0,0,0,1.0,0,3124,628,1303,software,Low
Massachusetts,42.230171,-71.530106,Newton,Kaminario,operating,2008-01-01,2011-05-02,2012-06-07,3.33,4.44,0.16,3.33,17,2,40000000,2,MA,enterprise,0,0,0,0,1,3.5,1,3125,1217,1619,Software,High
North Carolina,35.630066,-79.806419,Asheville,BuildFax,closed,2008-01-01,2011-06-09,2011-06-09,3.44,3.44,4.42,4.42,7,1,4000000,1,NC,real_estate,1,0,0,0,0,1.0,0,3126,1255,1255,Business,Medium
California,36.116203,-119.681564,San Francisco,Munchery,operating,2011-04-01,2012-01-31,2013-09-05,0.84,2.43,1.5,2.58,7,4,7919000,2,CA,hospitality,1,1,1,0,0,3.5,1,3127,305,888,Service,Medium
Tennessee,35.747845,-86.692345,Memphis,Work For Pie,operating,2011-03-05,2011-03-05,2012-05-03,0.0,1.16,0.0,2.27,3,4,315000,3,TN,software,0,1,0,0,0,1.25,0,3128,0,425,Software,Low
Illinois,41.8883776,-87.6365131,Chicago,Kumbuya,operating,2011-05-13,2011-08-15,2013-10-24,0.26,2.45,1.5,2.05,18,3,873720,2,IL,ecommerce,1,1,0,0,0,1.0,0,3129,94,895,Software,Low
Arizona,33.729759,-111.431221,Glendale,Pathways Platform,closed,2009-10-15,2009-05-15,2011-03-23,-0.42,1.44,1.07,1.07,9,2,4500000,1,AZ,advertising,0,0,0,0,0,2.0,0,3130,-153,524,Service,Medium
California,37.395271,-122.102275,Los Altos,Genophen,closed,2008-01-01,2011-05-03,2013-11-22,3.34,5.9,5.01,5.01,12,3,5426678,1,CA,biotech,1,0,0,0,0,1.0,0,3131,1218,2152,software,Medium
California,36.116203,-119.681564,Altadena,Rexter,closed,2010-08-01,2011-01-01,2012-01-01,0.42,1.42,2.63,2.75,8,2,1400000,2,CA,enterprise,0,1,0,0,0,4.0,1,3132,153,518,Software,Low
California,36.116203,-119.681564,San Francisco,Firespotter Labs,operating,2011-04-01,2011-05-04,2012-07-19,0.09,1.3,1.91,2.13,17,2,18000000,3,CA,web,0,0,1,1,0,1.5,1,3133,33,475,Software,High
Utah,40.352198,-111.775091,American Fork,Marketecture,closed,2010-03-01,2010-01-01,2013-01-01,-0.16,2.84,2.17,2.17,7,6,1473000,1,UT,software,0,1,0,0,0,2.17,0,3134,-59,1037,Software,Low
Massachusetts,42.230171,-71.530106,Waltham,Blu Homes,operating,2008-01-01,2011-05-05,2013-06-25,3.34,5.48,5.01,5.01,11,3,137500000,1,MA,real_estate,1,0,1,1,0,1.0,0,3135,1220,2002,Business,High
New York,42.165726,-74.948051,New York,Funtactix,operating,2006-01-01,2007-01-01,2007-01-01,1.0,1.0,5.12,7.47,7,1,6000000,4,NY,games_video,0,0,1,0,0,2.0,1,3136,365,365,Software,Medium
California,36.116203,-119.681564,Venice,Grubwithus,operating,2010-08-01,2011-05-01,2012-06-15,0.75,1.87,1.75,1.83,6,2,9360573,2,CA,web,0,0,0,0,1,8.5,1,3137,273,684,Software,Medium
New York,42.165726,-74.948051,New York,Medivo,operating,2010-01-08,2011-08-18,2013-06-17,1.61,3.44,3.01,3.01,8,3,22745000,1,NY,enterprise,0,0,1,1,0,3.0,1,3138,587,1256,Software,High
New York,42.165726,-74.948051,New York,Dashlane,closed,2009-07-06,2011-09-21,2011-09-21,2.21,2.21,1.39,3.19,9,1,5000000,3,NY,web,0,0,1,0,0,2.0,1,3139,807,807,Software,Medium
California,37.7896246,-122.3954269,San Francisco,SendtoNews,operating,2010-01-15,2011-12-06,2012-09-13,1.89,2.66,2.71,2.71,8,2,4000000,1,CA,news,0,1,0,0,0,1.0,0,3140,690,972,Service,Medium
California,36.116203,-119.681564,Santa Monica,Brighter.com,operating,2011-01-01,2011-01-01,2013-10-29,0.0,2.83,1.67,2.42,9,3,28000000,3,CA,web,0,0,1,1,1,2.0,1,3141,0,1032,Software,High
New Jersey,40.7367566,-74.1713261,Newark,Videolicious,closed,2007-01-01,2012-07-30,2013-08-09,5.58,6.61,3.9,6.61,2,2,3650000,2,NJ,software,1,1,0,0,0,5.0,1,3142,2037,2412,Software,Medium
Georgia,33.040619,-83.643074,Atlanta,CodeGuard,closed,2010-04-14,2011-06-02,2012-05-29,1.13,2.13,1.8,2.13,7,2,1800000,2,GA,software,0,1,0,0,0,2.0,0,3143,414,776,Software,Low
California,36.116203,-119.681564,San Mateo,FreeMonee,operating,2009-06-01,2012-05-11,2012-08-07,2.95,3.19,-2.42,3.59,10,2,45000000,4,CA,advertising,0,0,1,1,0,4.5,1,3144,1075,1163,Service,High
California,36.116203,-119.681564,San Mateo,Alpine Data Labs,operating,2010-01-01,2011-05-11,2013-11-22,1.36,3.89,1.36,3.73,15,2,23500000,3,CA,analytics,0,0,1,1,0,4.0,1,3145,495,1421,Software,High
California,36.116203,-119.681564,Mountain View,Claritics,operating,2011-01-01,2011-05-12,2011-05-12,0.36,0.36,0.36,0.36,5,1,1500000,1,CA,enterprise,0,0,1,0,0,2.0,0,3146,131,131,Software,Low
New York,42.165726,-74.948051,New York,ZocDoc,operating,2007-09-18,2008-08-18,2013-06-24,0.92,5.77,2.38,5.79,18,4,97000000,4,NY,health,0,0,1,1,1,2.67,1,3147,335,2106,Service,High
New York,42.165726,-74.948051,New York,TheSquareFoot,closed,2010-12-10,2012-08-01,2013-10-15,1.64,2.85,0.92,2.38,5,3,890000,2,NY,real_estate,0,1,0,0,0,1.0,1,3148,600,1040,Business,Low
California,37.7818246,-122.3932938,San Francisco,Typesafe,operating,2011-01-01,2011-05-12,2012-08-22,0.36,1.64,1.42,1.64,5,2,17000000,2,CA,software,0,0,1,1,0,2.5,1,3149,131,599,Software,High
Washington,47.400902,-121.490494,Seattle,Prosodic,operating,2011-01-27,2012-05-15,2012-05-15,1.3,1.3,0.34,0.34,6,1,1400000,1,WA,software,0,1,0,0,0,3.0,1,3150,474,474,Software,Low
California,36.116203,-119.681564,Palo Alto,MotherKnows,operating,2010-10-01,2011-04-15,2011-07-13,0.54,0.78,0.78,0.8,5,2,3300000,2,CA,health,0,0,0,0,0,6.0,1,3151,196,285,Service,Medium
Utah,40.150032,-111.862434,Salt Lake City,MasteryConnect,closed,2009-10-01,2009-10-01,2013-01-19,0.0,3.3,3.25,3.31,7,3,5500000,2,UT,education,0,1,1,0,0,3.0,1,3152,0,1206,Service,Medium
Massachusetts,42.230171,-71.530106,Cambridge,The Tap Lab,operating,2009-10-01,2011-03-01,2012-04-03,1.41,2.51,0.0,0.0,2,3,562000,1,MA,games_video,0,1,0,0,0,2.0,1,3153,516,915,Software,Low
California,37.758352,-122.398379,San Francisco,Open Places,operating,2008-03-01,2008-01-01,2010-06-07,-0.16,2.27,2.27,2.27,4,4,1100000,1,CA,web,0,1,0,0,0,2.75,1,3154,-60,828,Software,Low
Maryland,39.063946,-76.802101,Rockville,Altavoz,closed,2011-04-04,2012-09-11,2013-01-31,1.44,1.83,1.67,2.38,10,4,475000,2,MD,games_video,0,1,1,0,0,1.0,0,3155,526,668,Software,Low
California,37.789902,-122.4007791,San Francisco,Genbook,operating,2007-01-01,2006-09-25,2006-09-25,-0.27,-0.27,4.88,6.62,11,1,2200000,4,CA,web,0,0,1,0,0,1.0,0,3156,-98,-98,Software,Medium
California,36.116203,-119.681564,San Francisco,WaterSmart Software,closed,2009-11-01,2011-05-16,2013-08-27,1.54,3.82,1.54,2.17,6,3,6350000,2,CA,software,1,1,1,0,0,3.67,1,3157,561,1395,Software,Medium
Texas,31.054487,-97.563461,Dallas,Qwiqq,operating,2010-12-01,2011-03-08,2012-10-31,0.27,1.92,0.0,2.02,2,3,710000,2,TX,mobile,0,1,0,0,0,4.0,0,3158,97,700,software,Low
Massachusetts,42.230171,-71.530106,Boston,Searcheeze,operating,2011-01-01,2011-01-01,2011-01-01,0.0,0.0,0.0,0.0,3,1,305000,1,MA,web,0,1,0,0,0,1.0,0,3159,0,0,Software,Low
New York,40.7291303,-73.9982357,New York,Jirafe,operating,2010-01-01,2010-12-20,2012-06-26,0.97,2.48,2.48,3.0,16,2,7000000,2,NY,advertising,0,1,1,0,0,2.5,1,3160,353,907,Service,Medium
California,36.116203,-119.681564,San Francisco,Triptrotting,closed,2011-01-01,2011-01-01,2012-05-22,0.0,1.39,1.37,2.33,14,3,1800000,2,CA,travel,0,1,1,0,0,3.33,1,3161,0,507,Service,Low
California,37.446668,-122.156579,Redwood City,PubMatic,operating,2006-09-01,2008-01-01,2012-06-06,1.33,5.77,3.62,7.19,26,4,63000000,4,CA,advertising,1,0,1,1,1,3.5,1,3162,487,2105,Service,High
Missouri,38.456085,-92.288368,Saint Louis,Yurbuds,operating,2009-01-01,2010-05-03,2013-08-01,1.33,4.58,3.5,3.5,3,4,10158510,1,MO,hardware,1,1,0,0,0,1.0,0,3163,487,1673,Hardware,Medium
Washington,47.400902,-121.490494,Kirkland,Resolve Therapeutics,operating,2010-01-01,2011-05-17,2012-11-01,1.37,2.84,2.0,2.0,10,3,8883334,1,WA,biotech,0,0,1,1,0,2.5,1,3164,501,1035,software,Medium
California,33.8171,-111.9035,Los Altos,GENWI,operating,2010-01-01,2010-09-23,2012-09-18,0.73,2.72,1.33,2.72,13,3,7100000,3,CA,mobile,1,1,1,0,0,2.67,1,3165,265,991,software,Medium
California,36.116203,-119.681564,Los Angeles,CreditPing.com,closed,2009-10-01,2009-09-01,2009-09-01,-0.08,-0.08,1.63,1.63,3,1,580000,1,CA,web,0,1,0,0,0,5.0,0,3166,-30,-30,Software,Low
California,36.116203,-119.681564,Mountain View,Zanbato,operating,2010-07-01,2010-08-15,2012-03-20,0.12,1.72,2.0,2.0,15,5,5050000,1,CA,finance,0,1,1,1,0,1.0,1,3167,45,628,Service,Medium
Massachusetts,42.230171,-71.530106,Cambridge,Fetchnotes,operating,2011-03-01,2012-08-03,2013-11-13,1.43,2.71,1.25,1.5,7,3,443000,2,MA,mobile,0,1,0,0,0,1.0,1,3168,521,988,software,Low
Massachusetts,42.230171,-71.530106,Boston,SessionM,operating,2011-01-01,2011-05-21,2012-05-08,0.38,1.35,1.5,1.79,18,2,26500000,2,MA,advertising,0,0,1,1,0,1.5,1,3169,140,493,Service,High
California,36.116203,-119.681564,Los Angeles,EndPlay,operating,2009-01-01,2012-04-13,2012-04-13,3.28,3.28,2.92,2.92,11,1,21500000,1,CA,advertising,0,0,0,0,1,2.0,1,3170,1198,1198,Service,High
Massachusetts,42.230171,-71.530106,Cambridge,TurningArt,operating,2009-01-01,2011-05-23,2012-05-23,2.39,3.39,3.39,3.39,2,2,2250000,1,MA,design,1,1,0,0,0,2.5,1,3171,872,1238,Software,Medium
Pennsylvania,40.590752,-77.209755,Pittsburgh,Aquion Energy,operating,2008-01-01,2011-09-07,2013-04-02,3.68,5.25,4.75,4.75,14,2,65000000,1,PA,cleantech,1,0,0,0,0,5.0,1,3172,1345,1918,Business,High
Maryland,39.063946,-76.802101,Lanham,JobOn,operating,2011-05-11,2011-05-25,2011-05-25,0.04,0.04,0.06,0.06,4,1,250000,1,MD,consulting,0,1,0,0,0,1.0,0,3173,14,14,Business,Low
California,36.116203,-119.681564,Sacramento,Egghead Interactive,operating,2007-09-18,2010-01-10,2010-01-10,2.32,2.32,3.41,3.41,2,1,880000,1,CA,advertising,0,1,0,0,0,1.0,0,3174,845,845,Service,Low
California,36.116203,-119.681564,Milpitas,Greenvity Communications,operating,2010-01-01,2011-06-06,2011-06-06,1.43,1.43,1.43,1.43,2,1,7000000,1,CA,cleantech,0,0,1,0,0,1.0,0,3175,521,521,Business,Medium
California,36.116203,-119.681564,Campbell,BlueStacks,operating,2009-01-01,2011-05-17,2013-03-05,2.37,4.18,2.0,4.49,6,4,17040690,2,CA,mobile,1,0,1,1,0,3.0,1,3176,866,1524,software,High
California,36.116203,-119.681564,San Francisco,KISSmetrics,operating,2008-05-01,2008-05-13,2013-07-18,0.03,5.22,4.12,5.55,16,3,10800000,2,CA,software,0,1,1,1,0,4.0,1,3177,12,1904,Software,Medium
Tennessee,35.0380726,-85.3104902,Chattanooga,Southtree,operating,2009-01-01,2011-12-01,2011-12-01,2.92,2.92,4.07,4.07,2,1,60000,1,TN,web,0,0,0,0,0,1.0,0,3178,1064,1064,Software,Low
Washington DC,38.904853,-77.034003,Washington,Social Tables,operating,2011-02-01,2012-05-22,2013-07-30,1.3,2.49,2.45,2.49,6,2,1500000,2,DC,software,0,1,0,0,0,8.0,1,3180,476,910,Software,Low
New York,42.165726,-74.948051,White Plains,Personetics Technologies,operating,2010-01-01,2011-05-25,2013-06-18,1.39,3.46,3.47,3.47,4,2,18000000,1,NY,finance,0,0,1,1,0,2.5,1,3181,509,1264,Service,High
Massachusetts,42.230171,-71.530106,Cambridge,Senexx,operating,2012-03-01,2011-03-16,2011-03-16,-0.96,-0.96,-1.0,-1.0,2,1,250000,1,MA,enterprise,0,1,0,0,0,3.0,1,3182,-351,-351,Software,Low
California,36.116203,-119.681564,San Francisco,Fingerprint,operating,2010-07-01,2011-04-01,2012-09-06,0.75,2.19,2.34,3.43,16,2,9150000,3,CA,games_video,1,0,0,0,0,2.5,0,3183,274,798,Software,Medium
Michigan,43.326618,-84.536095,Southfield,Benzinga,operating,2009-01-01,2011-05-26,2011-05-26,2.4,2.4,3.17,3.17,4,1,1500000,1,MI,news,1,0,0,0,0,1.0,1,3184,875,875,Service,Low
California,36.116203,-119.681564,San Francisco,Spill Inc,operating,2009-06-25,2011-03-01,2011-11-01,1.68,2.35,2.44,3.1,2,2,420000,2,CA,web,0,1,0,0,0,1.0,1,3185,614,859,Software,Low
Florida,30.4240007,-84.2266617,Miami Beach,Flomio,operating,2011-05-01,2012-01-01,2012-07-27,0.67,1.24,0.69,1.24,3,2,543000,2,FL,ecommerce,0,1,0,0,0,3.0,1,3186,245,453,Software,Low
Arizona,33.729759,-111.431221,Tempe,BodeTree,operating,2010-11-19,2013-04-17,2013-04-17,2.41,2.41,2.16,2.32,3,1,1400000,3,AZ,finance,0,1,0,0,0,1.0,0,3187,880,880,Service,Low
New York,42.165726,-74.948051,New York,eCareDiary,operating,2009-09-01,2009-09-01,2009-09-01,0.0,0.0,0.75,4.18,4,1,277000,2,NY,enterprise,0,1,0,0,0,1.0,0,3188,0,0,Software,Low
California,36.116203,-119.681564,San Francisco,SigFig,operating,2011-01-01,2013-07-02,2013-07-02,2.5,2.5,0.92,2.04,18,1,15000000,3,CA,finance,0,0,0,1,0,3.0,1,3189,913,913,Service,High
California,36.116203,-119.681564,Hayward,Primus Power,operating,2009-08-04,2011-05-31,2011-05-31,1.82,1.82,-0.59,-0.59,3,1,11000000,1,CA,cleantech,1,0,0,0,0,4.0,1,3190,665,665,Business,Medium
Illinois,40.349457,-88.986137,Chicago,BenchPrep,operating,2010-08-01,2010-12-01,2012-07-03,0.33,1.92,1.97,2.13,9,2,7800000,2,IL,education,1,0,1,0,0,2.0,1,3191,122,702,Service,Medium
Massachusetts,42.3443804,-71.0279912,Boston,Sample6,operating,2009-01-01,2011-05-31,2013-10-09,2.41,4.77,2.41,4.16,5,2,16750000,2,MA,biotech,0,0,1,1,0,2.0,1,3192,880,1742,software,High
Texas,31.054487,-97.563461,Austin,Portalarium,operating,2009-09-01,2011-06-01,2012-07-10,1.75,2.86,-16.68,1.75,4,3,9425000,2,TX,games_video,1,0,1,0,0,3.0,1,3193,638,1043,Software,Medium
California,36.116203,-119.681564,Mountain View,YouWeb,operating,2007-01-01,2011-08-23,2011-08-23,4.64,4.64,6.53,6.53,2,1,2000000,1,CA,consulting,1,0,0,0,0,6.0,0,3195,1695,1695,Business,Low
California,36.116203,-119.681564,Los Angeles,Daqri,operating,2010-01-01,2013-06-04,2013-06-04,3.42,3.42,2.0,3.42,10,1,15000000,2,CA,enterprise,0,0,0,0,0,1.0,0,3196,1250,1250,Software,High
Washington,47.400902,-121.490494,Bellevue,adSage,operating,2007-01-01,2011-10-03,2011-10-03,4.76,4.76,4.0,4.72,5,1,20000000,2,WA,advertising,1,0,0,0,0,1.0,0,3197,1736,1736,Service,High
California,36.116203,-119.681564,San Francisco,LOYAL3,operating,2008-01-01,2013-05-01,2013-10-30,5.33,5.83,5.39,5.59,20,2,20500000,2,CA,finance,0,0,0,0,1,3.0,0,3198,1947,2129,Service,High
Virginia,37.769337,-78.169968,Vienna,Liqueo,operating,2010-12-25,2011-03-01,2011-06-15,0.18,0.47,2.12,2.12,1,2,150000,1,VA,software,0,1,0,0,0,3.0,0,3199,66,172,Software,Low
Massachusetts,42.230171,-71.530106,Boston,Kinvey,closed,2010-09-01,2011-03-15,2012-07-11,0.53,1.86,0.53,2.61,8,3,7018000,3,MA,enterprise,0,1,1,0,0,1.67,1,3200,195,679,Software,Medium
Massachusetts,42.3529476,-71.0525429,Boston,EverTrue,closed,2010-01-01,2011-03-01,2013-03-21,1.16,3.22,3.0,3.22,13,3,6550000,3,MA,mobile,1,1,1,0,0,2.33,1,3201,424,1175,software,Medium
New York,42.165726,-74.948051,New York,Boomset,operating,2011-02-14,2012-04-05,2012-12-26,1.14,1.87,0.88,0.88,5,3,151000,1,NY,mobile,0,1,0,0,0,1.0,0,3202,416,681,software,Low
California,37.787683,-122.410943,Palo Alto,AdGent Digital,operating,2008-01-01,2008-03-27,2009-02-03,0.24,1.09,5.01,5.01,14,2,5300000,1,CA,advertising,0,1,1,0,0,1.0,0,3203,86,399,Service,Medium
California,36.116203,-119.681564,Santa Monica,Total Beauty Media,operating,2007-02-06,2007-03-01,2008-12-20,0.06,1.87,3.53,4.48,6,3,16000000,2,CA,web,0,0,1,1,1,1.67,1,3204,23,683,Software,High
Massachusetts,42.230171,-71.530106,Cambridge,SBR Health,closed,2010-05-01,2011-05-20,2011-05-20,1.05,1.05,0.0,0.0,2,1,1670000,1,MA,health,0,0,0,0,0,1.0,1,3205,384,384,Service,Low
California,36.116203,-119.681564,San Francisco,Leap Motion,operating,2010-10-01,2011-06-10,2013-01-03,0.69,2.26,2.92,3.01,12,3,44050000,2,CA,hardware,0,1,1,1,0,2.67,1,3206,252,825,Hardware,High
Kansas,38.5266,-96.726486,Overland Park,LockPath,operating,2009-01-01,2010-04-01,2012-07-16,1.25,3.54,4.44,4.44,6,3,8000000,1,KS,security,0,1,1,1,0,2.67,1,3207,455,1292,Service,Medium
California,37.7818003,-122.4032135,San Francisco,Snapguide,operating,2011-01-01,2011-06-08,2013-09-18,0.43,2.72,1.33,2.72,9,3,10000000,2,CA,web,0,0,1,0,0,4.67,1,3209,158,991,Software,Medium
California,36.116203,-119.681564,San Francisco,Vidcaster,operating,2010-03-01,2010-01-10,2011-11-14,-0.14,1.71,1.21,2.93,9,3,400000,3,CA,enterprise,0,1,0,0,0,1.0,1,3211,-50,623,Software,Low
Massachusetts,42.3628171,-71.0840199,Cambridge,Ginger.io,operating,2011-01-01,2011-03-01,2012-11-28,0.16,1.91,0.58,1.91,7,4,8200000,2,MA,analytics,0,1,1,0,0,3.75,1,3212,59,697,Software,Medium
California,36.116203,-119.681564,Santa Monica,Surf Air,operating,2011-11-05,2012-06-06,2013-06-03,0.59,1.58,0.59,0.72,7,2,10759387,2,CA,travel,0,0,1,1,0,7.0,1,3213,214,576,Service,Medium
New Jersey,40.298904,-74.521011,Fairfield,Critical Links,closed,2008-01-01,2008-09-01,2008-09-01,0.67,0.67,-0.07,-0.07,1,1,5700000,1,NJ,software,0,0,1,0,0,4.0,0,3215,244,244,Software,Medium
Massachusetts,42.405982,-71.2571349,Cambridge,ParElastic,operating,2010-09-01,2011-06-10,2013-04-09,0.77,2.61,1.33,1.33,9,3,8700000,1,MA,enterprise,1,1,1,0,0,2.33,1,3216,282,951,Software,Medium
California,36.116203,-119.681564,San Francisco,Geeklist,closed,2011-04-09,2013-03-08,2013-03-08,1.92,1.92,1.33,2.59,8,1,1250000,3,CA,social,0,1,0,0,0,9.0,0,3217,699,699,Software,Low
California,36.116203,-119.681564,San Diego,Embarke,operating,2011-04-29,2013-10-14,2013-10-14,2.46,2.46,1.68,1.92,4,1,1250000,2,CA,web,0,1,0,0,0,4.0,1,3218,899,899,Software,Low
New Mexico,34.840515,-106.248482,Albuquerque,Predictivez,operating,2011-01-16,2011-01-01,2011-01-01,-0.04,-0.04,-0.04,-0.04,1,1,100000,1,NM,analytics,0,1,0,0,0,1.0,0,3219,-15,-15,Software,Low
New York,42.165726,-74.948051,New York,Estimize,operating,2011-05-01,2011-05-31,2012-09-11,0.08,1.37,0.67,1.12,3,2,1400000,2,NY,finance,0,1,1,0,0,3.5,1,3220,30,499,Service,Low
Wisconsin,44.268543,-89.616508,Madison,SOLOMO Technology,closed,2011-05-01,2012-06-06,2013-06-05,1.1,2.1,-0.08,-0.08,6,3,3386432,1,WI,software,1,0,1,0,0,2.0,0,3221,402,766,Software,Medium
California,36.116203,-119.681564,San Francisco,SaveUp,closed,2011-04-01,2011-09-15,2012-07-24,0.46,1.32,0.0,0.0,4,2,7000000,1,CA,finance,0,0,1,0,0,2.0,1,3222,167,480,Service,Medium
California,36.116203,-119.681564,Palo Alto,BizeeBee,operating,2010-01-01,2011-04-28,2011-04-28,1.32,1.32,1.16,1.81,6,2,870000,2,CA,software,0,1,0,0,0,8.0,1,3223,482,482,Software,Low
New York,42.165726,-74.948051,New York,LocalVox Media,operating,2010-03-01,2011-03-21,2013-06-26,1.05,3.32,1.75,2.42,8,3,8825000,2,NY,mobile,1,0,0,0,0,2.0,0,3224,385,1213,software,Medium
California,36.116203,-119.681564,Palo Alto,Wurl,closed,2010-08-01,2009-01-01,2012-10-29,-1.58,2.25,-0.58,-0.58,3,2,5165000,1,CA,enterprise,0,1,0,0,0,2.0,0,3225,-577,820,Software,Medium
California,36.116203,-119.681564,San Francisco,BoomBotix,operating,2009-04-01,2012-05-30,2012-05-30,3.16,3.16,2.59,4.61,5,1,305000,2,CA,hardware,0,0,1,0,0,8.0,0,3227,1155,1155,Hardware,Low
California,36.116203,-119.681564,San Francisco,Copious,operating,2011-01-01,2011-06-15,2012-07-12,0.45,1.53,0.0,1.6,4,2,7000000,2,CA,web,0,0,1,0,0,3.0,1,3228,165,558,Software,Medium
New York,42.165726,-74.948051,NY,Aviary,operating,2007-01-01,2007-01-01,2012-06-27,0.0,5.49,5.26,6.66,9,3,17000000,3,NY,mobile,1,0,0,1,0,3.33,1,3229,0,2004,software,High
California,34.0193878,-118.4945027,Santa Monica,Saatchi Online,operating,2006-01-01,2010-07-23,2013-04-16,4.56,7.29,5.0,5.0,1,2,11150004,1,CA,web,1,0,1,0,0,1.0,1,3230,1664,2662,Software,Medium
Massachusetts,42.230171,-71.530106,Boston,Ubersense,operating,2011-01-01,2012-01-24,2012-09-17,1.06,1.71,1.71,2.0,11,2,1100000,2,MA,mobile,0,1,0,0,0,2.0,1,3231,388,625,software,Low
California,36.116203,-119.681564,San Francisco,SocialWire,operating,2011-07-01,2011-11-01,2013-05-05,0.34,1.85,1.84,1.84,13,3,3500000,2,CA,advertising,0,1,0,0,0,2.0,1,3232,123,674,Service,Medium
New Mexico,34.840515,-106.248482,New Brighton,InContext Solutions,closed,2009-01-01,2011-12-08,2011-12-08,2.93,2.93,3.0,3.0,4,1,1500000,1,NM,consulting,1,0,0,0,0,1.0,0,3233,1071,1071,Business,Low
California,36.116203,-119.681564,San Francisco,One Medical Group,operating,2007-01-01,2007-01-01,2013-03-23,0.0,6.23,4.56,5.0,4,5,76500000,2,CA,medical,0,0,0,1,1,3.0,1,3234,0,2273,Service,High
California,36.116203,-119.681564,Azusa,Contour Energy Systems,operating,2007-06-01,2009-08-28,2011-10-06,2.24,4.35,1.59,1.59,16,3,39200000,1,CA,cleantech,1,0,0,1,1,4.5,1,3235,819,1588,Business,High
California,36.116203,-119.681564,Cupertino,Bromium,operating,2010-01-01,2011-06-22,2013-10-23,1.47,3.81,1.0,2.72,12,4,75800000,3,CA,security,1,0,1,1,1,4.0,1,3236,537,1391,Service,High
New York,42.165726,-74.948051,New York,Cinchcast,closed,2006-01-01,2011-08-17,2011-08-17,5.63,5.63,5.09,5.09,13,1,6000000,1,NY,enterprise,0,0,0,1,0,1.0,0,3237,2054,2054,Software,Medium
California,36.116203,-119.681564,Campbell,Empowered Careers,operating,2011-06-01,2011-06-23,2013-07-05,0.06,2.1,0.06,1.0,8,2,19391496,3,CA,education,0,0,1,0,0,2.0,1,3238,22,765,Service,High
California,36.116203,-119.681564,Milpitas,Touchstone Semiconductor,operating,2010-03-01,2011-06-23,2011-06-23,1.31,1.31,1.46,1.46,0,1,12000000,1,CA,semiconductor,0,0,1,0,0,2.0,1,3239,479,479,Software,High
California,36.116203,-119.681564,Redwood City,Impermium,operating,2010-07-01,2011-06-27,2011-11-17,0.99,1.38,1.17,1.67,7,2,9000000,2,CA,security,0,1,1,0,0,7.5,1,3240,361,504,Service,Medium
Washington,47.585114,-122.084356,Sammamish,Feedjit,operating,2007-07-01,2008-01-05,2008-01-05,0.52,0.52,2.92,2.94,2,1,450000,2,WA,web,0,1,0,0,0,3.0,1,3241,188,188,Software,Low
Missouri,38.456085,-92.288368,St. Louis,Adjudica,closed,2008-01-01,2010-01-01,2011-09-01,2.0,3.67,1.92,2.84,2,2,550000,2,MO,enterprise,0,1,0,0,0,1.0,1,3242,731,1339,Software,Low
Virginia,38.804727,-77.048362,Alexandria,myRete,closed,2008-01-01,2011-08-03,2011-08-03,3.59,3.59,4.42,4.42,1,1,1787500,1,VA,social,0,0,1,0,0,1.0,1,3243,1310,1310,Software,Low
California,36.116203,-119.681564,Irvine,Ivantis,operating,2007-01-01,2011-05-31,2013-08-20,4.41,6.64,1.0,1.0,6,3,49264989,1,CA,health,0,0,1,1,0,2.5,1,3244,1611,2423,Service,High
California,36.116203,-119.681564,San Diego,On-Ramp Wireless,operating,2008-04-01,2011-06-28,2013-07-17,3.24,5.3,3.09,5.59,7,3,75100112,2,CA,mobile,1,0,0,1,1,4.0,0,3245,1183,1933,software,High
California,36.116203,-119.681564,San Diego,SweetLabs,operating,2008-02-01,2008-11-12,2011-09-29,0.78,3.66,5.33,5.56,17,3,21500000,3,CA,software,0,0,1,1,1,4.0,1,3246,285,1336,Software,High
Michigan,43.326618,-84.536095,Ann Arbor,LectureTools,closed,2010-05-01,2011-01-01,2011-01-01,0.67,0.67,-5.33,-5.33,4,1,1000000,1,MI,education,0,0,0,0,0,2.0,1,3247,245,245,Service,Low
California,36.116203,-119.681564,Santa Monica,Lifecrowd,operating,2011-01-01,2012-04-19,2012-04-19,1.3,1.3,0.0,1.21,6,1,5000000,2,CA,social,0,0,1,0,0,5.0,1,3248,474,474,Software,Medium
California,33.8641472,-117.7419658,Anaheim,Ziptask,operating,2011-11-01,2013-01-14,2013-01-14,1.21,1.21,0.5,1.46,3,1,118000,3,CA,consulting,0,1,0,0,0,1.0,1,3249,440,440,Business,Low
California,36.116203,-119.681564,Mountain View,Blue Jeans Network,operating,2009-01-01,2009-11-01,2013-09-18,0.83,4.72,2.95,4.72,14,4,98500000,2,CA,enterprise,0,0,1,1,1,3.0,1,3250,304,1721,Software,High
Virginia,37.769337,-78.169968,Charlottesville,OpenQ,operating,2006-01-01,2011-07-14,2011-07-14,5.53,5.53,6.08,6.08,2,1,5500000,1,VA,software,0,0,0,1,0,2.0,1,3251,2020,2020,Software,Medium
California,37.7868134,-122.4055127,San Francisco,Kwarter,closed,2011-04-04,2011-09-30,2013-01-14,0.49,1.78,0.52,1.79,8,2,5000000,2,CA,mobile,0,1,1,0,0,2.0,1,3252,179,651,software,Medium
New York,42.165726,-74.948051,New York,BrandFiesta,closed,2011-04-30,2011-04-01,2011-04-01,-0.08,-0.08,0.0,0.0,1,1,100000,1,NY,web,0,1,0,0,0,1.0,0,3253,-29,-29,Software,Low
New York,42.165726,-74.948051,New York,Mojo Motors,operating,2010-03-01,2010-02-01,2013-03-21,-0.08,3.06,1.25,2.19,6,4,6457640,3,NY,automotive,1,1,1,0,0,4.0,1,3255,-28,1116,Service,Medium
California,36.116203,-119.681564,Mountain View,Scanadu,operating,2011-01-01,2011-11-08,2013-11-12,0.85,2.87,1.08,2.87,11,3,16065113,3,CA,medical,0,0,1,0,0,6.0,1,3256,311,1046,Service,High
California,36.116203,-119.681564,Palo Alto,Ayasdi,operating,2008-01-01,2010-09-01,2013-07-16,2.67,5.54,5.05,5.48,16,6,51348982,2,CA,analytics,1,1,1,1,0,2.5,1,3257,974,2023,Software,High
New York,42.165726,-74.948051,New York,Magzter,operating,2011-06-01,2012-02-01,2013-12-11,0.67,2.53,0.0,2.53,4,2,13000000,2,NY,news,0,0,1,1,0,1.5,0,3258,245,924,Service,High
Washington DC,38.8951,-77.0364,Washington,MapBox,operating,2010-01-01,2012-09-21,2013-10-16,2.72,3.79,3.45,3.82,4,2,10575000,2,DC,enterprise,0,0,1,0,0,1.0,1,3259,994,1384,Software,Medium
Washington DC,38.8951,-77.0364,Washington,Veenome,closed,2011-08-01,2011-11-21,2013-11-19,0.31,2.3,1.32,2.09,10,3,2100000,2,DC,advertising,1,1,0,0,0,4.67,1,3260,112,841,Service,Medium
California,36.116203,-119.681564,San Diego,Tealium,operating,2008-03-01,2012-01-10,2013-04-03,3.86,5.09,4.84,5.09,8,3,27200000,2,CA,enterprise,0,0,1,1,1,2.33,1,3261,1410,1859,Software,High
California,36.116203,-119.681564,San Francisco,Kinsights,closed,2011-06-01,2011-05-01,2011-05-01,-0.08,-0.08,0.0,0.67,2,1,20000,2,CA,health,0,1,0,0,0,1.0,1,3262,-31,-31,Service,Low
California,36.116203,-119.681564,San Francisco,Venturocket,operating,2011-01-06,2013-07-18,2013-07-18,2.53,2.53,2.25,2.53,9,1,700000,2,CA,search,0,0,1,0,0,3.0,1,3263,924,924,Software,Low
Massachusetts,42.38941,-71.146011,Boston,RAMP Holdings,operating,2006-01-01,2007-06-01,2012-09-27,1.41,6.74,6.55,7.62,16,4,36750000,4,MA,analytics,1,0,0,1,1,5.33,1,3264,516,2461,Software,High
Massachusetts,42.230171,-71.530106,Maynard,Allegro Diagnostics,operating,2006-01-01,2011-07-07,2011-07-07,5.52,5.52,2.0,2.0,2,1,5400000,1,MA,biotech,0,0,1,0,0,2.0,1,3265,2013,2013,software,Medium
Illinois,40.349457,-88.986137,Chicago,"QCoefficient, Inc.",closed,2007-01-01,2011-07-07,2011-07-07,4.52,4.52,4.52,4.52,9,1,7000000,1,IL,cleantech,0,0,1,0,0,2.0,1,3266,1648,1648,Business,Medium
California,36.116203,-119.681564,San Francisco,Sosh,operating,2010-01-01,2011-03-23,2013-08-13,1.22,3.62,0.67,3.64,5,4,16254000,2,CA,social,1,1,1,1,0,4.5,1,3267,446,1320,Software,High
New York,42.165726,-74.948051,New York,CourseHorse,operating,2011-04-14,2012-10-11,2012-10-11,1.5,1.5,0.0,0.0,2,1,500000,1,NY,web,0,1,0,0,0,3.0,1,3268,546,546,Software,Low
California,36.116203,-119.681564,San Francisco,UrbanSitter,operating,2010-12-29,2011-11-18,2012-10-15,0.89,1.8,1.01,1.8,7,2,7749996,2,CA,social,1,0,0,0,0,4.0,1,3269,324,656,Software,Medium
California,37.7896083,-122.4004987,San Francisco,Swrve,operating,2011-01-01,2009-01-10,2012-11-12,-1.98,1.87,-2.0,-2.0,3,3,11139440,1,CA,advertising,1,0,0,0,0,4.5,1,3270,-721,681,Service,Medium
New York,42.165726,-74.948051,New York,MoviePass,operating,2011-02-01,2011-02-23,2011-02-23,0.06,0.06,0.12,1.79,4,1,1500000,2,NY,games_video,0,0,0,0,0,9.0,1,3271,22,22,Software,Low
New York,42.165726,-74.948051,New York,Gojee,operating,2010-06-11,2011-09-14,2012-07-02,1.26,2.06,2.24,2.24,12,2,4000000,1,NY,hospitality,1,1,0,0,0,1.0,1,3272,460,752,Service,Medium
California,36.116203,-119.681564,San Francisco,Verbling,operating,2011-06-01,2011-05-01,2012-01-26,-0.08,0.65,1.0,2.47,12,2,1020000,3,CA,education,0,1,0,0,0,4.5,1,3273,-31,239,Service,Low
Massachusetts,42.230171,-71.530106,Boston,Healthrageous,operating,2010-01-01,2011-07-08,2013-06-09,1.52,3.44,2.79,3.0,10,3,15000000,2,MA,hardware,0,0,1,1,0,3.0,1,3274,553,1255,Hardware,High
Connecticut,41.597782,-72.755371,Orange,SurgiQuest,operating,2006-05-01,2011-07-08,2012-12-05,5.19,6.6,4.67,4.67,15,3,37500000,1,CT,medical,0,0,0,0,1,3.67,1,3275,1894,2410,Service,High
California,34.0025911,-118.3942383,Culver City,Riot Games,operating,2006-01-01,2009-09-09,2009-09-09,3.69,3.69,4.0,7.07,7,1,8000000,3,CA,games_video,0,0,0,0,1,3.0,1,3276,1347,1347,Software,Medium
California,36.116203,-119.681564,San Francisco,"map2app, Inc.",operating,2012-04-01,2012-12-10,2013-03-01,0.69,0.92,-0.67,-0.67,5,2,100000,1,CA,mobile,0,1,0,0,0,1.0,0,3277,253,334,software,Low
New York,40.714044,-74.003964,New  York,Snooth Media,operating,2006-01-01,2006-12-01,2009-01-16,0.92,3.04,3.71,4.67,6,4,3300000,3,NY,web,0,1,0,0,0,3.5,0,3278,334,1111,Software,Medium
New York,42.165726,-74.948051,New York,Contently,operating,2010-12-01,2011-07-18,2012-01-13,0.63,1.12,2.3,2.62,23,3,3325014,2,NY,enterprise,1,0,1,0,0,2.0,1,3280,229,408,Software,Medium
Kansas,38.5266,-96.726486,Mission,AgLocal,operating,2011-05-02,2012-06-29,2012-06-29,1.16,1.16,1.34,1.83,18,1,1000000,2,KS,hospitality,1,0,0,0,0,9.0,1,3281,424,424,Service,Low
California,34.01533,-118.493592,Santa Monica,ThisNext,operating,2005-12-01,2006-01-01,2010-01-28,0.08,4.16,4.64,7.01,29,4,8699999,3,CA,social,0,0,1,1,1,2.0,1,3282,31,1519,Software,Medium
California,36.116203,-119.681564,Santa Monica,CHNL,closed,2010-11-25,2011-06-11,2012-07-20,0.54,1.65,1.68,1.68,8,2,1350000,1,CA,social,0,1,0,0,0,1.0,0,3283,198,603,Software,Low
California,36.116203,-119.681564,San Francisco,MemSQL,operating,2011-01-01,2011-07-12,2012-06-18,0.53,1.46,1.45,2.34,9,2,5100000,2,CA,analytics,0,0,0,0,0,9.5,1,3284,192,534,Software,Medium
Massachusetts,42.506417,-71.135852,Woburn,Gridco,operating,2010-01-01,2011-07-11,2013-11-26,1.52,3.9,2.0,2.0,8,3,30499992,1,MA,cleantech,1,0,1,0,0,4.0,1,3285,556,1425,Business,High
California,36.116203,-119.681564,Palo Alto,Capriza,operating,2011-06-14,2011-07-01,2011-07-01,0.05,0.05,0.09,0.97,8,1,8000000,2,CA,enterprise,0,0,1,0,0,1.0,1,3286,17,17,Software,Medium
California,36.116203,-119.681564,San Francisco,Ignite Game Technologies,operating,2008-03-01,2011-02-16,2012-02-07,2.96,3.94,0.84,3.44,7,4,14025457,2,CA,games_video,0,1,0,1,1,2.0,0,3287,1082,1438,Software,High
New York,40.746285,-73.986602,New York,Zipments,operating,2010-01-01,2012-09-26,2013-09-16,2.74,3.71,2.42,3.72,5,2,2250000,2,NY,enterprise,0,1,0,0,0,4.0,1,3289,999,1354,Software,Medium
California,36.116203,-119.681564,San Francisco,Pocket,operating,2007-08-06,2011-07-26,2012-07-19,3.97,4.96,3.65,6.14,5,2,7500000,3,CA,web,0,0,1,1,0,3.5,1,3290,1450,1809,Software,Medium
California,36.116203,-119.681564,San Francisco,Visual.ly,closed,2011-01-01,2011-10-20,2013-03-29,0.8,2.24,0.83,2.83,13,2,4300000,3,CA,analytics,0,0,1,0,0,7.0,1,3291,292,818,Software,Medium
Utah,40.150032,-111.862434,American Fork,Domo,operating,2011-07-13,2011-05-19,2013-03-11,-0.15,1.66,1.22,1.66,10,4,123000000,2,UT,software,0,0,1,1,0,6.0,1,3292,-55,607,Software,High
New York,42.165726,-74.948051,New York,Zettics.com,operating,2009-01-01,2011-07-14,2011-07-14,2.53,2.53,2.5,2.5,7,1,8000000,1,NY,analytics,1,0,0,0,0,5.0,1,3293,924,924,Software,Medium
California,36.116203,-119.681564,Emeryville,Marqeta,operating,2010-01-01,2011-06-14,2013-05-15,1.45,3.37,1.41,1.41,6,4,36341900,1,CA,web,0,0,1,1,0,1.67,1,3294,529,1230,Software,High
California,36.116203,-119.681564,San Francisco,MoboTap,operating,2010-03-01,2011-07-18,2011-07-18,1.38,1.38,1.84,3.3,3,1,10000000,2,CA,mobile,0,0,1,0,0,2.0,1,3295,504,504,software,Medium
California,36.116203,-119.681564,San Francisco,Crushpath,operating,2011-04-01,2012-06-19,2013-03-12,1.22,1.95,1.42,2.04,7,2,8000000,3,CA,advertising,0,0,1,0,0,2.0,1,3296,445,711,Service,Medium
California,36.116203,-119.681564,San Francisco,PubNub,operating,2010-08-01,2012-01-01,2013-09-17,1.42,3.13,1.63,3.13,5,3,17000000,2,CA,software,1,0,1,1,0,2.0,1,3298,518,1143,Software,High
California,36.116203,-119.681564,San Francisco,WellnessFX,operating,2010-04-01,2010-10-12,2011-12-12,0.53,1.7,1.7,2.0,14,2,5850000,2,CA,health,0,0,1,1,0,2.0,1,3299,194,620,Service,Medium
California,36.116203,-119.681564,New York,Unified,operating,2011-04-01,2012-06-07,2013-02-11,1.19,1.87,0.87,2.27,11,2,14112835,4,CA,enterprise,1,1,0,0,0,2.0,1,3300,433,682,Software,High
California,36.116203,-119.681564,Oakland,Perkville,operating,2010-01-11,2011-01-20,2013-01-31,1.02,3.06,0.0,1.73,2,2,1000000,2,CA,advertising,0,1,0,0,0,2.0,1,3301,374,1116,Service,Low
Oregon,44.572021,-122.070938,Portland,Vizify,closed,2011-06-01,2011-07-01,2012-03-03,0.08,0.76,-0.01,1.82,3,4,1510000,2,OR,web,0,1,0,0,0,3.33,1,3302,30,276,Software,Low
Texas,30.3377537,-97.8066662,Austin,NewComLink,operating,2008-01-01,2011-07-18,2013-04-02,3.55,5.25,4.0,4.0,6,2,16135004,1,TX,finance,1,0,0,1,0,2.0,1,3303,1294,1918,Service,High
California,36.116203,-119.681564,Mountain View,Lytro,operating,2011-01-01,2011-06-01,2013-11-20,0.41,2.89,2.25,2.47,16,2,90000000,2,CA,hardware,0,0,1,1,0,3.5,1,3304,151,1054,Hardware,High
New York,40.746584,-73.986381,New York,JOOR,operating,2010-03-01,2011-07-19,2013-07-25,1.38,3.4,2.27,3.4,1,3,20071510,2,NY,fashion,0,0,1,1,1,6.33,1,3305,505,1242,Business,High
Washington DC,38.8951,-77.0364,Washington,Salsa Labs,operating,2009-02-13,2011-07-31,2013-08-14,2.46,4.5,1.88,1.88,9,2,7000000,1,DC,software,0,0,1,0,0,1.0,1,3306,898,1643,Software,Medium
Colorado,39.059811,-105.311104,Denver,FullContact,operating,2010-01-01,2011-06-01,2012-07-09,1.41,2.52,2.58,3.64,13,4,8868000,3,CO,enterprise,0,1,1,1,0,6.0,1,3307,516,920,Software,Medium
California,36.116203,-119.681564,Palo Alto,Junar,operating,2010-01-01,2012-05-29,2013-05-28,2.41,3.41,0.94,2.41,3,2,1200000,2,CA,enterprise,1,0,0,0,0,1.5,1,3308,879,1243,Software,Low
California,36.116203,-119.681564,Los Altos,Ness Computing,operating,2009-10-01,2011-07-19,2012-08-21,1.8,2.89,2.25,2.89,5,2,20000000,2,CA,search,0,0,1,1,0,3.0,1,3309,656,1055,Software,High
Massachusetts,42.3625828,-71.0853501,Cambridge,BookingMarkets (Dashbell),operating,2011-07-18,2011-01-05,2013-01-15,-0.53,1.5,0.1,0.1,7,3,2222500,1,MA,web,0,1,0,0,0,3.33,1,3310,-194,547,Software,Medium
Massachusetts,42.4093289,-71.2730247,Waltham,Netotiate,operating,2011-05-25,2011-06-09,2013-07-22,0.04,2.16,1.69,1.69,7,2,1600000,1,MA,ecommerce,0,0,1,0,0,2.0,1,3311,15,789,Software,Low
Iowa,42.011539,-93.210526,Des Moines,Torsion Mobile,closed,2011-02-01,2011-02-01,2011-07-21,0.0,0.47,1.58,2.05,7,2,300000,2,IA,mobile,0,1,0,0,0,1.0,0,3312,0,170,software,Low
Connecticut,41.597782,-72.755371,Stamford,Local Yokel Media,operating,2011-04-10,2011-03-03,2013-06-11,-0.1,2.17,0.27,2.06,5,2,2288352,2,CT,advertising,1,0,1,0,0,1.0,1,3313,-38,793,Service,Medium
Ohio,40.388783,-82.764915,Cleveland,LineStream Technologies,closed,2008-06-01,2008-06-01,2012-03-12,0.0,3.78,3.78,4.75,11,2,1000000,2,OH,software,0,0,1,1,0,1.5,1,3314,0,1380,Software,Low
Nevada,38.313515,-117.055374,Carson City,YouTern,closed,2010-01-01,2010-01-01,2010-01-01,0.0,0.0,1.75,1.75,7,1,50000,1,NV,web,0,1,0,0,0,2.0,0,3315,0,0,Software,Low
New York,42.165726,-74.948051,New York,Lover.ly,operating,2011-01-07,2012-02-14,2013-01-01,1.1,1.99,2.06,2.65,15,2,500000,2,NY,search,1,0,0,0,0,3.5,1,3316,403,725,Software,Low
Colorado,39.059811,-105.311104,Denver,GoSpotCheck,operating,2011-06-01,2011-08-01,2013-07-31,0.17,2.17,0.59,0.59,5,4,2968000,1,CO,enterprise,0,1,0,0,0,1.0,1,3317,61,791,Software,Medium
New York,40.7204679,-74.0012672,New York,Onepager,closed,2011-02-01,2011-10-13,2012-06-18,0.7,1.38,0.0,0.7,5,2,365000,2,NY,web,0,1,0,0,0,1.5,0,3318,254,503,Software,Low
Michigan,43.326618,-84.536095,Detroit,Are You a Human,closed,2011-01-01,2011-07-26,2013-02-06,0.56,2.1,0.75,0.75,6,4,1551000,1,MI,software,1,0,1,0,0,3.0,1,3319,206,767,Software,Low
California,36.116203,-119.681564,San Francisco,Bislr,operating,2011-01-01,2011-12-01,2013-09-09,0.92,2.69,2.6,2.68,3,4,8810272,2,CA,software,1,0,1,0,0,3.0,1,3320,334,982,Software,Medium
California,36.116203,-119.681564,San Francisco,Fanzy,operating,2011-02-01,2011-08-11,2013-03-25,0.52,2.15,1.0,1.33,8,4,1500000,2,CA,enterprise,0,1,0,0,0,2.0,1,3321,191,783,Software,Low
California,34.0489393,-118.251029,Los Angeles,NationBuilder,operating,2009-10-31,2011-05-11,2013-06-06,1.53,3.6,3.17,3.27,10,3,14750000,2,CA,software,0,1,1,1,0,4.33,1,3322,557,1314,Software,High
Pennsylvania,40.590752,-77.209755,Wayne,Gamma Basics,operating,2009-01-01,2011-02-01,2011-02-01,2.08,2.08,0.0,0.0,4,1,125000,1,PA,software,0,1,0,0,0,1.0,0,3323,761,761,Software,Low
California,36.116203,-119.681564,Sunnyvale,Hortonworks,operating,2011-06-01,2011-06-01,2013-06-01,0.0,2.0,0.67,2.07,11,3,98000000,3,CA,enterprise,0,0,1,1,1,4.0,1,3324,0,731,Software,High
Texas,31.054487,-97.563461,Austin,Innography,operating,2006-01-01,2008-08-01,2013-07-30,2.58,7.58,6.25,6.25,8,3,10500000,1,TX,enterprise,1,0,1,1,0,2.0,1,3325,943,2767,Software,Medium
Washington,47.400902,-121.490494,Seattle,Habit Labs,operating,2011-07-01,2011-08-14,2012-02-10,0.12,0.61,0.07,0.12,3,2,745000,2,WA,health,0,1,0,0,0,6.0,1,3326,44,224,Service,Low
California,36.116203,-119.681564,Burlingame,HDmessaging,closed,2011-01-01,2013-11-13,2013-11-13,2.87,2.87,-1.0,-1.0,2,1,3000000,1,CA,mobile,0,0,1,0,0,4.0,1,3327,1047,1047,software,Medium
California,36.116203,-119.681564,Palo Alto,Azumio,closed,2011-01-01,2011-07-27,2011-07-27,0.57,0.57,0.16,2.5,3,1,2500000,2,CA,software,0,0,1,0,0,3.0,1,3328,207,207,Software,Medium
New Jersey,40.298904,-74.521011,Warren,Roka Bioscience,operating,2009-01-01,2011-07-28,2013-12-05,2.57,4.93,4.16,4.16,20,4,109496656,1,NJ,biotech,0,0,0,0,1,4.0,1,3329,938,1799,software,High
Tennessee,36.1628,-86.781,Nashville,Consensus Point,operating,2006-01-01,2011-04-05,2012-07-18,5.26,6.55,4.75,4.75,8,3,3613374,1,TN,enterprise,1,0,0,1,0,1.0,0,3330,1920,2390,Software,Medium
New York,42.165726,-74.948051,Manhattan,Swifto,closed,2010-01-01,2013-04-27,2013-04-27,3.32,3.32,1.75,1.75,15,1,2500000,1,NY,pets,1,0,0,0,0,1.0,1,3331,1212,1212,Service,Medium
California,36.116203,-119.681564,Santa Clara,myAchy,operating,2011-04-20,2011-04-10,2012-07-16,-0.03,1.24,0.0,0.0,2,2,85000,1,CA,mobile,0,1,0,0,0,1.0,0,3333,-10,453,software,Low
California,36.116203,-119.681564,BURBANK,Network Optix,operating,2011-02-07,2011-11-30,2011-11-30,0.81,0.81,0.59,1.14,4,1,750000,3,CA,software,0,0,0,0,0,2.0,0,3334,296,296,Software,Low
California,36.116203,-119.681564,San Francisco,Pixowl,operating,2011-06-01,2012-09-01,2012-09-01,1.25,1.25,0.67,0.67,4,1,1200000,1,CA,games_video,0,1,0,0,0,8.0,1,3335,458,458,Software,Low
California,36.116203,-119.681564,Santa Monica,DocRun,operating,2011-02-12,2012-02-08,2012-02-08,0.99,0.99,0.42,0.99,3,1,1100000,3,CA,software,0,1,0,0,0,4.0,1,3336,361,361,Software,Low
California,36.116203,-119.681564,Palo Alto,Nebula,operating,2011-04-01,2012-09-05,2013-07-16,1.43,2.29,1.1,2.45,13,2,25000000,3,CA,enterprise,1,0,0,1,0,4.5,1,3337,523,837,Software,High
Kansas,38.5266,-96.726486,Kansas City,Leap2,operating,2011-01-11,2011-12-01,2013-05-15,0.89,2.34,0.97,2.47,8,5,4290000,2,KS,search,1,1,0,0,0,2.5,0,3338,324,855,Software,Medium
California,36.116203,-119.681564,Mountain View,ElasticBox,operating,2011-09-02,2013-06-26,2013-06-26,1.82,1.82,0.33,0.69,4,1,3400000,2,CA,enterprise,0,0,0,0,0,5.0,1,3339,663,663,Software,Medium
California,37.7794764,-122.4023962,San Francisco,Switchcam,operating,2011-03-01,2012-06-07,2012-06-14,1.27,1.29,0.33,1.99,3,2,1220000,2,CA,photo_video,0,1,0,0,0,3.5,1,3340,464,471,Software,Low
Illinois,41.8883776,-87.6365131,Chicago,Shortlist,operating,2011-08-31,2011-12-01,2011-12-01,0.25,0.25,1.21,1.21,6,1,310000,1,IL,web,0,1,0,0,0,7.0,1,3341,92,92,Software,Low
California,36.116203,-119.681564,Mountain View,AgilOne,operating,2006-01-01,2011-01-01,2012-11-28,5.0,6.91,-1.0,7.29,14,2,16000000,2,CA,enterprise,0,0,1,1,0,1.5,1,3342,1826,2523,Software,High
Texas,31.054487,-97.563461,Austin,Kimbia,closed,2007-01-01,2008-01-01,2011-08-01,1.0,4.58,4.58,4.58,2,2,4000000,1,TX,nonprofit,0,0,1,1,0,1.0,0,3343,365,1673,Service,Medium
California,36.116203,-119.681564,Palo Alto,Eat Club,operating,2010-01-01,2011-06-01,2013-04-03,1.41,3.25,3.16,3.59,6,2,6500000,2,CA,hospitality,0,0,1,0,0,7.5,1,3344,516,1188,Service,Medium
Illinois,40.349457,-88.986137,Chicago,BabbaCo,operating,2007-01-01,2011-01-01,2011-08-01,4.0,4.58,5.59,5.59,8,3,1225000,1,IL,ecommerce,0,1,1,0,0,2.0,1,3345,1461,1673,Software,Low
California,36.116203,-119.681564,San Francisco,Joyus,operating,2011-01-01,2011-08-01,2013-05-05,0.58,2.34,2.5,2.5,10,2,19400000,1,CA,ecommerce,0,0,1,1,0,4.5,1,3346,212,855,Software,High
Massachusetts,42.230171,-71.530106,Cambridge,TalkTo,closed,2010-11-01,2012-04-11,2012-04-11,1.44,1.44,0.0,2.04,10,1,3000000,3,MA,messaging,0,0,1,0,0,1.0,1,3347,527,527,Software,Medium
Georgia,33.040619,-83.643074,Atlanta,Urjanet,operating,2009-01-01,2011-08-02,2012-12-14,2.58,3.95,1.25,1.25,6,3,8200000,1,GA,enterprise,0,0,1,1,0,2.33,1,3348,943,1443,Software,Medium
Washington,47.6140248,-122.1937423,Bellevue,ChoozOn (d.b.a. Blue Kangaroo),operating,2010-01-01,2011-08-02,2012-01-30,1.58,2.08,1.0,1.0,8,2,4473279,1,WA,search,1,0,1,0,0,2.0,0,3349,578,759,Software,Medium
California,37.491356,-122.228843,Belmont,BlogHer,operating,2005-02-01,2007-07-15,2009-05-14,2.45,4.28,3.45,7.92,18,3,15500000,3,CA,web,0,0,1,1,1,2.0,1,3350,894,1563,Software,High
Virginia,38.8057659,-77.0548168,Alexandria,Privia Health,operating,2007-01-01,2010-12-22,2012-04-17,3.98,5.3,5.0,5.0,11,2,17500000,1,VA,health,0,0,1,1,0,1.0,0,3351,1451,1933,Service,High
California,36.116203,-119.681564,Fremont,Leyden Energy,operating,2007-01-01,2007-06-29,2013-01-23,0.49,6.07,4.0,4.0,7,3,34500000,1,CA,manufacturing,0,0,0,1,1,3.67,1,3352,179,2214,Manufacturing,High
California,36.116203,-119.681564,Mill Valley,ClubJumpr.com,operating,2008-06-01,2008-02-01,2008-02-01,-0.33,-0.33,1.33,1.33,3,1,120000,1,CA,other,0,1,0,0,0,1.0,0,3353,-121,-121,Business,Low
New York,40.7439956,-73.9888765,New York,Updater,operating,2010-11-01,2011-08-23,2013-05-15,0.81,2.54,2.33,2.84,9,3,4500000,2,NY,web,0,1,1,0,0,2.0,1,3354,295,926,Software,Medium
California,37.8059887,-122.4099154,San Francisco,trueAnthem,operating,2008-01-01,2008-07-28,2013-08-29,0.57,5.66,2.99,5.66,10,3,7481854,3,CA,advertising,0,0,0,0,0,2.0,1,3355,209,2067,Service,Medium
Ohio,40.388783,-82.764915,Columbus,Farmeron,operating,2010-12-01,2010-10-01,2012-05-10,-0.17,1.44,2.25,2.25,8,5,1415000,1,OH,analytics,0,1,0,0,0,2.4,1,3356,-61,526,Software,Low
New York,42.165726,-74.948051,New York,The Electric Sheep,closed,2005-04-17,2007-02-26,2007-02-26,1.86,1.86,0.79,3.64,3,1,7000000,2,NY,advertising,0,0,1,0,0,2.0,0,3357,680,680,Service,Medium
California,36.116203,-119.681564,San Francisco,Whitetruffle,operating,2011-08-01,2011-08-01,2012-10-01,0.0,1.17,1.75,2.14,11,2,1600000,2,CA,web,0,1,0,0,0,4.0,1,3358,0,427,Software,Low
California,36.116203,-119.681564,Los Angeles,Fliptu,operating,2011-10-01,2012-03-01,2012-03-01,0.42,0.42,0.17,0.17,8,1,175000,1,CA,social,0,1,0,0,0,3.0,0,3359,152,152,Software,Low
California,36.116203,-119.681564,San Diego,Acutus Medical,operating,2011-01-01,2011-08-08,2013-08-20,0.6,2.64,2.42,2.42,8,4,36976464,1,CA,biotech,1,0,0,1,0,2.5,1,3360,219,962,software,High
New York,42.165726,-74.948051,New York,Matchbook,closed,2010-09-01,2012-02-13,2012-02-13,1.45,1.45,2.34,3.02,6,1,250000,2,NY,mobile,0,1,0,0,0,2.0,1,3361,530,530,software,Low
California,36.116203,-119.681564,San Mateo,BuildingIQ,operating,2009-01-01,2011-08-08,2013-01-22,2.6,4.06,4.0,4.0,13,3,19073747,1,CA,software,1,0,0,0,0,2.0,1,3362,949,1482,Software,High
California,36.116203,-119.681564,San Francisco,Second Genome,operating,2009-01-01,2011-08-09,2013-06-05,2.6,4.43,3.0,4.43,11,3,18999999,2,CA,biotech,0,0,1,0,0,2.0,1,3363,950,1616,software,High
New York,42.165726,-74.948051,Brooklyn,Q-Sensei,operating,2007-01-01,2007-07-01,2013-10-01,0.5,6.75,6.17,6.17,3,4,6350000,1,NY,search,0,1,1,0,0,2.0,0,3364,181,2465,Software,Medium
California,36.116203,-119.681564,Sunnyvale,HotLink,operating,2010-01-01,2011-08-09,2011-08-09,1.6,1.6,-13.76,-13.76,4,1,10000000,1,CA,software,0,0,1,0,0,2.0,1,3365,585,585,Software,Medium
Washington DC,38.906867,-77.042322,Washington,SnagFilms,operating,2008-07-15,2011-01-16,2013-01-18,2.51,4.52,3.87,4.9,11,3,23000000,3,DC,social,1,0,0,0,0,3.67,1,3366,915,1648,Software,High
New York,42.165726,-74.948051,New York,Zipmark,closed,2010-03-01,2011-12-13,2013-08-14,1.79,3.46,1.33,2.42,4,2,3500000,3,NY,mobile,0,0,0,0,0,5.0,1,3367,652,1262,software,Medium
New York,42.165726,-74.948051,New York,Hoseanna,closed,2011-01-01,2011-02-28,2011-02-28,0.16,0.16,0.0,0.0,2,1,250000,1,NY,ecommerce,0,1,0,0,0,1.0,0,3368,58,58,Software,Low
Georgia,33.040619,-83.643074,Alpharetta,Catavolt,operating,2008-01-01,2012-09-28,2013-08-06,4.75,5.6,5.01,5.01,7,2,6500000,1,GA,enterprise,0,0,1,1,0,1.0,0,3369,1732,2044,Software,Medium
Florida,27.766279,-81.686783,Miami Beach,Weemba,operating,2011-01-01,2009-11-11,2011-09-13,-1.14,0.7,0.36,0.36,5,2,10455481,1,FL,finance,0,0,1,0,0,1.0,0,3371,-416,255,Service,Medium
Illinois,40.349457,-88.986137,Chicago,gDine,operating,2010-01-01,2011-08-17,2011-08-17,1.62,1.62,1.58,1.58,3,1,625000,1,IL,hospitality,1,0,0,0,0,1.0,0,3372,593,593,Service,Low
California,37.5985468,-122.3871942,San Francisco,ReferralMD,closed,2011-08-11,2012-11-13,2013-09-23,1.26,2.12,1.56,2.14,9,5,465000,2,CA,software,0,1,0,0,0,1.75,0,3373,460,774,Software,Low
Massachusetts,42.230171,-71.530106,Boston,Yesware,operating,2010-07-01,2011-09-27,2013-11-15,1.24,3.38,2.92,2.92,8,4,19700000,1,MA,enterprise,1,0,1,1,0,4.0,1,3374,453,1233,Software,High
California,37.78976,-122.402524,San Francisco,POPSUGAR,operating,2006-04-01,2006-10-01,2011-04-12,0.5,5.03,5.04,7.45,29,4,46000000,4,CA,web,1,0,1,1,1,1.25,1,3375,183,1837,Software,High
New York,40.7054388,-74.0140021,New York,SR Labs,operating,2007-01-01,2013-01-09,2013-01-09,6.03,6.03,3.43,3.43,3,1,53000000,1,NY,finance,1,0,0,0,0,1.0,1,3376,2200,2200,Service,High
Georgia,33.040619,-83.643074,Atlanta,Whisper Communications,closed,2009-11-01,2010-01-01,2011-01-01,0.17,1.17,0.66,0.66,3,4,394500,1,GA,messaging,0,1,0,0,0,1.33,1,3377,61,426,Software,Low
California,36.116203,-119.681564,San Mateo,ZeroDesktop,closed,2011-02-10,2013-03-08,2013-03-08,2.07,2.07,-0.02,2.41,3,1,1000000,3,CA,enterprise,0,0,1,0,0,1.0,0,3378,757,757,Software,Low
New York,42.165726,-74.948051,Brooklyn,spotflux,operating,2011-04-01,2012-03-07,2012-03-07,0.93,0.93,0.93,2.08,2,1,1000000,2,NY,security,0,0,1,0,0,4.0,1,3379,341,341,Service,Low
California,37.492674,-122.227793,Redwood City,Sumo Logic,operating,2010-01-01,2012-01-31,2012-11-29,2.08,2.91,1.0,2.91,10,2,45000000,2,CA,analytics,0,0,0,1,1,3.0,1,3380,760,1063,Software,High
California,36.116203,-119.681564,San Francisco,Taptera,closed,2011-04-24,2011-08-24,2011-08-24,0.33,0.33,0.33,1.53,13,1,2000000,2,CA,enterprise,0,0,1,0,0,4.0,1,3382,122,122,Software,Low
Utah,40.150032,-111.862434,Draper,HzO,operating,2011-01-01,2011-08-15,2013-05-08,0.62,2.35,0.99,0.99,0,3,13625000,1,UT,hardware,1,0,0,1,0,2.0,1,3383,226,858,Hardware,High
California,36.116203,-119.681564,San Francisco,Bright Media Corporation,operating,2011-02-20,2012-06-19,2013-09-18,1.33,2.58,1.78,1.78,5,2,20000000,1,CA,web,0,0,1,1,0,2.0,0,3384,485,941,Software,High
Connecticut,41.597782,-72.755371,Stamford,LiveClips,operating,2008-01-01,2011-08-16,2013-12-09,3.62,5.94,4.0,4.0,7,5,6855000,1,CT,software,1,0,0,0,0,1.67,1,3385,1323,2169,Software,Medium
Massachusetts,42.230171,-71.530106,Burlington,Keystone Dental,operating,2006-03-01,2011-08-17,2011-08-17,5.47,5.47,5.46,5.46,2,1,20000000,1,MA,health,0,0,0,0,0,1.0,0,3386,1995,1995,Service,High
Maryland,38.9994297,-77.0397383,Silver Spring,Nexercise,operating,2010-10-01,2011-11-22,2013-05-28,1.14,2.66,2.66,2.67,5,2,258000,2,MD,mobile,0,1,0,0,0,1.5,1,3387,417,970,software,Low
Virginia,37.769337,-78.169968,Chantilly,PhishMe,operating,2011-01-01,2012-07-26,2012-07-26,1.57,1.57,2.09,2.84,8,1,2500000,2,VA,enterprise,0,0,1,0,0,1.0,1,3388,572,572,Software,Medium
New York,40.7452109,-73.9902867,New York,Codecademy,operating,2011-01-01,2011-10-27,2012-06-18,0.82,1.46,1.03,2.94,27,2,12500000,3,NY,web,1,0,0,1,0,6.5,1,3389,299,534,Software,High
Massachusetts,42.230171,-71.530106,Boston,Rest Devices,operating,2011-02-12,2011-08-19,2013-11-21,0.52,2.78,0.01,0.01,3,2,1800000,1,MA,hardware,0,1,0,0,0,1.0,0,3390,188,1013,Hardware,Low
New York,42.165726,-74.948051,NEW YORK,The Daily Muse,closed,2011-01-01,2012-08-25,2013-11-07,1.65,2.85,0.5,2.48,9,3,4488241,3,NY,other,1,1,0,0,0,2.5,1,3391,602,1041,Business,Medium
Texas,30.273037,-97.750793,Austin,Umbel,closed,2011-01-01,2012-04-02,2013-08-12,1.25,2.61,1.29,1.29,10,2,4451943,1,TX,analytics,1,0,0,0,0,1.0,1,3392,457,954,Software,Medium
Washington,47.400902,-121.490494,Seattle,Medify,operating,2011-01-01,2011-08-22,2011-08-22,0.64,0.64,-1.0,-1.0,5,1,1800000,1,WA,medical,0,0,1,0,0,1.0,1,3393,233,233,Service,Low
California,34.0762708,-118.3698726,West Hollywood,theAudience,operating,2011-04-01,2012-11-19,2012-11-19,1.64,1.64,-0.05,1.64,2,1,20000000,3,CA,social,0,0,1,0,0,5.0,1,3395,598,598,Software,High
California,37.7899027,-122.4007846,San Francisco,6connect,closed,2009-01-01,2011-08-23,2011-08-23,2.64,2.64,3.75,3.75,9,1,2000000,1,CA,network_hosting,0,0,1,0,0,1.0,1,3397,964,964,Software,Low
California,36.116203,-119.681564,San Francisco,Bloodhound,closed,2011-09-01,2011-08-24,2013-01-23,-0.02,1.4,1.4,1.5,15,4,4770000,2,CA,mobile,1,1,1,0,0,3.0,1,3398,-8,510,software,Medium
California,36.116203,-119.681564,Palo Alto,Jiff,operating,2009-09-01,2010-12-01,2012-03-12,1.25,2.53,2.03,2.33,7,2,8500000,3,CA,health,0,1,1,0,0,2.5,1,3399,456,923,Service,Medium
California,36.116203,-119.681564,Santa Clara,CumuLogic,operating,2011-01-15,2011-01-15,2013-03-13,0.0,2.16,2.17,3.33,11,3,500000,3,CA,software,0,1,0,0,0,1.5,1,3400,0,788,Software,Low
New York,42.165726,-74.948051,Valhalla,VMTurbo,operating,2008-01-01,2011-11-29,2013-05-01,3.91,5.33,5.01,5.01,12,2,10000000,1,NY,enterprise,0,0,0,1,1,1.5,1,3401,1428,1947,Software,Medium
California,37.797435,-122.403175,San Francisco,Minted,operating,2007-08-01,2008-07-18,2013-10-16,0.96,6.21,4.42,5.71,12,4,52700000,3,CA,ecommerce,0,0,1,1,1,5.5,1,3402,352,2268,Software,High
California,36.116203,-119.681564,Los Angeles,DailyLook,closed,2011-07-01,2013-04-02,2013-04-02,1.76,1.76,1.76,1.84,4,1,2500000,2,CA,fashion,0,0,0,0,0,7.0,1,3403,641,641,Business,Medium
California,36.116203,-119.681564,Santa Clara,Embrane,operating,2009-01-01,2011-08-25,2011-08-25,2.65,2.65,3.33,3.33,13,1,18000000,1,CA,software,0,0,0,1,0,3.0,1,3404,966,966,Software,High
California,36.116203,-119.681564,Culver City,Fullscreen,operating,2011-01-01,2011-11-02,2013-06-17,0.84,2.46,2.33,2.88,7,2,30000000,2,CA,photo_video,0,1,1,0,0,2.0,1,3405,305,898,Software,High
California,37.5552776,-122.2997532,San Francisco,Appirio,operating,2006-09-09,2008-03-13,2013-09-24,1.51,7.05,5.05,7.03,21,5,80699959,4,CA,enterprise,0,0,1,1,1,2.0,1,3406,551,2572,Software,High
California,36.116203,-119.681564,San Francisco,Rewardli,operating,2011-01-15,2011-01-15,2011-12-31,0.0,0.96,0.05,0.05,2,2,615000,1,CA,ecommerce,0,1,0,0,0,2.0,1,3407,0,350,Software,Low
California,36.116203,-119.681564,Redwood City,Personal Capital,operating,2009-07-01,2009-07-01,2013-06-05,0.0,3.93,1.5,3.2,4,6,54325000,3,CA,finance,1,1,1,1,1,2.17,1,3408,0,1435,Service,High
New York,42.165726,-74.948051,New York,iCouch,operating,2010-04-25,2012-01-01,2012-01-01,1.69,1.69,0.0,1.64,2,1,20000,2,NY,health,0,1,0,0,0,1.0,0,3411,616,616,Service,Low
California,37.7797255,-122.4020593,San Francisco,Kontagent,operating,2007-01-01,2010-04-09,2011-11-10,3.27,4.86,6.67,6.95,26,3,17500000,3,CA,analytics,0,1,1,1,0,4.33,1,3412,1194,1774,Software,High
New York,42.165726,-74.948051,New York,Shapeways,operating,2007-03-01,2010-09-23,2013-04-23,3.57,6.15,5.42,6.25,9,5,48500000,2,NY,ecommerce,0,0,1,1,1,2.4,1,3413,1302,2245,Software,High
California,36.116203,-119.681564,San Francisco,Booktrack,operating,2010-01-01,2012-12-18,2012-12-18,2.96,2.96,3.0,3.68,12,1,2000000,2,CA,software,0,0,0,1,0,4.0,0,3414,1082,1082,Software,Low
California,37.7948359,-122.403527,San Francisco,Sparkcentral,operating,2011-06-01,2012-01-01,2013-10-07,0.59,2.35,0.84,2.35,5,2,5625000,2,CA,social,0,1,1,0,0,5.5,1,3415,214,859,Software,Medium
Illinois,40.349457,-88.986137,Chicago,Aisle50,closed,2010-11-01,2012-01-05,2013-08-08,1.18,2.77,0.0,1.18,4,2,5200000,2,IL,advertising,1,0,1,0,0,8.0,1,3416,430,1011,Service,Medium
California,36.116203,-119.681564,Redwood City,Kenandy,operating,2010-01-01,2011-08-29,2013-06-10,1.66,3.44,3.42,3.42,8,2,43500000,1,CA,enterprise,0,0,1,1,0,3.5,1,3417,605,1256,Software,High
California,34.052107,-118.385271,Los Angeles,Samfind,operating,2008-07-10,2009-08-01,2009-08-01,1.06,1.06,1.17,1.17,1,1,125000,1,CA,software,0,1,0,0,0,1.0,0,3418,387,387,Software,Low
Tennessee,35.747845,-86.692345,Chattanooga,retickr,operating,2011-03-01,2011-04-01,2012-02-23,0.08,0.98,0.69,0.98,6,2,1550000,2,TN,web,0,1,1,0,0,1.0,0,3419,31,359,Software,Low
California,37.557637,-122.285714,San Mateo,SpeedDate,operating,2007-03-01,2007-01-01,2011-11-21,-0.16,4.73,1.93,5.43,13,3,11600000,3,CA,web,0,0,1,1,0,1.5,1,3420,-59,1726,Software,High
California,36.116203,-119.681564,San Francisco,Stitch Labs,operating,2011-05-01,2012-02-16,2013-09-17,0.8,2.38,0.63,2.38,4,3,5900000,3,CA,software,0,1,1,0,0,3.33,1,3421,291,870,Software,Medium
California,37.527315,-122.263434,Redwood Shores,GreenRoad Technologies,operating,2006-01-01,2005-12-19,2011-05-19,-0.04,5.38,4.67,4.67,12,5,58400000,1,CA,cleantech,1,0,0,1,1,2.75,1,3422,-13,1964,Business,High
California,36.116203,-119.681564,San Francisco,Xamarin,operating,2011-05-19,2012-07-24,2013-07-17,1.18,2.16,0.95,2.5,7,2,28000000,3,CA,software,0,0,1,1,0,3.5,1,3423,432,790,Software,High
California,37.7893215,-122.4013624,San Francisco,Huddler,operating,2007-04-01,2008-05-01,2011-01-01,1.08,3.76,1.36,3.48,10,3,22750000,3,CA,web,0,1,1,1,0,1.67,1,3424,396,1371,Software,High
Georgia,33.92167,-84.317087,Atlanta,RentWiki,operating,2008-05-12,2008-07-01,2010-04-14,0.14,1.92,0.39,0.39,9,2,3730000,1,GA,real_estate,1,1,0,0,0,1.0,0,3425,50,702,Business,Medium
California,37.566879,-122.323895,San Mateo,Fixya,operating,2013-06-01,2007-01-01,2008-03-18,-6.42,-5.21,-2.36,-0.68,10,2,8000000,4,CA,web,0,0,1,1,0,2.0,1,3426,-2343,-1901,Software,Medium
Texas,31.054487,-97.563461,Austin,Myxer,operating,2005-05-01,2007-09-25,2007-09-25,2.4,2.4,4.84,7.85,4,1,6500000,4,TX,music,0,0,1,0,0,3.0,0,3427,877,877,Service,Medium
California,37.400689,-122.0572,Mountain View,Anvato,operating,2007-01-01,2008-07-29,2008-12-08,1.58,1.94,1.94,6.51,5,2,2550000,3,CA,games_video,0,1,1,0,0,2.0,1,3428,575,707,Software,Medium
California,37.7872406,-122.3967503,San Francisco,SmartRecruiters,operating,2010-09-01,2012-01-09,2013-08-22,1.36,2.98,2.03,3.0,4,2,15460000,2,CA,software,0,0,1,1,0,2.0,1,3429,495,1086,Software,High
California,37.269175,-119.306607,Encino,SodaHead,operating,2007-03-01,2006-09-01,2008-06-25,-0.5,1.32,1.32,5.79,7,3,12650000,3,CA,web,1,0,1,1,0,2.0,1,3432,-181,482,Software,High
Arizona,33.4483771,-112.0740373,Phoenix,Restaurant Revolution Technologies,operating,2008-01-01,2010-05-03,2013-08-13,2.34,5.62,2.0,2.0,4,3,3665400,1,AZ,hospitality,1,0,0,0,0,1.0,0,3433,853,2051,Service,Medium
New York,40.746332,-73.982596,New York,Conductor,operating,2007-01-01,2006-12-26,2012-10-31,-0.02,5.84,4.36,5.83,20,4,33648126,3,NY,search,0,0,1,1,1,2.0,1,3435,-6,2130,Software,High
California,26.401235,-80.113167,San Francisco,Locaid,operating,2005-02-15,2005-11-16,2013-06-11,0.75,8.32,5.89,6.88,9,6,37698411,3,CA,enterprise,0,0,1,1,1,2.25,1,3436,274,3038,Software,High
California,37.518539,-122.254275,Redwood City,Pricelock,operating,2006-01-01,2011-03-15,2011-03-15,5.2,5.2,4.16,5.38,12,1,12000000,3,CA,cleantech,0,0,0,1,0,4.0,1,3437,1899,1899,Business,High
New York,42.165726,-74.948051,New York,Kaltura,operating,2006-10-01,2007-05-01,2012-11-21,0.58,6.15,3.57,7.11,16,5,69100000,4,NY,software,1,0,1,1,0,3.25,1,3439,212,2243,Software,High
California,36.116203,-119.681564,San Mateo,Full Circle CRM,operating,2010-12-31,2012-09-13,2012-09-13,1.7,1.7,0.0,0.0,5,1,500000,1,CA,software,0,1,0,0,0,1.0,1,3440,622,622,Software,Low
Massachusetts,42.230171,-71.530106,Cambridge,OfficeDrop,operating,2007-01-01,2011-04-01,2011-04-01,4.25,4.25,4.16,5.16,7,1,1000000,3,MA,enterprise,0,1,0,0,0,1.0,0,3441,1551,1551,Software,Low
California,37.40754,-122.010958,Sunnyvale,SkyGrid,operating,2005-03-01,2006-01-01,2008-08-06,0.84,3.44,5.84,6.89,14,2,13250000,3,CA,web,0,0,1,1,0,3.0,1,3442,306,1254,Software,High
New York,42.165726,-74.948051,New York,Spacebikini,operating,2011-08-25,2011-08-25,2011-08-25,0.0,0.0,-0.28,-0.28,2,1,50000,1,NY,games_video,0,1,0,0,0,1.0,0,3443,0,0,Software,Low
California,37.781262,-122.394958,San Francisco,Get Satisfaction,operating,2007-09-01,2007-09-01,2011-08-03,0.0,3.92,4.66,5.99,26,5,20850000,3,CA,web,0,1,1,1,0,4.25,1,3444,0,1432,Software,High
New York,40.702847,-73.990681,Brooklyn,Lifebooker.com,operating,2007-09-02,2011-05-06,2011-05-06,3.68,3.68,3.92,3.92,14,1,6500000,1,NY,advertising,1,0,0,0,0,1.0,1,3445,1342,1342,Service,Medium
Washington,47.400902,-121.490494,Seattle,Trover,closed,2010-01-01,2013-07-25,2013-07-25,3.56,3.56,1.0,3.56,3,1,2500000,2,WA,photo_video,0,0,0,0,0,4.0,1,3446,1301,1301,Software,Medium
California,36.116203,-119.681564,Santa Monica,TheWrap,closed,2008-08-01,2008-08-11,2010-04-27,0.03,1.74,1.92,5.05,3,3,3500000,3,CA,news,0,1,1,1,0,1.0,1,3447,10,634,Service,Medium
California,36.116203,-119.681564,San Francisco,Colingo,operating,2011-01-01,2013-11-20,2013-11-20,2.89,2.89,0.33,2.89,5,1,2400000,2,CA,ecommerce,0,0,0,0,0,6.0,1,3448,1054,1054,Software,Medium
Arizona,40.7481039,-74.0353787,Scottsdale,Integrate,operating,2010-04-01,2010-12-14,2013-12-11,0.7,3.7,0.7,3.53,10,4,34750000,3,AZ,software,0,0,1,1,0,2.0,1,3449,257,1350,Software,High
Virginia,37.769337,-78.169968,Ashburn,Koofers,operating,2008-01-01,2008-04-01,2010-09-29,0.25,2.75,2.67,4.7,10,4,7000000,2,VA,education,0,1,1,0,0,2.0,1,3450,91,1002,Service,Medium
New York,42.165726,-74.948051,New York,Stack Exchange,operating,2008-07-01,2010-05-04,2011-03-08,1.84,2.68,-2.41,4.22,16,2,18000000,3,NY,software,0,0,1,1,0,6.5,1,3451,672,980,Software,High
Missouri,38.6501668,-90.2598684,St. Louis,LockerDome,operating,2008-07-01,2012-01-04,2013-03-01,3.51,4.67,4.67,4.67,13,4,8093000,2,MO,social,0,1,1,0,0,4.25,1,3452,1282,1704,Software,Medium
Oregon,45.546481,-122.9021288,Hillsboro,NexPlanar,operating,2008-06-12,2008-04-09,2013-06-26,-0.18,5.04,0.56,0.56,9,5,43000000,1,OR,semiconductor,1,0,0,0,1,2.75,1,3453,-64,1840,Software,High
New Jersey,40.298904,-74.521011,South Plainfield,Petra Solar,operating,2006-01-01,2010-02-08,2010-02-08,4.11,4.11,3.58,3.58,12,1,39999987,1,NJ,cleantech,0,0,0,1,0,3.0,0,3454,1499,1499,Business,High
California,41.864917,-87.625271,San Francisco,Poll Everywhere,closed,2008-06-01,2008-05-28,2008-05-28,-0.01,-0.01,-1.15,3.67,13,1,20000,3,CA,mobile,0,1,0,0,0,1.0,1,3455,-4,-4,software,Low
Colorado,39.97764,-105.13114,Louisville,Envysion,operating,2006-01-01,2007-02-20,2013-01-30,1.14,7.08,4.58,4.58,13,4,13269616,1,CO,software,1,0,0,1,1,2.33,1,3456,415,2586,Software,High
Massachusetts,42.230171,-71.530106,Boston,Help Scout,operating,2011-01-01,2011-03-01,2012-09-06,0.16,1.68,-2.42,0.77,3,3,3450430,3,MA,software,0,1,0,0,0,8.5,1,3457,59,614,Software,Medium
Washington,47.580235,-122.145038,Seattle,Onehub,operating,2007-10-15,2008-02-01,2013-05-09,0.3,5.57,0.53,6.08,9,3,2250000,3,WA,enterprise,0,1,1,0,0,1.0,1,3458,109,2033,Software,Medium
Colorado,39.930354,-105.092218,Broomfield,Application Experts,closed,2006-06-29,2008-05-01,2008-05-01,1.84,1.84,-4.0,7.3,2,1,18000,4,CO,software,0,1,0,0,0,1.0,1,3460,672,672,Software,Low
Colorado,40.018145,-105.278109,Boulder,Occipital,operating,2008-08-01,2008-05-01,2013-10-20,-0.25,5.22,2.42,5.22,6,3,8015000,4,CO,software,0,1,1,0,0,1.0,1,3461,-92,1906,Software,Medium
Colorado,39.749671,-104.9998449,Denver,UsingMiles,operating,2010-01-01,2008-05-01,2011-12-20,-1.67,1.97,-0.4,2.0,9,4,3265000,4,CO,travel,1,1,1,0,0,1.5,1,3462,-610,718,Service,Medium
New York,40.741276,-73.991561,NYC,Panjiva,operating,2006-01-01,2006-01-01,2008-01-01,0.0,2.0,4.0,4.43,7,2,5600000,2,NY,enterprise,0,1,1,0,0,1.5,1,3463,0,730,Software,Medium
New York,40.7032884,-73.9878525,Brooklyn,Pond5,operating,2006-01-01,2008-01-01,2008-01-01,2.0,2.0,5.75,7.18,9,1,500000,3,NY,ecommerce,0,1,0,0,0,1.0,1,3464,730,730,Software,Low
Illinois,41.958157,-87.674729,Chicago,worldhistoryproject,operating,2007-01-19,2007-12-01,2007-12-01,0.87,0.87,5.02,5.02,4,1,3000000,1,IL,web,0,0,1,0,0,2.0,1,3465,316,316,Software,Medium
California,34.016655,-118.492358,Santa Monica,DECA,operating,2007-01-01,2007-09-01,2009-01-12,0.67,2.03,1.54,1.58,13,2,15000000,2,CA,games_video,0,0,1,1,0,3.5,1,3466,243,742,Software,High
California,37.7899027,-122.4007846,San Francisco,Lyft,operating,2007-01-01,2009-06-01,2013-05-23,2.42,6.39,4.5,6.95,15,5,82500000,3,CA,software,0,1,1,1,1,2.8,1,3467,882,2334,Software,High
California,37.39248,-122.072612,Mountain View,FriendFeed,acquired,2007-10-01,2008-02-26,2008-02-26,0.41,0.41,0.58,4.96,14,1,5000000,3,CA,web,0,0,1,0,0,3.0,1,3468,148,148,Software,Medium
New York,40.745064,-73.992637,New York,SideTour,acquired,2011-06-01,2011-07-01,2013-03-25,0.08,1.82,1.08,2.3,7,3,4000000,2,NY,web,0,1,1,0,0,2.0,1,3470,30,663,Software,Medium
New York,40.775309,-73.98365600000001,New York,Producteev,acquired,2008-07-08,2008-07-15,2010-02-01,0.02,1.57,2.48,4.87,12,3,1310000,2,NY,software,0,1,0,0,0,6.0,1,3471,7,573,Software,Low
Tennessee,36.139959999999995,-86.796377,Nashville,StudioNow,acquired,2007-01-01,2007-06-15,2013-01-29,0.45,6.08,3.74,3.74,2,3,15286415,1,TN,photo_video,0,0,1,0,0,1.0,0,3472,165,2220,Software,High
California,37.7983181,-122.4000032,San Francisco,GoodGuide,acquired,2007-12-01,2009-01-19,2011-08-26,1.14,3.74,2.46,3.22,14,3,14229998,3,CA,web,0,0,1,1,0,3.0,1,3474,415,1364,Software,High
California,37.390501,-122.081151,Mountain View,PostPath,acquired,2003-01-01,2004-12-07,2007-01-16,1.93,4.04,2.0,10.19,2,2,24300000,3,CA,web,0,0,0,1,1,2.5,1,3475,706,1476,Software,High
Illinois,41.916619,-87.686634,Chicago,Where I've Been,acquired,2007-06-08,2008-03-15,2010-04-15,0.77,2.85,-0.43,2.85,3,2,1750000,2,IL,travel,1,1,0,0,0,1.0,1,3476,281,1042,Service,Low
New York,40.730646,-73.986614,New York City,WeHostels,acquired,2011-11-15,2012-03-18,2012-03-18,0.34,0.34,0.55,1.72,9,1,1200000,3,NY,travel,0,1,0,0,0,5.0,1,3478,124,124,Service,Low
California,37.424298,-122.139809,Palo Alto,PlayerDuel,closed,2011-01-01,2011-09-05,2012-06-13,0.68,1.45,0.0,0.0,2,2,21189,1,CA,mobile,1,1,0,0,0,1.0,1,3479,247,529,software,Low
Colorado,40.730646,-73.986614,Boulder,Intela,acquired,2006-02-02,2010-01-18,2012-08-09,3.96,6.52,4.58,7.69,4,2,13250000,4,CO,advertising,1,0,0,0,0,2.0,0,3480,1446,2380,Service,High
California,40.787878000000006,-74.388207,San Mateo,Picateers,closed,2005-01-01,2006-01-01,2008-08-25,1.0,3.65,3.5,3.5,10,2,12100000,1,CA,web,0,0,1,1,0,1.0,1,3481,365,1332,Software,High
California,40.730646,-73.986614,San Francisco,Whiskey Media,acquired,2007-10-01,2009-03-24,2009-12-31,1.48,2.25,2.25,2.25,6,2,4000000,1,CA,web,1,0,0,0,0,1.0,0,3482,540,822,Software,Medium
New York,42.712207,-73.203599,New York,Image Space Media,acquired,2008-01-01,2010-01-19,2010-12-30,2.05,3.0,2.0,3.81,9,2,3915000,2,NY,advertising,1,0,1,0,0,3.0,1,3484,749,1094,Service,Medium
New York,37.809782,-122.417306,New York,Surphace,acquired,2005-06-01,2005-04-01,2006-05-01,-0.17,0.92,2.67,8.38,15,2,3500000,4,NY,web,0,0,1,1,0,5.5,1,3485,-61,334,Software,Medium
California,37.7870923,-122.3999719,San Francisco,Lolapps,acquired,2008-01-01,2008-09-05,2008-09-05,0.68,0.68,2.92,4.23,15,1,4000000,3,CA,web,0,0,1,0,0,3.0,1,3486,248,248,Software,Medium
California,34.005914000000004,-118.488129,Los Angeles,Geodelic Systems,closed,2008-01-01,2008-12-01,2010-09-23,0.92,2.73,2.42,2.73,8,3,10500000,3,CA,mobile,1,0,1,1,0,2.0,1,3488,335,996,software,Medium
California,37.7875,-122.399836,San Francisco,Mochi Media,acquired,2005-01-01,2008-03-12,2008-06-18,3.19,3.46,3.84,8.01,17,2,14000000,4,CA,advertising,0,0,1,1,0,1.5,1,3489,1166,1264,Service,High
California,37.764395,-122.401024,San Francisco,Pixelpipe,closed,2008-01-01,2007-01-01,2011-04-25,-1.0,3.32,3.7,5.66,4,2,2300000,3,CA,mobile,0,1,1,0,0,2.0,0,3491,-365,1210,software,Medium
Oregon,45.520247,-122.674195,Portland,Meridian,acquired,2011-03-01,2011-09-14,2012-08-30,0.54,1.5,-14.17,2.21,6,2,1975000,2,OR,enterprise,1,1,0,0,0,3.0,0,3492,197,548,Software,Low
California,37.782809,-122.394354,San Francisco,The Climate Corporation,acquired,2006-01-01,2007-01-01,2012-06-14,1.0,6.45,6.53,7.01,28,4,108900000,2,CA,cleantech,0,0,1,1,1,7.5,1,3493,365,2356,Business,High
Arizona,33.426418,-111.9396,Tempe,FetchBack,acquired,2007-04-01,2008-01-01,2008-01-01,0.75,0.75,3.17,4.62,13,1,1000000,2,AZ,advertising,0,0,1,0,0,3.0,1,3494,275,275,Service,Low
California,37.407311,-121.898605,Milpitas,ConSentry Networks,closed,2003-06-01,2005-07-18,2009-01-19,2.13,5.64,2.59,2.59,11,3,46400000,1,CA,network_hosting,1,0,0,0,1,4.0,1,3497,778,2059,Software,High
Texas,30.2729209,-97.7443863,Austin,Gowalla,acquired,2007-08-28,2008-02-27,2010-01-28,0.5,2.42,2.82,5.88,21,3,10400001,3,TX,web,0,0,1,1,0,6.0,1,3499,183,884,Software,Medium
California,37.445326,-122.160671,Palo Alto,EchoSign,acquired,2005-07-15,2005-10-01,2007-10-01,0.21,2.21,4.63,5.55,8,2,8500000,3,CA,web,0,0,1,1,0,1.0,1,3501,78,808,Software,Medium
Colorado,39.755092,-104.988123,Denver,Buzzwire,closed,2007-07-01,2007-07-01,2007-12-01,0.0,0.42,1.54,1.54,5,2,12000000,1,CO,mobile,0,0,1,1,0,2.5,1,3502,0,153,software,High
Massachusetts,42.543932,-71.27869799999999,Billerica,Vertica Systems,acquired,2005-01-01,2005-04-01,2007-02-14,0.25,2.12,5.0,6.12,20,3,30500000,3,MA,software,1,0,1,1,0,2.67,1,3503,90,774,Software,High
California,37.419346999999995,-122.089639,Mountain View,Exaprotect,acquired,2004-01-01,2006-07-10,2006-07-10,2.52,2.52,4.0,9.88,5,1,7660000,3,CA,security,0,0,1,0,0,6.0,1,3504,921,921,Service,Medium
New York,40.7434025,-73.9890857,New York,B-Side Entertainment,closed,2005-04-07,2006-10-11,2008-11-14,1.51,3.61,1.32,4.16,8,2,7350000,3,NY,games_video,0,0,1,1,0,4.5,1,3505,552,1317,Software,Medium
Texas,30.392018,-97.848345,Austin,CoreTrace,acquired,2007-01-01,2007-11-09,2012-08-10,0.85,5.61,0.0,0.0,2,3,16898621,1,TX,security,0,0,1,1,0,1.5,1,3506,312,2048,Service,High
California,37.79402,-122.4031242,San Francisco,PicApp,acquired,2008-01-01,2008-09-17,2008-09-17,0.71,0.71,1.58,3.0,5,1,3200000,3,CA,web,0,0,1,0,0,1.0,1,3507,260,260,Software,Medium
California,37.486571000000005,-122.229161,Redwood City,Predictify,closed,2007-03-01,2008-03-25,2008-03-25,1.07,1.07,0.84,3.99,4,1,4300000,3,CA,advertising,0,0,1,0,0,2.0,1,3508,390,390,Service,Medium
California,37.7611016,-122.4160008,San Francisco,WeAre.Us,closed,2007-12-01,2008-08-01,2008-08-01,0.67,0.67,-0.92,0.86,7,1,50000,2,CA,advertising,0,1,0,0,0,3.0,0,3509,244,244,Service,Low
California,34.147047,-118.148896,Pasadena,Cramster,acquired,2002-01-01,2008-09-25,2010-04-14,6.74,8.29,6.75,6.75,5,2,9000000,1,CA,web,0,0,1,1,0,1.0,0,3510,2459,3025,Software,Medium
California,37.571318,-122.267962,Foster City,Right90,acquired,2003-01-01,2005-02-28,2008-09-23,2.16,5.73,5.0,5.0,5,3,22000000,1,CA,software,0,0,1,1,1,2.67,1,3511,789,2092,Software,High
California,34.141876,-118.132377,Glendale,MyShape,closed,2003-09-01,2007-07-17,2010-11-10,3.88,7.2,2.67,7.2,3,4,28000000,2,CA,ecommerce,1,0,0,1,1,3.0,1,3513,1415,2627,Software,High
California,32.897273999999996,-117.201076,San Diego,Avaak,acquired,2004-01-01,2008-10-03,2010-03-22,4.76,6.22,3.67,6.22,2,2,17000000,2,CA,mobile,0,0,1,1,0,3.5,1,3514,1737,2272,software,High
California,37.787126,-122.39783,San Francisco,Songbird,closed,2006-02-01,2006-10-02,2010-01-27,0.67,3.99,5.08,7.37,27,3,11015719,4,CA,mobile,1,0,1,0,0,2.0,1,3515,243,1456,software,Medium
Massachusetts,42.492256,-71.13454899999999,North Reading,Kiva Systems,acquired,2003-01-01,2003-01-01,2006-05-24,0.0,3.39,6.98,9.22,13,2,11600000,3,MA,hardware,0,0,1,0,1,2.0,1,3516,0,1239,Hardware,High
New York,40.729839,-73.991781,New York,Xtify Inc.,acquired,2009-04-01,2010-05-01,2012-02-07,1.08,2.85,1.61,4.51,9,2,5686383,3,NY,mobile,0,0,1,0,0,2.0,0,3517,395,1042,software,Medium
Washington,47.602872999999995,-122.336132,Seattle,GridNetworks,closed,2004-01-01,2006-01-01,2008-05-20,2.0,4.39,1.58,4.19,7,4,30000000,2,WA,network_hosting,0,1,1,1,0,2.0,1,3519,731,1601,Software,High
Massachusetts,42.37564,-71.2358,Waltham,Guardium,acquired,2002-01-01,2005-08-12,2006-05-17,3.61,4.38,0.0,7.92,1,2,11800000,2,MA,search,0,0,0,0,1,4.5,1,3520,1319,1597,Software,High
California,37.55911,-122.303493,Santa Clara,Sentrigo,acquired,2006-10-01,2007-05-08,2010-12-21,0.6,4.22,-0.75,4.48,9,3,9500000,2,CA,software,0,0,1,1,1,2.0,1,3521,219,1542,Software,Medium
Indiana,39.914281,-86.07647800000001,Indianapolis,Vontoo,closed,2005-01-01,2009-02-17,2011-02-24,4.13,6.15,5.57,6.11,10,2,2192000,3,IN,public_relations,1,0,0,1,0,3.0,0,3523,1508,2245,Service,Medium
Virginia,38.916336,-77.230488,Viena,DubMeNow,closed,2008-01-01,2008-08-01,2012-06-05,0.58,4.43,1.25,2.15,5,4,7516703,3,VA,mobile,1,1,0,0,0,1.0,0,3524,213,1617,software,Medium
California,37.351894,-122.085807,Los Altos,SezWho,acquired,2006-10-01,2007-10-01,2007-10-01,1.0,1.0,1.25,5.25,4,1,1000000,3,CA,web,0,0,1,0,0,1.0,0,3525,365,365,Software,Low
Colorado,39.540323,-104.857271,Englewood,MX Logic,acquired,2002-01-01,2006-11-07,2006-11-07,4.85,4.85,6.59,6.59,5,1,4000000,1,CO,security,0,0,0,0,0,5.0,1,3527,1771,1771,Service,Medium
California,37.445667,-122.166911,Redwood City,"Wildfire, a division of Google",acquired,2008-07-01,2008-12-01,2011-12-01,0.42,3.42,3.6,4.85,19,4,14100000,4,CA,enterprise,0,1,1,1,0,2.25,1,3529,153,1248,Software,High
Washington,47.607065000000006,-122.335373,Seattle,Pelago,acquired,2005-12-01,2006-11-01,2008-05-27,0.92,2.49,2.58,5.38,18,3,22400000,3,WA,mobile,1,0,1,1,0,3.33,1,3530,335,908,software,High
California,34.394343,-119.51231,Carpinteria,AdECN,acquired,2003-01-01,2006-02-01,2006-02-01,3.09,3.09,5.0,5.0,6,1,3100000,1,CA,advertising,0,0,1,0,0,5.0,1,3531,1127,1127,Service,Medium
California,37.39972,-122.108306,Mountain View,Goodmail Systems,closed,2003-01-01,2005-10-17,2009-01-12,2.79,6.04,7.5,8.01,16,4,45000000,2,CA,security,0,0,1,1,1,2.0,1,3532,1020,2203,Service,High
Massachusetts,42.360253,-71.058291,Boston,Trusteer,acquired,2006-12-01,2006-11-01,2008-10-21,-0.08,1.89,4.92,6.71,6,2,10100000,2,MA,security,0,0,0,1,0,1.5,1,3534,-30,690,Service,Medium
Washington,47.620982,-122.359397,Seattle,Farecast,acquired,2003-01-01,2004-10-01,2007-01-01,1.75,4.0,4.33,9.59,17,3,20600000,2,WA,search,0,0,1,1,1,3.67,1,3535,639,1461,Software,High
California,37.391642,-122.09393500000002,Mountain View,MerchantCircle,acquired,2005-10-01,2006-06-05,2007-09-01,0.68,1.92,4.98,6.65,13,2,14300000,3,CA,web,0,0,1,1,0,4.5,1,3536,247,700,Software,High
California,37.384239,-122.012475,Sunnyvale,Minekey,closed,2005-01-01,2006-12-01,2007-08-01,1.92,2.58,2.0,6.92,10,2,3600000,3,CA,web,0,1,1,0,0,1.0,0,3537,699,942,Software,Medium
Illinois,41.8851542,-87.62231829999999,Chicago,Brickfish,acquired,2005-11-01,2010-07-16,2010-07-16,4.71,4.71,2.99,6.86,17,1,940261,2,IL,software,0,0,1,0,0,1.0,1,3539,1718,1718,Software,Low
Colorado,39.944003,-105.16519,Superior,Newmerix,closed,2002-01-01,2007-01-02,2007-01-02,5.01,5.01,0.41,0.41,3,1,7000000,1,CO,software,0,0,0,0,1,3.0,1,3541,1827,1827,Software,Medium
California,33.982431,-118.426707,Los Angeles,StreetFire,acquired,2004-06-01,2007-09-01,2008-12-01,3.25,4.5,3.08,4.85,9,2,7900000,2,CA,web,0,0,1,1,0,1.0,1,3542,1187,1644,Software,Medium
California,37.788115000000005,-122.397141,San Francisco,DocVerse,acquired,2007-09-01,2008-07-23,2008-07-23,0.89,0.89,0.83,4.21,8,1,1300000,4,CA,web,0,1,0,0,0,4.0,1,3543,326,326,Software,Low
California,37.384716999999995,-122.081625,Mountain View,Loopt,acquired,2005-01-01,2005-06-01,2010-05-03,0.41,5.34,5.52,7.19,21,4,32006000,3,CA,mobile,0,1,1,1,1,1.67,1,3544,151,1948,software,High
California,37.792871000000005,-122.400747,San Francisco,One Block Off the Grid (1BOG),acquired,2008-11-01,2010-02-11,2010-02-11,1.28,1.28,2.7,3.58,8,1,5000000,3,CA,cleantech,0,0,1,0,0,1.0,1,3545,467,467,Business,Medium
California,37.420428,-122.090769,Mountain View,Trovix,acquired,2002-01-01,2005-12-07,2006-09-06,3.93,4.68,4.0,4.0,3,2,18250000,1,CA,search,0,0,1,1,0,2.5,1,3546,1436,1709,Software,High
California,34.03423370000001,-118.4536137,Los Angeles,GetBack,closed,2007-09-01,2008-11-06,2008-11-06,1.18,1.18,0.92,0.92,1,1,1700000,1,CA,web,0,0,1,0,0,1.0,0,3548,432,432,Software,Low
Washington,47.638456,-122.356965,Seattle,Haute Secure,acquired,2006-01-01,2007-01-01,2009-03-09,1.0,3.19,2.43,7.62,5,2,2100000,3,WA,security,0,1,1,0,0,1.5,1,3549,365,1163,Service,Medium
California,37.336191,-121.890583,San Jose,Cassatt,acquired,2003-01-01,2006-03-01,2006-03-01,3.16,3.16,2.0,2.0,6,1,15000000,1,CA,software,0,0,0,0,0,3.0,1,3550,1155,1155,Software,High
Massachusetts,42.49739,-71.416794,Acton,Blackwave,acquired,2006-01-01,2006-12-01,2009-09-30,0.92,3.75,0.58,4.88,14,3,28000000,2,MA,network_hosting,0,0,1,1,1,2.67,1,3552,334,1368,Software,High
California,37.628328,-122.420814,San Bruno,Planet Metrics,closed,2007-01-01,2008-11-12,2008-11-12,1.87,1.87,0.0,1.86,2,1,2300000,2,CA,cleantech,0,0,1,0,0,2.0,1,3553,681,681,Business,Medium
Virginia,38.872668,-77.367981,McLean,Rollstream,acquired,2005-01-01,2007-09-03,2008-11-18,2.67,3.88,4.0,7.32,4,2,7500000,3,VA,software,0,0,1,1,0,1.5,1,3554,975,1417,Software,Medium
California,40.01573320000001,-105.275027,Menlo Park,PublicEarth,closed,2008-01-01,2008-02-08,2010-05-21,0.1,2.39,2.33,2.79,7,2,4000000,2,CA,travel,1,0,1,0,0,1.0,1,3555,38,871,Service,Medium
California,32.9388917,-117.2398594,San Diego,Imagine Communications,acquired,2005-01-01,2005-01-01,2010-04-20,0.0,5.3,5.0,5.0,17,4,34700000,1,CA,software,1,0,1,1,0,2.25,1,3556,0,1935,Software,High
Nevada,36.170538,-115.101942,Las Vegas,NSFW Corporation,acquired,2011-01-01,2011-10-05,2013-06-14,0.76,2.45,2.16,2.9,3,2,250000,2,NV,news,0,1,0,0,0,1.5,1,3557,277,895,Service,Low
California,34.144926,-118.149767,Pasadena,iChange,acquired,2008-01-01,2007-10-01,2010-02-01,-0.25,2.09,1.42,1.42,6,3,1830000,1,CA,health,0,1,1,0,0,2.0,0,3558,-92,762,Service,Low
Washington,39.78373,-100.445882,Seattle,Attenex,acquired,2000-01-01,2005-05-23,2005-05-23,5.39,5.39,4.0,4.0,3,1,5000000,1,WA,software,0,0,0,1,0,1.0,1,3559,1969,1969,Software,Medium
California,39.78373,-100.445882,Redwood City,NebuAd,closed,2006-01-01,2007-07-01,2007-09-01,1.5,1.67,0.0,7.52,2,2,30150000,3,CA,advertising,0,0,1,1,0,1.5,1,3562,546,608,Service,High
California,37.789268,-122.395184,San Francisco,Swivel,closed,2005-12-01,2006-09-01,2007-04-01,0.75,1.33,1.08,6.5,8,2,2000000,4,CA,search,0,0,1,0,0,1.0,0,3563,274,486,Software,Low
Illinois,42.055849,-87.694664,Evanston,Amadesa,closed,2005-05-15,2007-12-03,2011-10-05,2.55,6.39,6.64,6.64,15,2,12800000,1,IL,software,0,0,1,1,0,2.0,1,3564,932,2334,Software,High
Pennsylvania,39.952399,-75.16359,Philadelphia,MobileReactor,closed,2010-01-01,2011-10-24,2012-06-15,1.81,2.45,0.75,0.75,2,2,1175000,1,PA,software,1,0,0,0,0,1.0,0,3565,661,896,Software,Low
California,33.999004,-118.472297,Venice,Mogreet,acquired,2006-01-01,2007-08-01,2012-04-04,1.58,6.26,6.09,7.39,9,4,13988210,3,CA,mobile,1,0,1,1,1,3.67,1,3566,577,2285,software,High
California,37.409096000000005,-121.94319099999998,San Jose,WiChorus,acquired,2005-01-01,2005-12-22,2008-11-04,0.97,3.84,2.0,2.0,18,4,42500000,1,CA,mobile,1,0,1,1,1,2.5,1,3568,355,1403,software,High
Texas,30.280147999999997,-97.749908,Austin,FiveRuns,acquired,2005-02-01,2005-09-01,2007-10-28,0.58,2.74,1.92,4.66,11,2,9200000,2,TX,web,0,0,1,1,0,1.0,1,3569,212,999,Software,Medium
New York,40.73901,-73.997259,New York,Peek & Co,closed,2007-11-01,2008-01-01,2011-08-12,0.17,3.78,3.84,6.12,6,2,626096,3,NY,mobile,1,0,1,0,0,1.0,1,3571,61,1380,software,Low
California,37.775196,-122.419204,San Francisco,Metaweb Technologies,acquired,2005-01-01,2006-03-01,2008-01-15,1.16,3.04,3.27,5.54,7,2,57000000,2,CA,web,0,0,1,1,0,3.5,1,3572,424,1109,Software,High
Massachusetts,42.405685,-71.25585699999999,Waltham,xkoto,closed,2005-01-01,2005-11-01,2009-01-26,0.83,4.07,2.0,2.0,3,3,11035000,1,MA,software,1,0,0,1,1,1.67,1,3573,304,1486,Software,Medium
New York,40.650104,-73.94958199999999,Brooklyn,Press,closed,2011-06-01,2011-12-15,2011-12-15,0.54,0.54,0.08,0.56,3,1,70000,2,NY,software,0,1,0,0,0,1.0,0,3574,197,197,Software,Low
Florida,26.106273,-80.41894,Weston,DateMyFamily.com,closed,2011-11-11,2011-12-01,2011-12-01,0.05,0.05,0.07,0.4,4,1,100000,2,FL,social,0,1,0,0,0,1.0,0,3575,20,20,Software,Low
California,37.520592,-122.255907,Palo Alto,TrustedID,acquired,2005-01-01,2005-10-01,2007-10-18,0.75,2.79,2.06,3.84,5,3,25000000,2,CA,security,0,0,1,1,0,2.0,1,3576,273,1020,Service,High
Illinois,39.78373,-100.445882,Chicago,CakeStyle,closed,2011-08-01,2012-08-13,2012-08-13,1.04,1.04,0.0,1.04,2,1,1000000,2,IL,web,0,1,0,0,0,1.0,0,3577,378,378,Software,Low
Massachusetts,42.485102000000005,-71.211568,Burlington,expressor software,acquired,2007-01-01,2007-07-01,2011-12-19,0.5,4.97,1.0,4.51,10,4,29050000,2,MA,software,1,0,0,1,0,2.67,1,3578,181,1813,Software,High
California,37.406217,-121.976473,Santa Clara,Azuro,acquired,2002-01-01,2006-01-01,2009-11-13,4.0,7.87,0.16,0.16,5,2,10000000,1,CA,semiconductor,1,0,0,1,0,4.0,1,3580,1461,2873,Software,Medium
New York,40.74731129999999,-73.95491820000001,Long Island City,Songza,acquired,2007-11-01,2011-09-19,2013-09-10,3.88,5.86,2.84,6.11,9,2,6700000,4,NY,music,1,0,0,0,0,8.0,1,3581,1418,2140,Service,Medium
California,37.782978,-122.394517,San Francisco,Transpond,acquired,2007-01-01,2009-02-04,2009-02-04,2.1,2.1,2.28,3.17,6,1,4100000,3,CA,advertising,0,0,1,0,0,2.0,1,3582,765,765,Service,Medium
California,37.388869,-122.072353,Mountain View,LaunchGram,acquired,2012-01-10,2012-01-23,2012-10-01,0.04,0.73,0.47,0.92,4,2,70000,2,CA,news,0,1,0,0,0,1.0,1,3583,13,265,Service,Low
Ohio,41.678675,-83.51272800000001,Toledo,Classiphix,closed,2009-09-19,2011-01-01,2011-01-01,1.28,1.28,0.0,0.0,1,1,15000,1,OH,ecommerce,0,1,0,0,0,1.0,0,3584,469,469,Software,Low
California,37.779281,-122.419236,San Francisco,Vontu,acquired,2001-01-01,2005-03-21,2006-08-11,4.22,5.61,5.0,5.0,9,2,20000000,1,CA,software,0,0,0,0,1,4.5,1,3585,1540,2048,Software,High
Rhode Island,41.818712,-71.411775,Providence,"MoveableCode, Inc.",closed,2010-01-01,2009-01-01,2012-04-01,-1.0,2.25,1.75,1.75,3,2,350000,1,RI,mobile,0,1,0,0,0,1.0,1,3586,-365,821,software,Low
New York,40.74929,-73.981328,New York,LiftDNA,acquired,2009-09-01,2011-02-01,2011-02-11,1.42,1.45,1.66,1.66,5,2,1000000,1,NY,advertising,0,1,0,0,0,3.5,0,3587,518,528,Service,Low
California,37.779281,-122.419236,San Francisco,Wheelz,acquired,2011-01-01,2011-09-28,2012-02-22,0.74,1.14,0.58,0.58,15,2,15700000,1,CA,automotive,0,0,1,0,0,3.0,1,3588,270,417,Service,High
New York,40.721898,-73.999356,New York,Health Guru Media Inc.,acquired,2007-01-01,2007-01-01,2011-06-29,0.0,4.49,4.49,5.17,6,3,9450000,2,NY,health,0,0,1,0,1,3.67,1,3589,0,1640,Service,Medium
New York,40.70276,-73.98666800000001,Brooklyn,drop.io,acquired,2007-11-26,2007-12-03,2010-05-03,0.02,2.44,0.79,4.38,15,3,9950000,3,NY,education,0,0,1,1,1,2.33,1,3590,7,889,Service,Medium
New Hampshire,42.99564,-71.454789,Manchester,Trendslide,acquired,2011-08-01,2011-08-01,2012-03-01,0.0,0.58,0.58,0.59,9,2,125000,2,NH,mobile,0,1,0,0,0,1.0,0,3592,0,213,software,Low
Washington,47.598968,-122.332904,Seattle,Snapvine,acquired,2005-01-01,2006-07-01,2007-09-01,1.5,2.67,2.41,5.94,6,2,12000000,3,WA,other,0,0,1,1,0,2.5,1,3593,546,973,Business,High
California,37.5455355,-122.32088020000002,Emeryville,Quantivo,acquired,2005-01-01,2008-01-09,2009-12-16,3.02,4.96,6.58,6.68,11,2,9400000,2,CA,analytics,0,0,1,0,0,2.0,1,3595,1103,1810,Software,Medium
California,37.428087700000006,-122.143368,Menlo Park,Silver Tail Systems,acquired,2008-01-08,2008-09-26,2011-09-22,0.72,3.71,0.54,3.63,11,3,22100000,4,CA,analytics,1,0,1,1,0,2.67,1,3596,262,1353,Software,High
Ohio,39.099909,-84.504243,Cincinnati,StyleZen,closed,2011-09-01,2011-09-01,2011-09-01,0.0,0.0,0.0,0.0,2,1,20000,1,OH,fashion,0,1,0,0,0,1.0,0,3597,0,0,Business,Low
California,37.779281,-122.419236,San Francisco,Karma,acquired,2011-01-01,2011-01-01,2011-11-14,0.0,0.87,0.41,2.17,3,2,2304999,2,CA,mobile,1,0,0,0,0,5.0,1,3598,0,317,software,Medium
California,37.417002,-122.07871000000002,Mountain View,Kace networks,acquired,2003-01-01,2005-07-25,2006-05-22,2.56,3.39,8.15,8.15,7,2,11000000,1,CA,software,1,0,0,1,0,1.5,1,3599,936,1237,Software,Medium
California,39.78373,-100.445882,Mountain View,Rhythm NewMedia,acquired,2005-01-01,2010-11-10,2012-09-11,5.86,7.7,5.86,7.67,28,4,28932322,3,CA,advertising,1,0,0,0,1,2.67,1,3600,2139,2810,Service,High
California,37.794891,-122.397901,San Franciso,Zentact,closed,2008-09-01,2008-09-01,2008-09-01,0.0,0.0,3.41,3.41,3,1,250000,1,CA,network_hosting,0,1,0,0,0,3.0,0,3601,0,0,Software,Low
Massachusetts,42.431555,-71.48307700000001,Maynard,Utterz,closed,2007-09-17,2007-09-01,2007-09-01,-0.04,-0.04,0.27,0.27,3,1,4000000,1,MA,mobile,0,0,1,0,0,2.0,1,3602,-16,-16,software,Medium
California,37.779281,-122.419236,San Francisco,Wantful,closed,2011-01-01,2012-03-20,2012-03-20,1.22,1.22,1.42,2.68,6,1,5500000,2,CA,ecommerce,0,0,1,0,0,8.0,1,3603,444,444,Software,Medium
California,37.785655,-122.398393,San Francisco,SenSage,acquired,2004-08-18,2005-04-18,2012-01-01,0.67,7.38,2.37,2.37,6,6,37079000,1,CA,security,1,0,0,0,1,3.8,1,3604,243,2692,Service,High
California,37.7766184,-122.3938931,San Francisco,Dapper,acquired,2006-10-01,2007-12-01,2007-12-01,1.17,1.17,1.93,4.01,19,1,3000000,4,CA,advertising,0,0,1,0,0,2.0,1,3606,426,426,Service,Medium
New York,40.730646,-73.986614,New York,Oberon Media,acquired,2003-01-01,2008-10-06,2010-11-10,5.77,7.86,9.26,9.26,16,2,36000000,1,NY,games_video,1,0,0,1,0,1.0,1,3607,2105,2870,Software,High
Illinois,41.889474,-87.628912,Chicago,FeedBurner,acquired,2004-02-01,2004-06-01,2005-04-01,0.33,1.16,2.08,9.35,16,2,8000000,4,IL,web,0,0,1,1,0,4.0,1,3608,121,425,Software,Medium
Texas,29.739322,-95.444747,Houston,Rudder,closed,2006-10-01,2008-01-15,2008-01-15,1.29,1.29,7.12,7.12,3,1,2000000,1,TX,web,0,0,1,0,0,1.0,0,3609,471,471,Software,Low
California,37.400367,-121.985711,Santa Clara,Plusmo,acquired,2006-06-01,2008-05-01,2008-05-01,1.92,1.92,2.0,2.0,4,1,4410000,1,CA,mobile,0,0,1,0,0,1.0,1,3610,700,700,software,Medium
Tennessee,35.149021999999995,-90.05162800000001,Memphis,Friendsignia,closed,2012-01-29,2012-01-29,2012-01-29,0.0,0.0,0.0,0.0,2,1,15000,1,TN,web,0,1,0,0,0,1.0,0,3611,0,0,Software,Low
Georgia,33.956215,-83.987962,Lawrenceville,Nalace Corporation,closed,2012-01-01,2012-04-19,2012-04-19,0.3,0.3,0.3,0.3,1,1,19000,1,GA,ecommerce,0,1,0,0,0,1.0,0,3612,109,109,Software,Low
Colorado,39.74627279999999,-104.9911572,Denver,Stratavia,acquired,2001-01-01,2005-08-31,2009-12-29,4.67,9.0,8.84,8.84,12,5,10700000,1,CO,software,0,0,1,1,0,2.5,1,3613,1703,3284,Software,Medium
Virginia,39.035298,-77.430125,Dulles,Anystream,acquired,2000-01-01,2000-01-01,2007-02-07,0.0,7.11,6.01,10.9,9,3,59000000,3,VA,software,1,0,0,0,1,2.0,1,3614,0,2594,Software,High
California,36.72953,-119.708861,Fresno,Soshowise,closed,2011-06-08,2012-02-01,2012-02-01,0.65,0.65,1.9,1.9,12,1,50000,1,CA,web,0,1,0,0,0,4.0,0,3615,238,238,Software,Low
California,37.787247,-122.399959,San Francisco,NaturalPath Media,acquired,2006-06-01,2006-12-01,2006-12-01,0.5,0.5,2.0,4.02,6,1,250000,2,CA,advertising,0,1,0,0,0,2.0,0,3616,183,183,Service,Low
California,37.441537,-122.158332,Palo Alto,ThisLife,acquired,2010-01-01,2012-06-22,2012-06-22,2.47,2.47,2.0,3.02,6,1,2750000,2,CA,web,0,0,0,0,0,6.0,1,3617,903,903,Software,Medium
California,37.381034,-121.971487,Santa Clara,3Leaf,acquired,2004-06-01,2007-04-30,2008-09-22,2.91,4.31,3.17,3.17,6,3,65000000,1,CA,software,0,0,1,1,1,3.67,1,3619,1063,1574,Software,High
California,34.049766999999996,-118.459387,Santa Monica,EdgeCast Networks,acquired,2006-08-01,2006-08-01,2013-07-18,0.0,6.97,6.42,7.36,19,5,74000000,2,CA,network_hosting,0,1,1,1,1,1.75,1,3620,0,2543,Software,High
California,37.426316,-122.141082,Palo Alto,Neopolitan Networks,closed,2002-01-01,2007-06-28,2007-06-28,5.49,5.49,0.0,0.0,1,1,3170000,1,CA,web,0,0,1,0,0,2.0,0,3621,2004,2004,Software,Medium
Maryland,39.436844,-76.61870400000001,Timonium,Bill Me Later,acquired,2000-01-01,2006-03-01,2007-12-01,6.17,7.92,8.01,11.25,6,3,100000000,3,MD,web,1,0,1,0,0,2.5,1,3622,2251,2891,Software,High
Colorado,39.6478,-104.9875,Englewood,WildBlue,acquired,2004-01-01,2008-09-03,2008-09-03,4.68,4.68,5.97,5.97,0,1,50000000,1,CO,web,1,0,0,0,0,4.0,1,3623,1707,1707,Software,High
California,37.404788,-121.940842,San Jose,Packetmotion,acquired,2002-01-01,2006-09-21,2010-12-02,4.72,8.92,5.0,5.0,6,4,21170000,1,CA,enterprise,0,0,0,1,1,3.33,1,3625,1724,3257,Software,High
California,37.382376,-122.037607,Sunnyvale,VoloMedia,closed,2005-01-01,2007-04-20,2008-03-18,2.3,3.21,3.59,4.58,4,2,12000000,3,CA,advertising,0,0,0,1,1,2.0,1,3626,839,1172,Service,High
Virginia,39.050108,-77.40082,Potomac Falls,Summize,acquired,2006-11-01,2007-06-01,2007-06-01,0.58,0.58,-0.5,3.83,5,1,750000,3,VA,search,0,1,0,0,0,2.0,1,3627,212,212,Software,Low
California,37.779281,-122.419236,San Francisco,Applied Identity,closed,2002-01-01,2005-01-13,2008-10-01,3.04,6.75,4.0,4.0,2,3,33000000,1,CA,advertising,0,0,1,1,1,4.0,1,3629,1108,2465,Service,High
California,34.01052,-118.495981,Santa Monica,Goodreads,acquired,2007-01-15,2007-11-01,2009-12-09,0.79,2.9,3.05,6.52,11,2,2750000,3,CA,web,0,1,1,0,0,4.0,1,3630,290,1059,Software,Medium
California,37.386665,-122.084171,Mountain View,Ribbit,acquired,2005-02-23,2006-10-01,2007-12-17,1.6,2.81,3.43,7.41,14,2,11000000,3,CA,mobile,0,0,1,1,0,2.0,1,3631,585,1027,software,Medium
California,37.381876,-121.95993,Santa Clara,Kickfire,closed,2006-01-01,2008-07-31,2008-07-31,2.58,2.58,3.0,4.61,4,1,20000000,2,CA,software,0,0,0,1,0,4.0,1,3632,942,942,Software,High
California,37.477037,-122.15164,Sunnyvale,Schooner Information Technology,acquired,2007-05-01,2007-10-01,2009-07-24,0.42,2.23,2.23,4.34,8,2,35000000,2,CA,enterprise,0,0,1,1,0,2.5,1,3633,153,815,Software,High
California,37.316790000000005,-122.05079,Cupertino,ArcSight,acquired,2000-01-01,2000-01-01,2006-06-30,0.0,6.5,0.34,10.01,24,3,26914000,3,CA,software,0,0,1,1,1,6.0,1,3634,0,2372,Software,High
California,37.2690782,-121.9559995,Campbell,ONStor,acquired,2000-01-01,2005-06-02,2008-04-18,5.42,8.3,8.01,8.01,6,3,65800000,1,CA,network_hosting,1,0,0,0,0,4.67,1,3635,1979,3030,Software,High
California,37.3915589,-122.0702643,Mountain View,RingCube Technologies,acquired,2005-01-01,2006-09-21,2010-03-18,1.72,5.21,3.0,6.61,6,3,26000000,2,CA,software,1,0,1,1,0,1.67,1,3637,628,1902,Software,High
California,34.019657,-118.487549,Santa Monica,Gradient X,acquired,2012-01-01,2012-06-20,2012-06-20,0.47,0.47,1.1,1.68,5,1,3750000,3,CA,mobile,0,0,0,0,0,9.0,1,3638,171,171,software,Medium
California,34.050451,-118.437775,Los Angeles,Contur,closed,2011-09-01,2012-05-01,2012-05-01,0.67,0.67,0.42,0.42,2,1,20000,1,CA,messaging,0,1,0,0,0,1.0,0,3639,243,243,Software,Low
New York,40.752516,-73.973072,New York,WeShow,closed,2007-06-01,2007-06-01,2007-06-01,0.0,0.0,0.11,0.11,2,1,5000000,1,NY,games_video,0,0,1,0,0,2.0,0,3640,0,0,Software,Medium
California,37.390233,-122.033741,Sunnyvale,Mu Dynamics,acquired,2005-01-01,2005-01-01,2008-05-19,0.0,3.38,5.68,5.68,5,3,24000000,1,CA,network_hosting,0,0,1,1,1,2.67,1,3641,0,1234,Software,High
California,35.966068,-115.118671,Scotts Valley,Multigig,acquired,2003-01-01,2008-05-12,2010-12-22,5.36,7.98,5.25,5.25,5,3,37891054,1,CA,semiconductor,1,0,0,1,1,3.0,1,3642,1958,2912,Software,High
California,37.430025,-122.09998,Mountain View,Sensory Networks,acquired,2003-01-01,2005-10-10,2008-01-01,2.78,5.0,4.16,10.75,2,3,17400000,2,CA,web,1,0,0,0,1,5.0,1,3643,1013,1826,Software,High
California,37.486368,-122.230116,Redwood City,Qik,acquired,2006-06-01,2008-04-09,2011-01-06,1.86,4.6,3.92,6.43,15,4,14800000,3,CA,mobile,1,0,0,1,1,2.25,1,3644,678,1680,software,High
California,32.7154,-117.1565,San Diego,ID Analytics,acquired,2002-01-01,2002-05-01,2007-05-16,0.33,5.37,9.01,9.01,9,3,35150000,1,CA,web,0,0,1,1,1,3.0,1,3646,120,1961,Software,High
California,37.783171,-122.392901,San Francisco,Arch Rock Corporation,acquired,2005-01-01,2005-10-01,2007-05-02,0.75,2.33,2.0,2.0,6,2,15000000,1,CA,software,0,0,1,1,0,3.0,1,3647,273,851,Software,High
New York,40.730646,-73.986614,New York,#waywire,acquired,2012-06-01,2012-06-30,2012-06-30,0.08,0.08,0.5,1.38,8,1,1750000,2,NY,news,0,0,0,0,0,5.0,1,3648,29,29,Service,Low
New York,40.730646,-73.986614,New York,Socialbomb,acquired,2008-06-05,2008-12-01,2008-12-01,0.49,0.49,1.18,1.18,6,1,240000,1,NY,games_video,0,1,0,0,0,2.0,1,3649,179,179,Software,Low
California,37.7710177,-122.4025976,San Francisco,Terracotta,acquired,2003-01-01,2006-02-27,2008-09-01,3.16,5.67,9.01,9.01,9,2,23500000,1,CA,software,1,0,0,1,0,5.0,1,3650,1153,2070,Software,High
Texas,32.959908,-96.70737,Richardson,RipCode,closed,2006-08-06,2006-11-01,2010-05-11,0.24,3.76,2.42,3.88,10,4,33000000,3,TX,software,0,0,1,1,1,4.0,1,3651,87,1374,Software,High
California,37.386778,-121.966277,Santa Clara,Exeros,acquired,2002-01-01,2006-09-05,2006-09-05,4.68,4.68,8.1,8.1,1,1,12000000,1,CA,software,0,0,0,1,0,3.0,1,3652,1708,1708,Software,High
Illinois,40.090392,-88.239237,Champaign,"RiverGlass, Inc.",closed,2003-01-01,2007-02-05,2008-01-21,4.1,5.06,2.0,2.0,4,2,6400000,1,IL,software,1,0,0,1,0,3.5,1,3653,1496,1846,Software,Medium
Connecticut,41.1010914,-73.4168779,Norwalk,KAYAK,acquired,2004-01-14,2004-01-01,2012-08-17,-0.04,8.6,7.58,9.52,24,6,235024070,3,CT,search,1,0,1,1,1,3.75,1,3654,-13,3138,Software,High
California,37.563585,-122.324621,San Mateo,Xumii,acquired,2006-01-01,2005-12-12,2008-09-08,-0.05,2.69,1.83,3.71,2,3,12800000,2,CA,mobile,1,0,0,0,0,1.67,0,3655,-20,981,software,High
California,37.554214,-121.977451,Fremont,Silicon Clocks,acquired,2004-01-01,2006-06-02,2009-06-08,2.42,5.44,2.0,2.0,2,3,26100000,1,CA,semiconductor,1,0,0,1,0,3.5,1,3656,883,1985,Software,High
New York,40.756054,-73.986951,New York,Pictela,acquired,2008-10-17,2009-01-06,2010-11-06,0.22,2.05,0.04,3.92,8,4,3499997,3,NY,advertising,1,0,1,0,0,1.5,1,3658,81,750,Service,Medium
Georgia,33.7812614,-84.36756170000001,Atlanta,Vocalocity,acquired,2007-01-01,2009-01-28,2011-08-29,2.08,4.66,4.58,4.73,9,2,13600000,2,GA,software,0,0,0,1,1,3.0,1,3660,758,1701,Software,High
Colorado,40.011355,-105.274166,Boulder,27 Perry,closed,2012-07-25,2012-05-17,2012-05-17,-0.19,-0.19,0.0,0.0,2,1,118000,1,CO,ecommerce,0,1,0,0,0,1.0,1,3661,-69,-69,Software,Low
California,37.779281,-122.419236,San Francisco,Fabkids,acquired,2012-01-01,2012-08-02,2012-08-02,0.59,0.59,1.05,1.05,8,1,2600000,1,CA,ecommerce,0,0,1,0,0,2.0,0,3662,214,214,Software,Medium
Texas,30.268236,-97.740651,Austin,Challenge Games,acquired,2006-01-01,2008-07-10,2008-09-01,2.52,2.67,3.0,4.42,11,2,14500000,3,TX,network_hosting,0,0,1,1,0,1.5,1,3663,921,974,Software,High
Wisconsin,43.090756,-89.522805,Middleton,Sway,closed,2004-12-03,2010-01-19,2010-01-19,5.13,5.13,3.16,8.51,6,1,2000000,2,WI,advertising,0,0,1,0,0,2.0,0,3664,1873,1873,Service,Low
California,37.793949,-122.398062,San Francisco,Focus,closed,2005-08-01,2008-03-06,2008-03-06,2.6,2.6,2.92,5.48,7,1,12170000,2,CA,enterprise,0,0,0,0,1,3.0,1,3665,948,948,Software,High
California,33.12417,-117.275236,Carlsbad,Breach Security,acquired,2004-01-01,2006-05-30,2009-05-21,2.41,5.39,0.0,0.0,2,4,31000000,1,CA,security,1,0,0,1,0,2.67,1,3666,880,1967,Service,High
Florida,28.098905,-82.400087,Tampa,Infinity Box,acquired,2006-01-01,2006-01-01,2006-04-01,0.0,0.25,2.42,5.32,10,2,118000,3,FL,web,0,1,0,0,0,1.5,1,3667,0,90,Software,Low
California,37.384239,-122.012475,Sunnyvale,Stiki Digital,closed,2007-03-01,2008-09-01,2008-12-23,1.51,1.82,1.25,1.25,4,3,325000,1,CA,web,0,1,1,0,0,1.33,1,3668,550,663,Software,Low
California,37.441537,-122.158332,Palo Alto,scanR,closed,2005-01-01,2007-03-22,2009-04-23,2.22,4.31,3.58,3.58,5,2,14200000,1,CA,mobile,1,0,0,1,0,3.0,1,3670,810,1573,software,High
California,37.39628270000001,-122.105531,Los Altos,QSecure,closed,2003-01-01,2005-08-02,2009-10-05,2.59,6.76,5.5,5.5,8,5,49000000,1,CA,security,1,0,1,1,1,3.5,1,3671,944,2469,Service,High
California,37.288326,-121.945633,Campbell,TeleCIS Wireless,acquired,2000-01-01,2006-01-01,2006-01-01,6.01,6.01,6.01,6.01,2,1,10000000,1,CA,semiconductor,0,0,0,0,1,1.0,1,3672,2192,2192,Software,Medium
California,37.789429,-122.276524,Alameda,Voxify,acquired,2001-01-01,2005-02-01,2010-04-21,4.09,9.31,6.0,6.0,5,3,33000000,1,CA,enterprise,1,0,0,1,0,3.67,1,3674,1492,3397,Software,High
California,37.389389,-122.08321,Mountain View,Quik.io,acquired,2011-02-03,2011-04-20,2012-11-18,0.21,1.79,0.32,1.78,7,2,1280000,2,CA,software,1,1,0,0,0,1.0,0,3675,76,654,Software,Low
New York,40.762673,-73.969296,New York,SimulScribe,closed,2003-03-18,2004-01-01,2007-12-01,0.79,4.71,1.79,6.87,6,3,5700000,2,NY,web,0,1,0,0,0,1.0,0,3676,289,1719,Software,Medium
California,37.779281,-122.419236,San Francisco,BookFresh,acquired,2007-01-01,2009-07-28,2009-07-28,2.57,2.57,2.48,4.67,7,1,500000,2,CA,web,0,1,0,0,0,5.0,1,3677,939,939,Software,Low
Washington,47.600818,-122.334117,Seattle,Delve Networks,acquired,2006-02-01,2006-12-01,2007-08-01,0.83,1.5,0.0,4.84,5,2,9650000,3,WA,games_video,0,0,1,0,0,2.5,1,3678,303,546,Software,Medium
California,37.779026,-122.40184,San Francisco,adBrite,acquired,2003-01-01,2004-09-01,2012-05-01,1.67,9.34,7.38,10.47,17,4,40400000,3,CA,advertising,0,0,1,1,1,1.67,1,3679,609,3408,Service,High
California,34.430786,-119.715074,Santa Barbara,SendMeHome.com,closed,2008-07-01,2008-07-01,2008-07-01,0.0,0.0,0.74,0.74,2,1,50000,1,CA,games_video,0,1,0,0,0,2.0,0,3680,0,0,Software,Low
New York,37.402802,-122.117418,New York,TravelMuse,acquired,2007-04-16,2007-05-01,2009-06-01,0.04,2.13,1.76,4.87,9,3,5600000,4,NY,web,0,0,1,1,0,2.0,1,3681,15,777,Software,Medium
New York,40.730646,-73.986614,New York,GridApp Systems,acquired,2002-01-01,2005-07-02,2005-07-02,3.5,3.5,5.0,8.93,3,1,5000000,2,NY,software,0,0,1,0,0,2.0,1,3683,1278,1278,Software,Medium
California,25.752357999999997,-80.25468000000001,San Francisco,Scrapblog,acquired,2006-01-01,2006-03-06,2010-02-05,0.18,4.1,0.73,5.05,8,4,10000000,3,CA,web,0,0,1,1,1,1.25,1,3684,64,1496,Software,Medium
Illinois,41.878984,-87.637,Chicago,Open Kernel Labs,acquired,2006-01-01,2007-09-13,2012-07-06,1.7,6.52,3.28,4.93,3,5,10764323,3,IL,software,1,0,1,0,0,2.0,1,3685,620,2378,Software,Medium
Massachusetts,37.09024,-95.712891,Cambridge,N2N Commerce,acquired,2006-01-01,2008-01-03,2008-01-03,2.01,2.01,0.0,0.0,1,1,30000000,1,MA,ecommerce,1,0,0,0,0,2.0,1,3686,732,732,Software,High
California,37.496904,-122.333057,San Mateo,D2C Games,closed,2006-01-01,2006-12-27,2007-08-29,0.99,1.66,-1.33,-1.33,1,2,7500000,1,CA,games_video,0,0,1,0,0,1.0,0,3687,360,605,Software,Medium
California,37.36883,-122.03635,Sunnyvale,Telegent Systems,acquired,2004-01-01,2005-10-01,2007-08-22,1.75,3.64,1.0,1.0,7,2,35000000,1,CA,hardware,0,0,0,1,1,2.5,1,3688,639,1329,Hardware,High
California,33.553278000000006,-117.6779,Laguna Niguel,Symwave,acquired,2001-01-01,2007-07-18,2009-08-06,6.55,8.6,5.0,5.0,4,3,26200000,1,CA,semiconductor,1,0,0,0,1,2.5,1,3689,2389,3139,Software,High
California,37.393679,-122.079017,Mountain View,Meebo,acquired,2005-02-01,2005-10-01,2010-12-20,0.66,5.88,6.21,8.61,29,5,70000000,4,CA,web,0,0,1,1,1,2.8,1,3690,242,2148,Software,High
California,37.392443,-122.072517,San Francisco,Meraki,acquired,2006-04-01,2006-12-01,2012-07-10,0.67,6.28,2.79,7.45,16,5,80000000,3,CA,network_hosting,0,1,1,1,1,2.25,1,3691,244,2292,Software,High
New Jersey,40.477604,-74.626824,Hillsborough,Relationship Analytics,closed,2012-08-01,2013-04-05,2013-05-16,0.68,0.79,0.0,0.0,2,2,125000,1,NJ,analytics,0,1,0,0,0,1.0,0,3692,247,288,Software,Low
Michigan,42.548008,-83.214753,Bingham Farms,Speedshape,closed,2003-01-01,2008-02-20,2008-02-20,5.14,5.14,7.01,7.01,2,1,5000000,1,MI,advertising,1,0,0,0,0,1.0,0,3693,1876,1876,Service,Medium
California,37.7915,-122.40045,San Francisco,Peanut Labs,acquired,2005-01-01,2006-02-01,2008-02-19,1.08,3.13,5.92,7.93,16,2,4200000,2,CA,enterprise,0,0,1,1,0,1.5,1,3694,396,1144,Software,Medium
Massachusetts,42.296017299999995,-71.2128734,Needham,HiWired,acquired,2004-01-01,2008-01-01,2008-01-02,4.0,4.01,4.0,4.0,2,2,14000000,1,MA,software,1,0,0,1,0,1.5,1,3695,1461,1462,Software,High
California,37.261986,-121.784279,San Jose,Shocking Technologies,closed,2006-01-01,2007-04-17,2012-05-21,1.29,6.39,0.0,0.0,2,6,55900000,1,CA,hardware,1,0,1,1,1,3.2,1,3696,471,2332,Hardware,High
California,37.377787,-122.029217,Sunnyvale,Mobius Microsystems,acquired,2004-01-01,2006-01-31,2007-12-10,2.08,3.94,-3.0,-3.0,3,2,20220000,1,CA,hardware,0,0,1,1,0,3.0,1,3697,761,1439,Hardware,High
California,37.4587657,-122.1725191,Menlo Park,Intelliden,acquired,2000-01-01,2005-12-21,2007-05-22,5.98,7.39,4.0,4.0,5,3,80000000,1,CA,software,1,0,0,0,0,4.0,1,3699,2181,2698,Software,High
Virginia,38.92719,-77.21696899999999,McLean,Jobfox,acquired,2004-03-01,2005-04-01,2009-12-24,1.08,5.82,6.35,9.44,14,4,42000000,4,VA,web,0,0,1,1,1,2.33,1,3700,396,2124,Software,High
Massachusetts,37.237937,-121.974591,Marlborough,Storwize,acquired,2004-01-01,2007-06-06,2008-04-02,3.43,4.25,6.01,6.42,13,2,28000000,2,MA,other,0,0,0,1,1,2.0,1,3701,1252,1553,Business,High
California,37.763652,-122.421778,San Francisco,Mogad,acquired,2007-06-01,2007-08-01,2007-08-01,0.17,0.17,0.67,3.32,4,1,500000,2,CA,network_hosting,0,0,1,0,0,4.0,1,3702,61,61,Software,Low
California,37.584103000000006,-122.366082,Burlingame,Aurora Feint,closed,2008-01-01,2009-10-29,2010-07-08,1.83,2.52,1.25,3.15,3,2,7660000,3,CA,games_video,1,0,0,0,0,1.0,0,3703,667,919,Software,Medium
California,37.538352,-122.299665,San Mateo,Adept Cloud,acquired,2011-06-01,2012-10-01,2012-11-01,1.34,1.42,0.59,0.59,5,2,1015000,1,CA,enterprise,1,0,1,0,0,1.0,0,3704,488,519,Software,Low
Colorado,40.138979,-105.124465,Longmont,Copan Systems,acquired,2002-01-01,2006-03-08,2009-02-17,4.18,7.13,5.0,5.0,8,3,68400000,1,CO,network_hosting,1,0,0,0,1,6.5,1,3705,1527,2604,Software,High
Washington,47.6399006,-122.1914274,Seattle,Livemocha,acquired,2007-09-01,2008-01-01,2013-02-25,0.33,5.49,2.75,5.59,14,5,19389998,2,WA,education,1,0,1,1,1,1.5,1,3708,122,2004,Service,High
California,37.555962,-122.288006,San Mateo,M-Factor,acquired,2003-01-01,2007-06-14,2009-02-10,4.45,6.12,6.59,6.59,3,2,10100000,1,CA,software,1,0,0,0,1,3.0,1,3710,1625,2232,Software,Medium
New York,40.7429533,-73.98446109999999,New York,TRAFFIQ,acquired,2006-09-06,2006-09-06,2010-08-10,0.0,3.93,2.92,5.73,16,3,18000000,3,NY,advertising,1,0,1,1,0,2.33,1,3711,0,1434,Service,High
Massachusetts,42.579258,-71.437841,Westford,Virtual Computer,acquired,2007-01-01,2007-12-01,2009-01-26,0.92,2.07,2.0,2.0,9,2,21000000,1,MA,software,0,0,1,1,0,2.5,1,3712,334,756,Software,High
California,37.43841079999999,-121.9240273,Milpitas,OpVista,closed,2000-01-01,2006-06-22,2007-05-07,6.48,7.35,5.01,5.01,2,2,43000000,1,CA,software,0,0,0,0,1,1.0,1,3713,2364,2683,Software,High
Massachusetts,42.395219,-71.145326,Cambridge,Mazu Networks,acquired,2000-01-01,2006-02-07,2006-02-07,6.11,6.11,8.01,8.01,7,1,7000000,1,MA,security,1,0,0,0,0,5.0,1,3714,2229,2229,Service,Medium
Texas,30.306590999999997,-97.826727,Austin,Luminary Micro,acquired,2004-01-01,2005-02-01,2007-08-23,1.09,3.64,3.5,3.5,2,3,44000000,1,TX,semiconductor,0,0,1,1,1,4.0,1,3715,397,1330,Software,High
Washington,47.6026054,-122.2848651,Seattle,Hidden City Games,closed,2004-01-01,2007-10-31,2007-10-31,3.83,3.83,3.75,3.75,3,1,15000000,1,WA,other,0,0,0,1,0,2.0,1,3716,1399,1399,Business,High
California,37.795191,-122.430411,San Francisco,NuConomy,acquired,2006-01-01,2007-04-01,2008-02-01,1.25,2.08,2.5,5.32,4,2,3300000,3,CA,advertising,0,1,1,0,0,2.0,1,3717,455,761,Service,Medium
California,37.553743,-122.300246,San Mateo,fabrik,acquired,2005-08-01,2005-09-01,2007-05-01,0.08,1.75,0.83,3.17,7,4,51300000,2,CA,network_hosting,0,0,1,1,1,2.0,1,3719,31,638,Software,High
California,37.441537,-122.158332,Palo Alto,ScaleIO,acquired,2011-01-01,2012-12-04,2012-12-04,1.93,1.93,1.67,2.47,1,1,12000000,2,CA,software,1,0,0,0,0,2.0,1,3720,703,703,Software,High
Texas,30.35504,-97.801083,Austin,Conformity,closed,2007-07-01,2009-01-28,2009-01-28,1.58,1.58,2.25,2.53,14,1,3000000,2,TX,enterprise,0,0,1,0,0,1.0,0,3721,577,577,Software,Medium
California,38.88521,-76.998641,San Francisco,Socialize,acquired,2008-07-01,2011-11-01,2012-06-07,3.34,3.94,-2.5,4.72,5,3,1820000,4,CA,mobile,0,1,0,0,0,1.0,0,3723,1218,1437,software,Low
California,37.406914,-122.09037,Mountain View,NeoPath Networks,acquired,2002-01-01,2006-05-22,2006-05-22,4.39,4.39,4.51,4.51,6,1,11000000,1,CA,software,0,0,0,0,1,4.0,1,3725,1602,1602,Software,Medium
California,37.293687,-121.934573,Campbell,Casabi,acquired,2004-01-01,2005-12-19,2007-03-12,1.97,3.19,2.25,2.25,5,2,12800000,1,CA,mobile,0,0,1,1,0,2.5,1,3726,718,1166,software,High
Pennsylvania,39.951311,-75.169522,Philadelphia,Invite Media,acquired,2007-02-01,2007-12-01,2009-12-01,0.83,2.83,1.09,3.34,17,3,5000000,4,PA,advertising,0,1,1,0,0,1.67,1,3727,303,1034,Service,Medium
California,37.287285,-121.942932,Mountain View,Outright,acquired,2008-06-01,2008-11-01,2009-11-18,0.42,1.47,3.13,4.14,12,2,7500000,3,CA,enterprise,0,0,1,0,0,3.5,1,3729,153,535,Software,Medium
California,37.552262,-122.292146,San Mateo,Greenplum Software,acquired,2003-06-01,2006-03-01,2008-01-01,2.75,4.59,7.92,9.21,21,4,61000000,2,CA,software,0,0,1,1,1,3.0,1,3730,1004,1675,Software,High
California,37.52845,-122.263721,Redwood City,Amobee,acquired,2005-05-01,2006-11-01,2011-03-01,1.5,5.84,6.17,8.35,25,6,72000000,2,CA,advertising,1,0,1,1,1,2.33,1,3731,549,2130,Service,High
California,37.78912879999999,-122.40202759999998,San Francisco,Roost,acquired,2007-05-01,2007-01-01,2008-12-09,-0.33,1.61,3.05,4.63,16,2,13500000,4,CA,software,0,0,1,1,0,3.5,1,3732,-120,588,Software,High
California,37.537541999999995,-122.327609,San Mateo,Bizanga,acquired,2003-01-01,2009-02-17,2009-02-17,6.13,6.13,7.17,7.17,5,1,8000000,1,CA,security,0,0,0,1,0,2.0,1,3733,2239,2239,Service,Medium
California,37.4233698,-122.09868590000002,Palo Alto,Punch Entertainment,closed,2005-05-10,2006-02-27,2006-02-27,0.8,0.8,5.32,5.32,4,1,1200000,1,CA,software,0,0,1,0,0,1.0,0,3735,293,293,Software,Low
California,37.779518200000005,-122.3902619,San Francisco,Current Media,closed,2005-01-01,2005-07-29,2005-07-29,0.57,0.57,5.17,8.01,12,1,15000000,2,CA,network_hosting,0,0,1,0,0,3.0,0,3736,209,209,Software,High
Colorado,40.01621,-105.28131,Boulder,Lijit Networks,acquired,2006-06-01,2007-01-01,2011-04-20,0.59,4.89,3.67,4.89,14,6,28300000,2,CO,advertising,0,0,1,1,1,2.8,1,3737,214,1784,Service,High
California,37.3492097,-122.0326019,Sunnyvale,Behavio,acquired,2012-06-12,2012-06-01,2012-06-01,-0.03,-0.03,0.14,0.14,3,1,355000,1,CA,software,0,1,0,0,0,1.0,0,3739,-11,-11,Software,Low
Connecticut,41.853615000000005,-72.70375,Bloomfield,Pocket Communications Northeast,closed,2006-01-01,2008-11-01,2009-02-20,2.84,3.14,3.38,3.78,0,2,125000000,2,CT,mobile,0,0,1,1,0,2.0,1,3740,1035,1146,software,High
California,32.718834,-117.163841,San Diego,Intercasting,acquired,2004-01-01,2005-08-09,2007-05-07,1.61,3.35,1.84,5.41,4,2,17500000,2,CA,mobile,0,0,1,1,0,2.5,1,3741,586,1222,software,High
California,37.413319,-121.9160606,Milpitas,Pliant Technology,acquired,2006-04-01,2008-02-20,2010-01-05,1.89,3.77,0.92,5.13,9,3,50300006,2,CA,enterprise,1,0,1,0,1,3.33,1,3743,690,1375,Software,High
California,33.5842816,-117.7306817,Aliso Viejo,Enclarity,acquired,2005-02-01,2009-03-10,2009-03-10,4.1,4.1,1.92,1.92,18,1,5500000,1,CA,consulting,0,0,0,0,1,2.0,1,3744,1498,1498,Business,Medium
California,37.566009,-122.321646,San Mateo,EdgeSpring,acquired,2010-07-01,2010-07-01,2013-05-17,0.0,2.88,2.34,2.34,15,2,12700000,1,CA,analytics,0,0,1,0,0,1.5,1,3745,0,1051,Software,High
Illinois,41.8969173,-87.6435474,Chicago,walkby,closed,2012-08-01,2012-08-01,2013-04-10,0.0,0.69,0.0,0.69,6,2,650000,2,IL,ecommerce,1,1,0,0,0,1.0,1,3746,0,252,Software,Low
Washington,47.6257402,-122.3581623,Seattle,Kashless,closed,2008-09-01,2008-10-29,2011-02-04,0.16,2.43,-0.17,2.21,1,2,9000000,2,WA,ecommerce,1,0,1,0,0,1.0,1,3747,58,886,Software,Medium
California,37.550954,-122.315396,Palo Alto,Sharetivity,closed,2007-07-07,2006-05-01,2006-05-01,-1.18,-1.18,0.83,0.83,1,1,2000000,1,CA,web,0,0,0,0,0,1.0,0,3748,-432,-432,Software,Low
Pennsylvania,40.0751561,-75.2850602,Conshohocken,ClickEquations,acquired,2006-01-03,2009-08-28,2009-08-28,3.65,3.65,1.99,1.99,4,1,3000000,1,PA,advertising,1,0,0,0,0,5.0,1,3749,1333,1333,Service,Medium
Texas,30.384453000000004,-97.709809,Austin,BreakingPoint Systems,acquired,2005-08-28,2007-11-12,2010-04-22,2.21,4.65,-0.65,-0.65,1,2,20000000,1,TX,security,1,0,0,0,1,2.0,1,3751,806,1698,Service,High
Massachusetts,42.4871509,-71.1986329,Burlington,Viridity Software,acquired,2008-01-01,2008-12-01,2010-08-19,0.92,2.63,2.95,3.97,5,2,15000000,2,MA,software,0,0,1,1,0,2.0,1,3752,335,961,Software,High
California,37.40047,-122.072981,Mountain View,Wink,acquired,2004-08-19,2005-01-01,2005-01-01,0.37,0.37,1.95,8.32,5,1,6200000,4,CA,search,0,0,1,0,0,2.0,1,3753,135,135,Software,Medium
California,37.441537,-122.158332,Palo Alto,Codesion,acquired,2002-01-01,2007-09-01,2010-07-01,5.67,8.5,6.75,8.09,4,3,1400000,2,CA,software,0,1,0,0,0,1.0,0,3754,2069,3103,Software,Low
Washington,47.675489,-122.191667,Kirkland,SchemaLogic,acquired,2001-01-01,2005-01-17,2010-04-20,4.05,9.3,6.0,6.0,2,5,18914576,1,WA,enterprise,1,0,0,0,1,3.0,1,3755,1477,3396,Software,High
California,37.775196,-122.419204,San Francisco,Seesmic,acquired,2007-06-01,2007-11-01,2011-02-01,0.42,3.67,0.89,5.28,24,3,16000000,4,CA,web,0,0,1,1,1,5.67,1,3756,153,1341,Software,High
Pennsylvania,40.012771,-75.239234,Bala Cynwyd,PayParade Pictures,closed,2007-10-17,2008-12-01,2009-03-13,1.13,1.41,0.79,1.4,3,2,200000,2,PA,games_video,0,1,1,0,0,2.0,1,3757,411,513,Software,Low
California,37.484347,-122.225803,Redwood City,Zenprise,acquired,2003-01-01,2005-06-06,2012-01-01,2.43,9.01,8.58,10.01,10,6,64630000,3,CA,mobile,1,0,0,1,1,3.67,1,3759,887,3287,software,High
New York,40.73901,-73.997259,New York,RightsFlow,acquired,2007-10-01,2009-08-26,2009-08-26,1.9,1.9,1.9,4.0,13,1,1500000,3,NY,music,0,0,1,0,0,1.0,0,3760,695,695,Service,Low
California,33.5593924,-117.7293854,Aliso Viejo,Networks in Motion,acquired,2000-01-01,2006-03-31,2006-03-31,6.25,6.25,7.01,10.49,4,1,10000000,2,CA,mobile,0,0,0,0,1,3.0,1,3762,2281,2281,software,Medium
New York,40.738567,-73.987199,New York,SpaBooker,acquired,2007-11-01,2008-01-01,2011-10-01,0.17,3.92,0.0,2.92,8,2,14700000,2,NY,software,0,1,1,0,0,4.0,1,3763,61,1430,Software,High
California,38.904549,-77.061767,San Francisco,HotPads,acquired,2005-05-04,2007-03-01,2007-03-01,1.82,1.82,3.9,5.91,15,1,2300000,3,CA,web,0,0,1,0,0,1.0,0,3764,666,666,Software,Medium
Colorado,39.750152,-104.99643799999998,Denver,mSnap,acquired,2005-06-01,2006-06-01,2006-06-01,1.0,1.0,3.81,4.92,6,1,5000000,3,CO,mobile,0,0,1,0,0,1.0,1,3765,365,365,software,Medium
California,37.406914,-122.09037,Mountain View,Ardian,acquired,2003-01-01,2005-01-01,2009-03-23,2.0,6.23,4.0,10.76,8,3,64080000,2,CA,biotech,0,0,1,1,1,4.0,1,3766,731,2273,software,High
California,37.778551,-122.391686,San Francisco,Home-Account,acquired,2008-11-01,2009-04-16,2009-07-16,0.45,0.7,0.58,1.74,5,2,1000000,3,CA,finance,1,0,1,0,0,5.5,1,3767,166,257,Service,Low
California,33.615663399999995,-111.8931647,Santa Monica,Republic Project,acquired,2008-08-01,2012-09-01,2012-09-01,4.09,4.09,4.67,5.19,13,1,1000000,2,CA,advertising,0,1,0,0,0,5.0,1,3768,1492,1492,Service,Low
California,37.563585,-122.324621,San Mateo,Oodle,acquired,2004-01-01,2006-05-01,2010-09-03,2.33,6.68,6.96,8.93,17,4,23100000,3,CA,social,1,0,1,1,1,2.0,1,3769,851,2437,Software,High
Washington,47.6447802,-122.325878,Seattle,LookStat,closed,2008-01-01,2009-04-23,2009-04-23,1.31,1.31,1.0,1.31,3,1,500000,2,WA,ecommerce,0,0,1,0,0,1.0,1,3770,478,478,Software,Low
California,37.524851,-122.257185,Redwood City,Nimsoft,acquired,2002-01-01,2007-01-10,2008-10-13,5.03,6.79,8.01,8.4,11,2,22300000,3,CA,software,0,0,1,1,0,3.0,1,3771,1835,2477,Software,High
Massachusetts,42.364014000000005,-71.101375,Cambridge,oneforty,acquired,2009-03-31,2009-06-10,2010-01-11,0.19,0.78,1.21,2.38,13,4,2345000,3,MA,enterprise,0,1,1,0,0,5.75,1,3772,71,286,Software,Medium
Massachusetts,42.276315999999994,-71.419229,Framingham,Diligent Technologies,acquired,2002-01-01,2007-08-21,2007-08-21,5.64,5.64,4.25,4.25,3,1,10500000,1,MA,security,0,0,0,0,0,4.0,1,3773,2058,2058,Service,Medium
California,37.7405936,-122.3764714,San Francisco,CoTweet,acquired,2009-01-01,2009-07-09,2009-07-09,0.52,0.52,0.58,4.53,9,1,1100000,2,CA,advertising,0,0,1,0,0,6.0,1,3774,189,189,Service,Low
Rhode Island,41.8274209,-71.40308909999999,Providence,Jobzle,closed,2010-06-01,2008-09-01,2010-06-01,-1.75,0.0,0.0,0.81,3,2,30000,2,RI,other,0,1,0,0,0,1.0,1,3775,-638,0,Business,Low
Texas,30.271393,-97.748623,Austin,Phurnace Software,acquired,2007-01-01,2007-09-11,2008-07-01,0.69,1.5,3.42,3.42,9,2,10000000,1,TX,software,0,0,1,0,0,2.0,1,3776,253,547,Software,Medium
California,37.422859,-122.045217,Moffett Field,Airship Ventures,closed,2007-01-01,2008-05-09,2009-03-01,1.35,2.16,4.52,4.52,3,2,10500000,1,CA,other,0,0,1,1,0,2.0,1,3777,494,790,Business,Medium
New York,40.730646,-73.986614,New York,avVenta,acquired,2005-01-01,2009-01-14,2009-01-14,4.04,4.04,6.0,6.0,10,1,20000000,1,NY,advertising,0,0,1,0,0,1.0,0,3778,1474,1474,Service,High
California,37.389615,-122.050179,Mountain View,Gear6,acquired,2006-08-01,2006-07-11,2008-03-26,-0.06,1.65,3.17,3.62,4,2,20000000,2,CA,network_hosting,1,0,0,0,1,2.5,1,3779,-21,603,Software,High
Utah,40.3310529,-111.7276347,South Jordan,Solera Networks,acquired,2005-01-01,2005-01-01,2012-01-30,0.0,7.08,5.0,7.97,11,6,51700000,2,UT,analytics,0,0,1,1,1,1.5,1,3780,0,2585,Software,High
California,37.36883,-122.03635,Sunnyvale,Level 5 Networks,acquired,2002-01-01,2005-06-20,2005-06-20,3.47,3.47,2.0,2.0,3,1,30000000,1,CA,semiconductor,0,0,0,1,0,4.0,1,3781,1266,1266,Software,High
California,37.779281,-122.419236,San Francisco,Zencoder,acquired,2007-01-01,2010-02-01,2011-04-12,3.09,4.28,3.64,4.67,7,2,2000000,2,CA,software,0,1,1,0,0,8.5,1,3782,1127,1562,Software,Low
Massachusetts,42.37564,-71.2358,Waltham,Colubris Networks,acquired,2000-01-01,2005-03-08,2006-10-23,5.19,6.81,7.33,7.33,9,2,29000000,1,MA,public_relations,1,0,0,0,0,5.0,1,3784,1893,2487,Service,High
New York,40.729839,-73.991781,New York,Mr. Youth,acquired,2002-01-01,2002-10-01,2009-02-01,0.75,7.09,8.01,9.87,5,2,15100000,3,NY,advertising,0,1,1,0,0,1.0,0,3785,273,2588,Service,High
California,37.4484914,-122.1802812,Menlo Park,Factery,closed,2009-04-01,2009-09-10,2009-09-10,0.44,0.44,0.82,0.82,2,1,1200000,1,CA,web,1,0,0,0,0,2.0,1,3786,162,162,Software,Low
Texas,30.2734822,-97.7588828,Austin,Infochimps,acquired,2009-07-14,2010-09-14,2013-06-04,1.17,3.89,2.3,3.43,8,5,5350000,3,TX,enterprise,0,1,1,0,0,3.0,1,3787,427,1421,Software,Medium
Texas,30.235039899999997,-97.80012990000002,Austin,Metreos Corporation,acquired,2001-01-01,2003-03-20,2004-10-14,2.21,3.79,4.09,9.5,8,2,4355000,3,TX,software,0,1,1,0,0,1.5,0,3789,808,1382,Software,Medium
California,37.522281,-122.258139,Redwood City,TwoFish,acquired,2006-01-01,2006-12-01,2008-10-10,0.92,2.78,3.0,3.65,6,2,9500000,2,CA,ecommerce,0,0,1,1,0,2.5,1,3790,334,1013,Software,Medium
Texas,32.7837746,-96.7810776,Dallas,Fetch MD,closed,2013-05-15,2013-06-07,2013-06-07,0.06,0.06,0.05,0.05,4,1,25000,1,TX,health,0,1,0,0,0,1.0,0,3791,23,23,Service,Low
New York,40.743662,-73.984268,New York,Advaliant,closed,2013-04-16,2004-04-01,2004-04-01,-9.05,-9.05,-6.05,-3.88,6,1,100000,2,NY,advertising,0,1,0,0,0,1.0,0,3792,-3302,-3302,Service,Low
California,37.566123,-122.323045,San Mateo,Smalltown,closed,2005-01-15,2005-11-01,2005-11-01,0.79,0.79,2.05,3.33,7,1,4000000,4,CA,web,0,0,1,0,0,1.0,0,3794,290,290,Software,Medium
California,37.487259,-122.232217,Redwood City,CubeTree,acquired,2008-01-01,2008-02-01,2009-11-02,0.08,1.84,1.42,2.34,3,3,11500000,3,CA,enterprise,0,1,1,1,0,1.5,1,3795,31,671,Software,High
California,37.552262,-122.292146,San Mateo,Servo Software,acquired,2008-01-01,2009-12-15,2009-12-15,1.96,1.96,1.96,2.0,11,1,3011408,3,CA,software,0,0,0,1,0,1.0,1,3796,714,714,Software,Medium
California,37.779501399999994,-122.3948712,San Francisco,Fotomoto,acquired,2008-10-01,2008-12-01,2011-05-26,0.17,2.65,0.61,4.75,10,3,1822922,3,CA,ecommerce,0,1,1,0,0,2.33,1,3798,61,967,Software,Low
California,37.406914,-122.09037,Mountain View,Matisse Networks,closed,2002-01-01,2006-07-18,2006-07-18,4.55,4.55,5.0,5.0,3,1,7500000,1,CA,network_hosting,0,0,0,1,0,3.0,1,3799,1659,1659,Software,Medium
California,34.054935,-118.244476,Los Angeles,HauteLook,acquired,2007-12-01,2009-05-12,2010-06-03,1.45,2.51,2.5,3.64,15,2,41000000,2,CA,fashion,0,0,0,1,1,1.5,1,3801,528,915,Business,High
Florida,28.0385347,-82.5068513,Tampa,Persystent Technologies,acquired,2002-01-01,2005-08-08,2009-12-03,3.6,7.93,8.59,9.11,1,3,21460663,2,FL,software,0,0,0,1,1,4.5,1,3802,1315,2893,Software,High
California,37.779281,-122.419236,San Francisco,Miyowa,acquired,2003-04-14,2006-09-04,2008-05-08,3.39,5.07,5.72,8.73,3,2,11725600,2,CA,mobile,0,0,1,1,0,2.0,1,3803,1239,1851,software,High
Texas,32.958634,-96.823641,Addison,SensorLogic,acquired,2002-01-01,2007-06-19,2010-12-13,5.47,8.95,8.84,8.95,4,3,19000000,2,TX,enterprise,1,0,0,1,1,5.33,1,3804,1995,3268,Software,High
California,37.536402,-122.325129,Redwood City,Bigfoot Networks,acquired,2006-01-01,2006-03-06,2009-11-17,0.18,3.88,2.0,4.47,12,3,20750000,2,CA,hardware,1,0,1,1,0,2.33,1,3806,64,1416,Hardware,High
New York,40.753881,-73.978852,New York,TxVia,acquired,2006-01-01,2007-10-01,2010-10-26,1.75,4.82,4.0,4.82,8,4,55350000,2,NY,finance,0,0,1,1,1,4.0,1,3807,638,1759,Service,High
California,37.791388,-122.392148,San Francisco,Canopy Financial,closed,2004-01-01,2008-01-01,2009-10-01,4.0,5.75,5.92,6.0,6,4,89500000,2,CA,finance,0,0,0,1,1,1.0,1,3809,1461,2100,Service,High
New Jersey,40.535315999999995,-74.521435,Somerset,Elanti Systems,closed,2007-01-01,2008-05-29,2008-05-29,1.41,1.41,0.0,0.0,1,1,5500000,1,NJ,software,1,0,0,0,0,3.0,1,3810,514,514,Software,Medium
Virginia,38.881717,-77.089398,Arlington,Social Collective,closed,2009-04-17,2009-04-18,2009-04-18,0.0,0.0,0.58,0.58,3,1,20000,1,VA,web,0,1,0,0,0,1.0,0,3811,1,1,Software,Low
California,37.779281,-122.419236,San Francisco,gdgt,acquired,2009-07-01,2009-07-01,2010-04-07,0.0,0.77,1.5,3.62,8,2,3715000,2,CA,hardware,0,1,1,0,0,6.5,1,3812,0,280,Hardware,Medium
Massachusetts,42.504817,-71.195611,Burlington,Rhythmia Medical,acquired,2004-01-01,2007-02-06,2010-09-24,3.1,6.73,4.0,6.73,3,3,14700000,2,MA,medical,1,0,0,1,0,1.0,0,3813,1132,2458,Service,High
Massachusetts,42.360253,-71.058291,Boston,CardStar,acquired,2008-12-01,2010-03-30,2011-09-13,1.33,2.78,1.67,3.13,5,3,2030882,2,MA,software,0,0,1,0,0,3.0,1,3815,484,1016,Software,Medium
California,37.775196,-122.419204,San Francisco,Topsy Labs,acquired,2007-01-15,2008-01-01,2012-10-01,0.96,5.72,6.04,6.88,18,6,35200000,3,CA,analytics,1,0,1,1,1,2.33,1,3816,351,2086,Software,High
New Jersey,40.843801,-74.462846,Parsipanny,"RELDATA, Inc.",acquired,2005-01-01,2011-01-11,2011-01-11,6.03,6.03,6.15,8.73,3,1,4000000,2,NJ,enterprise,0,0,0,1,0,1.0,0,3820,2201,2201,Software,Medium
California,37.560781,-122.284114,San Mateo,Fortify Software,acquired,2002-10-01,2005-12-15,2005-12-15,3.21,3.21,5.25,7.88,11,1,10000000,2,CA,software,0,0,0,0,0,2.0,1,3821,1171,1171,Software,Medium
California,37.482654,-122.172713,Menlo Park,Apieron,closed,2001-01-01,2003-01-01,2009-06-02,2.0,8.42,7.75,7.75,6,4,43500000,1,CA,biotech,0,0,1,1,1,2.0,1,3823,730,3074,software,High
Georgia,33.982966999999995,-84.346041,Atlanta,Prenova,acquired,2002-01-01,2006-05-10,2008-04-24,4.36,6.32,4.0,4.0,1,3,15650000,1,GA,cleantech,1,0,0,0,0,1.33,1,3824,1590,2305,Business,High
California,37.4305755,-122.0971389,Mountain View,Cast Iron Systems,acquired,2001-01-01,2005-03-28,2007-07-29,4.24,6.58,7.0,7.0,10,2,30500000,1,CA,enterprise,0,0,0,0,0,4.5,1,3827,1547,2400,Software,High
Massachusetts,42.340889,-71.05193100000001,Boston,ScanScout,acquired,2005-01-01,2007-04-01,2009-10-28,2.25,4.82,2.0,7.22,9,3,17500000,4,MA,advertising,0,0,1,1,0,3.0,1,3828,820,1761,Service,High
California,37.658713,-122.399382,South San Francisco,Limerick BioPharma,closed,2004-01-01,2008-06-11,2012-01-30,4.45,8.08,6.59,6.59,4,6,49008830,1,CA,biotech,1,0,1,0,1,3.0,1,3829,1623,2951,software,High
Massachusetts,42.337037,-71.25174799999999,Newton,JackPot Rewards,closed,2008-01-01,2008-02-01,2008-02-01,0.08,0.08,-1.0,0.13,7,1,16700000,2,MA,web,0,0,1,0,0,4.0,0,3830,31,31,Software,High
California,37.425773,-122.144271,Palo Alto,GenieTown,closed,2006-10-01,2007-10-01,2007-10-01,1.0,1.0,1.39,1.39,3,1,2000000,1,CA,search,0,0,1,0,0,2.0,0,3831,365,365,Software,Low
New York,40.730646,-73.986614,New York City,Pixable,acquired,2009-03-12,2010-11-10,2011-04-22,1.67,2.11,2.3,3.55,23,2,6100000,2,NY,social,0,0,1,1,0,1.0,1,3832,608,771,Software,Medium
California,37.317847,-121.948469,San Jose,Certify Data Systems,acquired,2004-01-01,2008-08-25,2012-02-15,4.65,8.13,6.01,6.01,4,4,7210210,1,CA,enterprise,1,0,1,1,0,1.0,0,3833,1698,2967,Software,Medium
Massachusetts,42.3751,-71.105616,Cambridge,Semprus BioSciences,acquired,2006-01-01,2008-12-14,2011-10-19,2.95,5.8,5.18,5.18,2,3,27000000,1,MA,biotech,0,0,1,1,0,3.5,1,3834,1078,2117,software,High
Texas,30.268734999999996,-97.745209,Austin,FameCast,closed,2007-01-01,2007-06-01,2010-03-30,0.41,3.24,0.41,6.8,5,3,9700000,4,TX,games_video,1,0,1,0,0,1.0,1,3836,151,1184,Software,Medium
California,37.261587899999995,-121.9578487,Campbell,Sadra Medical,acquired,2003-01-01,2004-06-17,2009-05-22,1.46,6.39,6.42,6.42,4,3,58000000,1,CA,biotech,0,0,1,1,1,5.0,1,3837,533,2333,software,High
California,39.78373,-100.445882,San Diego,Aragon Pharmaceuticals,acquired,2009-01-01,2009-05-27,2012-10-04,0.4,3.76,3.0,3.0,15,4,122000000,1,CA,biotech,0,0,1,1,1,2.5,1,3838,146,1372,software,High
California,37.451026,-122.18676,Menlo Park,Jaxtr,acquired,2005-10-01,2007-07-01,2008-06-23,1.75,2.73,1.75,6.15,16,3,21500000,4,CA,mobile,0,0,1,1,0,3.33,1,3839,638,996,software,High
California,34.142973,-118.140553,Pasadena,FastSoft,acquired,2006-01-01,2007-06-11,2012-09-04,1.44,6.68,2.0,2.0,7,4,5965000,1,CA,software,1,0,1,0,0,1.0,0,3840,526,2438,Software,Medium
Washington,47.631239,-122.16806,Bellevue,Action Engine,acquired,2000-02-01,2000-05-01,2007-07-01,0.25,7.42,3.92,10.92,9,5,58200000,3,WA,mobile,0,0,1,1,1,1.4,1,3841,90,2707,software,High
New York,40.74188770000001,-74.00474659999999,New York,Oyster.com,acquired,2008-03-01,2008-03-01,2012-10-11,0.0,4.62,3.29,5.27,15,4,23400000,3,NY,travel,0,0,1,1,1,2.25,1,3842,0,1685,Service,High
New York,40.745003,-73.98322900000001,New York,"ORCA, Inc.",acquired,2008-01-01,2009-06-21,2009-06-21,1.47,1.47,1.0,1.47,5,1,2000000,2,NY,ecommerce,0,0,1,0,0,3.0,1,3843,537,537,Software,Low
Massachusetts,42.3634664,-71.07866379999999,Cambridge,Taligen Therapeutics,acquired,2004-01-01,2005-08-01,2010-08-23,1.58,6.65,5.01,7.09,4,3,78750000,2,MA,biotech,0,0,1,1,0,3.5,1,3844,578,2426,software,High
California,37.7831775,-122.3086191,Alameda,Makani Power,acquired,2006-01-01,2008-08-23,2008-08-23,2.64,2.64,0.0,7.39,4,1,5000000,2,CA,cleantech,0,0,0,1,0,1.0,1,3845,965,965,Business,Medium
Massachusetts,42.3624253,-71.116031,Cambridge,Alnara Pharmaceuticals,acquired,2008-01-01,2008-10-30,2010-01-28,0.83,2.08,1.0,1.0,4,2,55000000,1,MA,biotech,0,0,1,1,0,2.0,1,3849,303,758,software,High
New York,40.723652,-73.985281,New York,Kluster,acquired,2008-01-01,2008-01-01,2008-01-01,0.0,0.0,3.59,4.33,0,1,1000000,2,NY,web,0,1,0,0,0,1.0,1,3850,0,0,Software,Low
California,37.382162,-122.036301,Sunnyvale,Azingo,closed,2005-01-01,2006-10-01,2008-07-18,1.75,3.55,2.0,2.0,4,2,80000000,1,CA,mobile,0,0,1,1,0,1.0,0,3851,638,1294,software,High
Massachusetts,42.3988661,-71.253781,Waltham,Aveksa,acquired,2004-01-01,2006-06-14,2009-02-25,2.45,5.16,7.67,8.22,7,3,28000000,2,MA,software,0,0,1,1,1,2.67,1,3852,895,1882,Software,High
California,37.336191,-121.890583,San Jose,Broadway Networks,closed,2006-01-01,2010-01-13,2010-01-13,4.04,4.04,-7.01,-7.01,3,1,954000,1,CA,public_relations,1,0,0,0,0,1.0,0,3853,1473,1473,Service,Low
Washington DC,38.897976,-77.028561,Washington,Layer 7 Technologies,acquired,2003-01-01,2006-10-26,2009-02-02,3.82,6.09,9.01,9.77,3,2,19900000,2,DC,software,1,0,0,1,0,2.0,1,3854,1394,2224,Software,High
California,37.402773,-122.052551,Sunnyvale,Virsto Software,acquired,2007-07-01,2009-06-26,2011-08-25,1.99,4.15,2.9,5.26,10,3,24000000,4,CA,software,0,0,1,1,0,3.33,1,3855,726,1516,Software,High
California,37.781002,-122.406912,San Francisco,Tiny Pictures,acquired,2005-08-01,2005-05-01,2008-02-01,-0.25,2.5,0.75,5.84,7,3,11200000,2,CA,mobile,0,1,1,1,0,1.67,1,3856,-92,914,software,Medium
Massachusetts,42.447318,-71.2245,Lexington,StreamBase Systems,acquired,2003-01-01,2005-01-24,2012-05-18,2.07,9.38,7.01,7.01,13,5,39000000,1,MA,software,0,0,0,1,1,3.25,1,3858,754,3425,Software,High
California,37.781417,-122.394798,San Francisco,Leverage Software,acquired,2003-05-01,2005-05-14,2005-05-14,2.04,2.04,6.63,9.01,4,1,6000000,4,CA,software,0,0,1,0,0,2.0,0,3859,744,744,Software,Medium
Texas,30.354768,-97.798152,Austin,AlterPoint,acquired,2001-01-01,2003-01-01,2005-01-17,2.0,4.05,6.0,6.0,4,3,26800000,1,TX,software,0,0,1,1,1,3.0,1,3860,730,1477,Software,High
Texas,33.017317,-96.837682,Dallas,SoftLayer,acquired,2005-01-01,2009-09-30,2010-03-25,4.75,5.23,5.85,7.76,10,2,30000000,3,TX,network_hosting,1,0,0,0,0,1.0,0,3862,1733,1909,Software,High
California,37.446411,-122.16054,Palo Alto,Bling Nation,closed,2007-01-01,2009-07-02,2009-10-30,2.5,2.83,3.09,3.49,13,2,28000000,3,CA,enterprise,0,0,1,1,0,1.0,1,3863,913,1033,Software,High
Michigan,42.8138649,-86.02384599999999,Zeeland,Revetto,closed,2009-01-01,2009-05-01,2009-05-01,0.33,0.33,-0.42,-0.42,3,1,20000,1,MI,web,0,1,0,0,0,1.0,0,3864,120,120,Software,Low
California,37.431769,-122.099577,Mountain View,Kazeon,acquired,2003-01-01,2005-04-17,2009-04-21,2.29,6.31,2.0,6.71,6,3,41000000,3,CA,enterprise,1,0,0,1,0,3.33,1,3866,837,2302,Software,High
California,37.352313,-121.967982,Santa Clara,Beceem Communications,acquired,2003-10-01,2005-06-30,2009-04-22,1.75,5.56,2.25,2.25,5,3,69600000,1,CA,semiconductor,1,0,0,1,0,7.67,1,3867,638,2030,Software,High
California,37.2496346,-121.9665932,Campbell,Anchor Bay Technologies,acquired,2001-10-01,2003-05-16,2007-01-29,1.62,5.33,-3.75,-3.75,5,2,10000000,1,CA,semiconductor,1,0,1,0,0,3.0,1,3868,592,1946,Software,Medium
California,37.2807831,-122.0032261,Milpitas,SandForce,acquired,2006-06-01,2007-01-31,2010-09-14,0.67,4.29,3.59,4.71,17,4,46000000,2,CA,enterprise,0,0,1,1,1,4.33,1,3869,244,1566,Software,High
California,37.386778,-121.966277,Santa Clara,Asempra Technologies,acquired,2003-01-01,2006-02-13,2006-02-13,3.12,3.12,4.0,4.0,4,1,20000000,1,CA,security,0,0,0,1,0,3.0,1,3870,1139,1139,Service,High
Massachusetts,42.633425,-71.316172,Lowell,Virtual Iron Software,acquired,2003-01-01,2005-09-26,2007-11-06,2.74,4.85,1.0,1.0,4,2,24500000,1,MA,software,0,0,0,0,1,6.0,1,3871,999,1770,Software,High
Colorado,39.937989,-105.058729,Broomfield,ColdSpark,acquired,2001-01-01,2006-01-01,2006-01-01,5.0,5.0,5.5,5.5,3,1,6500000,1,CO,software,1,0,0,0,0,1.0,1,3872,1826,1826,Software,Medium
California,37.387845,-122.055197,Sunnyvale,Plaxo,acquired,2002-11-17,2002-11-01,2007-02-01,-0.04,4.21,6.42,9.07,27,4,28300000,4,CA,web,0,0,1,1,1,2.5,1,3873,-16,1537,Software,High
California,37.388869,-122.072353,Mountain View,Bump Technologies,acquired,2008-10-01,2009-06-01,2011-01-10,0.67,2.28,0.25,3.83,6,3,19900000,2,CA,mobile,0,1,1,1,0,4.67,1,3874,243,831,software,High
New York,40.73901,-73.997259,New York,Panther Express,acquired,2005-01-01,2006-07-25,2008-02-27,1.56,3.16,3.0,3.5,8,2,21750000,2,NY,games_video,1,0,0,1,0,2.0,1,3875,570,1152,Software,High
California,37.3777985,-121.9744545,Santa Clara,OptiMedica,acquired,2004-01-01,2008-03-26,2013-05-10,4.24,9.36,5.01,5.01,16,2,51000000,1,CA,biotech,0,0,0,0,1,3.5,1,3876,1546,3417,software,High
California,34.045919,-118.16525,Monterey Park,KOTURA,acquired,2004-01-01,2005-09-07,2009-11-05,1.68,5.85,8.42,8.42,4,3,27690547,1,CA,cleantech,0,0,0,1,1,4.5,1,3878,615,2135,Business,High
California,37.5568425,-122.2884881,San Mateo,Aptana,acquired,2007-01-01,2009-07-14,2009-07-14,2.53,2.53,-1.25,4.05,3,1,7800000,2,CA,software,1,0,0,0,0,2.0,1,3879,925,925,Software,Medium
Massachusetts,42.307772,-71.39462900000001,Framingham,Interlace Medical,acquired,2006-01-01,2009-07-07,2009-07-07,3.52,3.52,3.0,3.0,5,1,20000000,1,MA,medical,0,0,0,0,1,3.0,1,3880,1283,1283,Service,High
California,37.3361841,-121.89054740000002,San Jose,Fat Spaniel Technologies,acquired,2003-01-01,2006-10-16,2009-12-11,3.79,6.95,5.0,5.0,9,4,32630837,1,CA,cleantech,1,0,1,1,0,3.5,1,3881,1384,2536,Business,High
California,37.396023,-122.03311,Sunnnyvale,FlowCardia,acquired,2002-01-01,2007-08-30,2007-08-30,5.66,5.66,5.0,5.0,4,1,30000000,1,CA,biotech,0,0,0,0,1,9.0,1,3882,2067,2067,software,High
California,37.775206,-122.419209,San Francisco,threadsy,acquired,2008-06-01,2008-03-27,2010-12-07,-0.18,2.52,4.69,4.69,7,2,6300000,1,CA,messaging,0,0,1,1,0,2.0,1,3883,-66,919,Software,Medium
North Carolina,35.765240000000006,-78.731161,Raleigh,Inlet Technologies,acquired,2003-01-01,2005-07-26,2008-09-08,2.57,5.69,2.0,2.0,3,3,22400000,1,NC,network_hosting,1,0,0,1,1,3.67,1,3884,937,2077,Software,High
California,37.781689,-122.391061,San Francisco,DeliveryEdge,closed,2006-09-01,2007-12-01,2007-12-01,1.25,1.25,2.59,2.59,6,1,1500000,1,CA,ecommerce,0,0,0,0,0,1.0,0,3886,456,456,Software,Low
New York,40.707645,-74.010816,New York,Correlix,closed,2006-01-01,2005-02-19,2012-02-14,-0.87,6.12,5.0,5.0,5,4,11400000,1,NY,enterprise,1,0,0,1,0,3.0,1,3887,-316,2235,Software,Medium
California,37.775196,-122.419204,San Francisco,Grockit,acquired,2006-12-01,2007-01-01,2012-12-19,0.08,6.05,3.46,6.8,15,6,44700000,3,CA,social,1,1,1,1,1,3.5,1,3888,31,2210,Software,High
New York,40.717248,-74.002662,New York,Boonty,acquired,2001-03-01,2005-07-07,2005-07-07,4.35,4.35,6.17,9.09,7,1,10000000,3,NY,games_video,0,0,0,1,0,4.0,1,3889,1589,1589,Software,Medium
California,37.790485,-122.40094,San Francisco,Sportgenic,acquired,2005-09-01,2007-01-01,2008-09-09,1.33,3.02,3.02,3.34,9,3,11489687,2,CA,advertising,0,1,1,1,0,3.33,1,3890,487,1104,Service,High
California,37.419819,-122.09018799999998,Mountain View,PeerMe,closed,2004-01-01,2005-01-01,2005-01-01,1.0,1.0,1.16,3.57,2,1,5000000,2,CA,games_video,0,0,1,0,0,3.0,0,3891,366,366,Software,Medium
California,37.792394,-122.402349,San Francisco,Kiptronic,acquired,2005-05-01,2005-11-01,2008-06-05,0.5,3.1,2.24,3.76,10,3,7300000,3,CA,advertising,0,1,1,1,0,2.0,1,3892,184,1131,Service,Medium
California,32.937003999999995,-117.238059,San Diego,Rayspan,closed,2006-04-01,2009-07-27,2009-07-27,3.32,3.32,0.02,0.02,2,1,12500000,1,CA,mobile,0,0,0,1,0,2.0,1,3893,1213,1213,software,High
California,34.031328,-118.471463,Santa Monica,Generate,acquired,2004-01-01,2008-03-04,2009-07-14,4.18,5.54,6.38,6.38,0,2,8000000,1,CA,games_video,0,0,1,0,0,1.5,1,3894,1524,2021,Software,Medium
California,37.406302399999994,-122.1088743,Mountain View,HighlightCam,closed,2009-07-27,2009-06-01,2011-11-29,-0.15,2.34,0.06,1.58,8,2,3000000,3,CA,mobile,0,1,1,0,0,3.5,1,3895,-56,855,software,Medium
California,37.3169065,-122.0497023,Cupertino,Blue Lane Technologies,acquired,2002-01-01,2005-02-01,2005-02-01,3.09,3.09,1.0,1.0,4,1,13400000,1,CA,public_relations,0,0,0,1,0,2.0,1,3896,1127,1127,Service,High
California,37.777741,-122.412198,San Francisco,Recurve,acquired,2005-08-01,2008-09-23,2010-06-17,3.15,4.88,5.0,5.0,5,2,14000000,1,CA,software,1,0,1,0,0,2.0,1,3898,1149,1781,Software,High
California,37.870102,-122.268136,Berkeley,IQ Engines,acquired,2008-06-01,2012-06-25,2012-06-25,4.07,4.07,3.42,5.23,2,1,3800000,3,CA,photo_video,0,0,0,1,0,2.0,1,3899,1485,1485,Software,Medium
California,33.58273,-117.727468,Aliso Viejo,Evolver,acquired,2004-08-01,2008-08-01,2008-08-01,4.0,4.0,5.09,7.06,3,1,800000,2,CA,games_video,0,1,0,0,0,1.0,0,3900,1461,1461,Software,Low
California,37.4815098,-121.9453283,Fremont,Redwood Systems,acquired,2008-01-01,2008-10-03,2012-05-30,0.76,4.41,2.78,4.0,14,4,34250000,2,CA,cleantech,1,0,1,1,1,2.25,1,3901,276,1611,Business,High
California,37.388869,-122.072353,Mountain View,Lexity,acquired,2009-08-01,2009-09-01,2011-03-03,0.08,1.59,2.12,4.0,5,2,5700000,3,CA,enterprise,0,1,1,0,0,4.0,1,3902,31,579,Software,Medium
California,37.389613,-121.977739,Santa Clara,BLADE Network Technologies,acquired,2006-01-01,2009-09-09,2009-09-09,3.69,3.69,1.92,4.74,3,1,10000000,2,CA,network_hosting,0,0,0,1,0,3.0,0,3903,1347,1347,Software,Medium
Maine,42.645342,-71.23454699999999,Tewksbury,BlueNote Networks,acquired,2005-01-01,2005-09-26,2006-03-06,0.73,1.18,0.16,0.16,1,2,23400000,1,ME,software,0,0,1,1,0,2.5,1,3904,268,429,Software,High
Washington,47.603832,-122.330062,Seattle,Lockdown Networks,acquired,2001-01-01,2005-02-25,2006-03-02,4.15,5.17,3.0,3.0,6,2,8600000,1,WA,public_relations,1,0,0,1,0,1.5,1,3905,1516,1886,Service,Medium
Utah,40.3310529,-111.7276347,Lindon,Footnote,acquired,2006-06-01,2006-06-16,2008-01-01,0.04,1.59,2.28,4.39,4,2,10000000,2,UT,web,0,0,1,0,0,2.0,0,3906,15,579,Software,Medium
Colorado,39.616435,-104.879925,Greenwood Village,TrenStar,acquired,2001-01-01,2007-04-06,2007-04-06,6.26,6.26,1.0,1.0,2,1,10000000,1,CO,software,1,0,0,0,0,1.0,0,3907,2286,2286,Software,Medium
California,37.386778,-121.966277,Santa Clara,Kno,acquired,2009-05-01,2009-05-01,2011-04-06,0.0,1.93,3.42,4.53,12,5,93760096,3,CA,software,0,0,1,1,1,3.75,1,3908,0,705,Software,High
California,37.797435,-122.403175,San Francisco,Vizu Corporation,acquired,2005-02-14,2006-02-20,2012-04-09,1.02,7.15,5.7,8.18,10,4,13075000,2,CA,advertising,0,0,1,1,0,4.0,1,3909,371,2611,Service,High
Virginia,38.919954,-77.21249300000001,McLean,Trust Digital,acquired,2003-03-01,2005-11-04,2009-07-29,2.68,6.42,2.84,7.24,11,3,23500000,2,VA,mobile,1,0,0,1,1,3.67,1,3910,979,2342,software,High
California,37.229676,-121.971225,Los Gatos,Amalfi Semiconductor,acquired,2003-01-01,2006-02-01,2012-04-24,3.09,9.32,0.5,9.53,5,3,64000000,2,CA,semiconductor,1,0,0,1,1,3.33,1,3911,1127,3401,Software,High
California,37.426316,-122.141082,Palo Alto,Kapow Software,acquired,2005-01-01,2005-02-01,2010-01-13,0.08,5.04,1.83,1.83,10,3,19743770,1,CA,software,0,0,0,1,1,2.5,1,3912,31,1838,Software,High
Washington,47.602416,-122.332614,Seattle,PI Corporation,acquired,2003-01-01,2006-07-27,2006-07-27,3.57,3.57,5.88,9.38,2,1,9400000,3,WA,network_hosting,0,0,0,1,0,1.0,1,3913,1303,1303,Software,Medium
California,37.391628999999995,-122.080765,Mountain View,Rockmelt,acquired,2009-01-01,2009-02-19,2011-06-29,0.13,2.49,1.85,4.47,6,3,39875000,3,CA,social,0,0,1,1,0,5.0,1,3914,49,909,Software,High
New York,40.7566658,-73.9827553,New York,Giant Realm,acquired,2007-01-01,2008-03-01,2008-05-08,1.16,1.35,1.35,3.33,13,2,5500000,2,NY,web,0,0,1,0,0,2.0,1,3915,425,493,Software,Medium
California,37.779281,-122.419236,San Francisco,DailyBooth,acquired,2009-03-01,2009-08-19,2011-03-08,0.47,2.02,2.02,3.06,10,3,7015000,3,CA,public_relations,0,1,1,0,0,5.0,1,3916,171,737,Service,Medium
Arizona,33.802846,-111.9278,Scottsdale,Ubidyne,closed,2005-01-01,2005-09-01,2009-08-20,0.67,4.64,3.0,5.67,8,2,58500000,2,AZ,hardware,0,0,1,1,0,3.0,1,3917,243,1692,Hardware,High
California,33.916552,-118.397491,"El Segundo,",CHiL Semiconductor,acquired,2006-01-01,2006-01-01,2008-05-07,0.0,2.35,0.0,5.16,7,3,22487000,2,CA,semiconductor,1,0,0,1,1,2.33,1,3918,0,857,Software,High
California,37.406914,-122.09037,Mountain View,UpMo,closed,2011-01-01,2009-12-13,2011-08-17,-1.05,0.62,-1.36,1.66,11,2,3700000,3,CA,enterprise,1,0,0,0,0,3.0,0,3919,-384,228,Software,Medium
California,37.386665,-122.084171,Mountain View,SearchMe,closed,2005-07-01,2005-07-01,2008-05-01,0.0,2.84,2.92,4.31,7,5,43600000,3,CA,search,0,0,1,1,1,3.0,1,3920,0,1035,Software,High
Washington,47.5827803,-122.1548103,Bellevue,Smith & Tinker,closed,2007-01-01,2009-08-25,2009-08-25,2.65,2.65,1.0,1.0,1,1,29000000,1,WA,games_video,1,0,0,0,0,5.0,1,3921,967,967,Software,High
California,37.441537,-122.158332,Palo Alto,ShopWell,acquired,2008-01-01,2010-02-22,2012-12-20,2.15,4.97,2.37,2.71,4,5,7939553,2,CA,web,1,0,0,1,0,2.0,1,3922,783,1815,Software,Medium
Oregon,45.413841999999995,-122.725662,Lake Oswego,Sabrix,acquired,2002-01-01,2006-06-21,2006-06-21,4.47,4.47,6.75,6.75,6,1,13000000,1,OR,software,0,0,0,0,0,4.0,1,3923,1632,1632,Software,High
Washington,47.60732,-122.335746,Seattle,Pure Networks,acquired,2002-01-01,2006-01-11,2006-01-11,4.03,4.03,3.0,3.0,5,1,12500000,1,WA,network_hosting,0,0,0,1,0,3.0,1,3924,1471,1471,Software,High
Washington,47.614018,-122.19655,Bellevue,SNAPin Software,acquired,2003-01-01,2005-07-11,2006-02-07,2.53,3.1,3.0,9.13,5,2,22300000,2,WA,software,0,0,0,1,1,4.5,1,3925,922,1133,Software,High
New York,40.730646,-73.986614,New York,Solvate,closed,2007-01-01,2009-08-28,2011-02-16,2.66,4.13,2.0,4.13,11,3,10300000,2,NY,web,0,0,1,1,0,2.33,1,3926,970,1507,Software,Medium
California,37.572928999999995,-122.265223,Foster City,Redbeacon,acquired,2008-11-01,2010-08-05,2010-08-05,1.76,1.76,2.4,4.31,12,1,7400000,3,CA,web,0,0,1,0,0,2.0,1,3927,642,642,Software,Medium
California,34.043948,-118.468204,Los Angeles,DailyStrength,acquired,2006-04-01,2007-05-18,2007-05-18,1.13,1.13,1.0,2.68,7,1,5000000,2,CA,web,0,0,1,0,0,1.0,1,3928,412,412,Software,Medium
California,34.083228000000005,-118.341449,Los Angeles,Clicker,acquired,2009-01-01,2009-09-15,2010-02-18,0.7,1.13,1.45,2.21,12,2,19000000,2,CA,games_video,0,0,1,1,0,3.5,1,3930,257,413,Software,High
California,37.767575,-122.411157,San Francisco,PopularMedia,acquired,2003-01-01,2007-02-01,2008-07-28,4.09,5.58,4.0,4.0,8,2,12250000,1,CA,advertising,0,0,0,1,1,2.5,1,3931,1492,2035,Service,High
New York,40.743808,-73.983626,New York,Next New Networks,acquired,2007-03-01,2007-01-01,2010-12-29,-0.16,3.83,3.0,4.7,16,4,27063781,4,NY,web,0,0,1,1,1,3.5,1,3932,-59,1399,Software,High
California,37.386778,-121.966277,Santa Clara,Quellan,acquired,2001-01-01,2005-09-02,2007-09-27,4.67,6.74,7.0,7.0,3,2,32000000,1,CA,semiconductor,0,0,0,1,1,5.0,1,3933,1705,2460,Software,High
California,37.36883,-122.03635,Sunnyvale,Queplix,closed,2004-01-01,2009-09-01,2009-09-01,5.67,5.67,6.01,6.76,2,1,1500000,2,CA,enterprise,0,0,1,0,0,1.0,1,3935,2070,2070,Software,Low
California,37.393679,-122.079017,Mountain View,NeoEdge Networks,acquired,2002-05-02,2007-06-08,2010-12-20,5.1,8.64,5.67,6.9,10,3,10000000,2,CA,advertising,1,0,0,1,0,1.67,0,3936,1863,3154,Service,Medium
Pennsylvania,40.441694,-79.990086,Pittsburgh,Bueda,closed,2009-01-04,2008-01-01,2010-07-01,-1.01,1.49,0.41,1.32,3,2,125000,2,PA,advertising,1,1,0,0,0,1.0,1,3937,-369,543,Service,Low
Utah,40.233844,-111.658534,Provo,EnticeLabs,acquired,2007-01-01,2007-08-01,2009-09-25,0.58,2.73,2.0,2.74,14,2,3300000,2,UT,enterprise,0,1,0,0,0,3.5,0,3938,212,998,Software,Medium
California,37.780883,-122.395257,San Francisco,Reddit,acquired,2005-01-01,2005-06-01,2005-06-01,0.41,0.41,6.83,8.87,9,1,100000,3,CA,web,0,1,0,0,0,1.0,1,3939,151,151,Software,Low
California,37.400115,-122.052208,Mountain View,Reliant Technologies,acquired,2001-01-01,2007-04-19,2007-04-19,6.3,6.3,6.0,6.0,9,1,15000000,1,CA,biotech,0,0,0,0,0,3.0,1,3943,2299,2299,software,High
California,37.791137,-122.391843,San Francisco,Elastra,closed,2007-01-01,2007-08-15,2008-08-05,0.62,1.59,1.0,4.33,8,2,14600000,3,CA,software,0,0,1,1,0,2.0,1,3944,226,582,Software,High
Minnesota,44.9773,-93.265469,Minneapolis,Enstratius,acquired,2009-01-01,2011-11-07,2011-11-07,2.85,2.85,2.91,4.19,7,1,3500000,3,MN,enterprise,0,0,1,0,0,2.0,1,3945,1040,1040,Software,Medium
California,37.391727,-122.077597,Mountain View,Krillion,acquired,2006-05-01,2006-06-14,2006-06-14,0.12,0.12,-0.24,5.26,6,1,9150000,2,CA,web,0,0,1,0,0,2.0,1,3946,44,44,Software,Medium
California,37.788571399999995,-122.40359850000002,San Francisco,kwiry,closed,2006-01-01,2008-03-20,2008-03-20,2.22,2.22,0.75,3.42,5,1,1000000,4,CA,mobile,0,0,1,0,0,1.0,1,3947,809,809,software,Low
Maine,39.78373,-100.445882,Wilmington,Ahura Scientific,acquired,2002-01-01,2005-01-19,2007-03-09,3.05,5.19,7.01,7.01,6,2,17000000,1,ME,other,0,0,0,1,0,5.0,1,3948,1114,1893,Business,High
California,37.440682,-122.123103,Palo Alto,Dyyno,closed,2007-08-01,2007-01-01,2011-04-22,-0.58,3.73,1.42,1.42,6,3,14078664,1,CA,games_video,0,0,1,0,0,1.5,1,3950,-212,1360,Software,High
California,37.429676,-122.1085482,Palo Alto,Scalent Systems,acquired,2003-01-01,2007-01-22,2007-01-22,4.06,4.06,3.0,3.0,7,1,15000000,1,CA,public_relations,0,0,0,0,1,4.0,1,3951,1482,1482,Service,High
California,37.404788,-121.940842,San Jose,NeoGuide Systems,acquired,2000-01-01,2006-09-29,2006-09-29,6.75,6.75,4.0,4.0,3,1,25000000,1,CA,biotech,0,0,0,0,1,1.0,1,3952,2463,2463,software,High
California,37.406914,-122.09037,Mountain View,The Fanfare Group,acquired,2004-01-01,2005-01-01,2009-11-30,1.0,5.92,3.0,3.0,2,3,27085228,1,CA,enterprise,1,0,0,1,0,2.5,1,3953,366,2160,Software,High
California,37.386778,-121.966277,Santa Clara,Accept Software,acquired,2002-01-01,2005-09-16,2010-12-14,3.71,8.96,4.0,4.0,7,4,25305000,1,CA,software,1,0,1,1,1,2.0,1,3954,1354,3269,Software,High
California,34.062504,-118.354605,Los Angeles,Authenticlick,closed,2005-08-05,2006-02-01,2006-02-01,0.49,0.49,2.24,2.24,8,1,5000000,1,CA,search,0,0,1,0,0,1.0,0,3955,180,180,Software,Medium
Virginia,38.969532,-77.385948,Herndon,ZoomSafer,acquired,2009-01-01,2009-03-01,2011-03-07,0.16,2.18,1.51,2.18,3,4,3350000,2,VA,mobile,0,1,1,1,0,1.5,0,3957,59,795,software,Medium
California,42.340653,-71.068003,Temecula,CitySquares,acquired,2005-08-01,2008-10-01,2010-04-13,3.17,4.7,4.46,5.34,17,4,422500,2,CA,web,1,1,1,0,0,2.0,1,3958,1157,1716,Software,Low
Washington,45.630695,-122.674456,Vancouver,Idooble,closed,2009-01-01,2009-01-01,2010-08-01,0.0,1.58,-0.17,-0.17,1,2,400000,1,WA,web,0,1,0,0,0,1.0,0,3959,0,577,Software,Low
Massachusetts,42.37564,-71.2358,Waltham,Interactive Supercomputing,acquired,2004-01-01,2006-01-17,2007-10-24,2.05,3.81,3.0,3.0,3,2,15500000,1,MA,enterprise,0,0,1,1,0,4.0,1,3960,747,1392,Software,High
Massachusetts,42.360253,-71.058291,Boston,Goby,acquired,2008-07-01,2010-10-20,2010-10-20,2.3,2.3,-0.33,2.36,4,1,2500000,3,MA,search,0,0,1,0,0,2.0,1,3961,841,841,Software,Medium
California,37.556732,-122.288378,San Francisco,Causata,acquired,2009-01-01,2009-10-05,2011-11-01,0.76,2.83,0.76,3.84,12,2,15500000,2,CA,software,0,0,1,1,0,1.0,1,3964,277,1034,Software,High
Massachusetts,42.3751,-71.105616,Cambridge,Bluefin Labs,acquired,2008-06-01,2008-04-01,2012-01-24,-0.17,3.65,4.15,4.68,12,4,20350000,3,MA,analytics,0,1,1,1,0,3.75,1,3965,-61,1332,Software,High
California,37.354469,-121.990433,Santa Clara,Vudu,acquired,2004-01-01,2005-06-01,2007-04-29,1.42,3.33,4.42,9.82,11,2,36000000,3,CA,hardware,0,0,1,1,0,3.5,1,3966,517,1214,Hardware,High
Massachusetts,42.3751,-71.105616,Cambridge,Performable,acquired,2009-10-17,2010-01-15,2010-01-15,0.25,0.25,1.12,1.66,9,1,3000000,2,MA,software,0,0,1,0,0,1.0,1,3967,90,90,Software,Medium
Idaho,43.493525,-112.040092,Idaho Falls,RFinity,closed,2008-10-01,2011-02-01,2011-02-01,2.34,2.34,0.58,2.37,5,1,4000000,4,ID,mobile,0,0,1,0,0,1.0,1,3968,853,853,software,Medium
California,37.320309,-122.05004,Cupertino,ViVu,acquired,2009-01-01,2009-09-21,2011-06-09,0.72,2.44,0.77,2.79,7,2,3000000,2,CA,messaging,0,0,1,1,0,2.5,1,3970,263,889,Software,Medium
Ohio,39.099909,-84.504243,Cincinnati,Transactiv,closed,2009-07-01,2009-10-13,2009-10-13,0.28,0.28,0.0,0.28,2,1,1200000,2,OH,advertising,0,0,1,0,0,4.0,1,3972,104,104,Service,Low
California,37.779281,-122.419236,San Francisco,Desk,acquired,2009-01-01,2010-04-15,2011-01-04,1.28,2.01,2.16,3.44,12,2,5700000,3,CA,enterprise,0,0,1,1,0,4.0,1,3973,469,733,Software,Medium
California,37.437328,-122.159928,Palo Alto,MyMiniLife,acquired,2007-01-01,2006-11-15,2007-11-15,-0.13,0.87,-0.59,1.21,4,3,430000,2,CA,games_video,0,1,0,0,0,1.67,0,3974,-47,318,Software,Low
California,37.36883,-122.03635,Sunnyvale,LikeList,closed,2008-01-01,2009-12-15,2009-12-15,1.96,1.96,1.0,1.0,5,1,5000000,1,CA,web,0,0,1,0,0,1.0,0,3975,714,714,Software,Medium
Massachusetts,42.6161515,-71.3258687,Lowell,Dimdim,acquired,2006-01-01,2007-02-01,2008-07-01,1.08,2.5,2.52,5.02,10,2,8400000,3,MA,web,0,0,1,1,0,2.0,1,3976,396,912,Software,Medium
Maryland,38.978640000000006,-76.492786,Annapolis,Netcordia,acquired,2000-01-01,2005-06-28,2006-07-31,5.49,6.58,6.75,6.75,3,2,13000000,1,MD,network_hosting,0,0,1,1,0,1.5,1,3977,2005,2403,Software,High
Massachusetts,42.417268,-71.258466,Waltham,PermissionTV,closed,2005-01-01,2004-11-01,2007-06-01,-0.17,2.41,4.05,4.05,11,3,9000000,1,MA,games_video,0,0,1,1,1,6.67,1,3978,-61,881,Software,Medium
California,37.386778,-121.966277,Santa Clara,Innovative Silicon,closed,2002-01-01,2004-03-01,2007-11-06,2.16,5.85,6.0,6.0,3,4,72000000,1,CA,other,0,0,1,1,1,2.25,1,3979,790,2135,Business,High
Massachusetts,42.360253,-71.058291,Boston,MyEnergy,acquired,2007-06-04,2009-02-01,2011-02-03,1.67,3.67,3.67,3.67,12,2,4000000,3,MA,web,0,1,1,0,0,3.0,1,3980,608,1340,Software,Medium
New York,40.730646,-73.986614,New York,Hotlist,closed,2008-01-01,2008-05-01,2012-01-01,0.33,4.0,2.36,3.67,8,4,1449998,3,NY,social,1,1,0,0,0,1.0,1,3981,121,1461,Software,Low
California,37.779281,-122.419236,San Francisco,Optimal,acquired,2008-01-01,2008-01-01,2013-01-22,0.0,5.06,5.01,5.79,10,3,7600000,2,CA,advertising,0,0,1,1,0,5.0,1,3982,0,1848,Service,Medium
California,37.779281,-122.419236,San Francisco,ScanSafe,acquired,2004-01-01,2007-02-01,2009-03-01,3.09,5.17,2.0,5.82,5,2,28500000,2,CA,security,0,0,0,1,1,2.5,1,3984,1127,1886,Service,High
Florida,28.625226,-81.373734,Maitland,Sundrop Mobile,acquired,2010-06-01,2011-03-29,2011-03-29,0.82,0.82,0.92,1.96,6,1,900000,3,FL,advertising,0,0,1,0,0,1.0,0,3985,301,301,Service,Low
California,34.007967,-118.489681,Palo Alto,Mytopia,acquired,2007-01-01,2008-01-01,2009-03-01,1.0,2.16,4.36,5.33,10,2,3500000,2,CA,games_video,0,1,1,0,0,2.0,0,3986,365,790,Software,Medium
Texas,40.694599,-73.990638,Austin,Workstreamer,closed,2009-10-01,2009-01-01,2010-07-27,-0.75,0.82,-1.75,0.25,7,2,3500000,2,TX,enterprise,0,1,1,0,0,1.0,1,3987,-273,299,Software,Medium
California,39.78373,-100.445882,Menlo Park,Devtap,closed,2008-01-01,2008-09-01,2008-09-01,0.67,0.67,0.0,0.0,2,1,2600000,1,CA,search,0,0,0,0,0,1.0,0,3988,244,244,Software,Medium
California,37.779281,-122.419236,San Francisco,Chomp,acquired,2009-09-09,2009-11-01,2010-03-11,0.15,0.5,0.5,3.01,10,2,2565000,3,CA,mobile,0,1,1,0,0,3.5,1,3990,53,183,software,Medium
Texas,30.265927,-97.783642,Austin,"LifeSize, a Division of Logitech",acquired,2003-01-01,2005-12-19,2006-09-18,2.97,3.72,6.97,8.33,16,2,42500000,3,TX,public_relations,0,0,0,0,1,5.5,1,3991,1083,1356,Service,High
California,37.320309,-122.05004,Cupertino,XtremIO,acquired,2009-01-01,2009-11-11,2011-12-05,0.86,2.93,3.0,3.0,4,3,19000000,1,CA,enterprise,0,0,1,1,0,2.0,1,3992,314,1068,Software,High
California,33.708708,-117.852069,Santa Ana,Mophie,acquired,2005-05-24,2006-08-01,2006-08-01,1.19,1.19,2.19,7.78,5,1,1000000,3,CA,hardware,1,0,0,0,0,2.0,1,3994,434,434,Hardware,Low
California,37.779281,-122.419236,San Francisco,Miso,acquired,2010-03-01,2010-05-22,2011-12-01,0.22,1.75,0.75,2.93,10,3,5500000,3,CA,mobile,0,1,1,1,0,4.0,1,3995,82,640,software,Medium
California,38.232583,-122.636465,Petaluma,Teknovus,acquired,2001-01-01,2002-01-01,2009-11-16,1.0,8.88,4.0,9.19,7,5,62600000,2,CA,semiconductor,1,0,1,1,1,9.33,1,3996,365,3241,Software,High
California,37.398022,-122.049143,Mountain View,Clearwell Systems,acquired,2004-12-06,2006-04-04,2007-08-22,1.33,2.71,4.37,6.46,6,2,29000000,3,CA,software,0,0,0,1,1,2.5,1,3998,484,989,Software,High
California,34.019657,-118.487549,Santa Monica,ShoeDazzle,acquired,2009-03-01,2009-11-19,2012-10-03,0.72,3.59,2.84,4.02,17,4,66000000,4,CA,fashion,1,0,1,1,1,2.33,1,3999,263,1312,Business,High
Texas,30.271129,-97.743699,Austin,Storspeed,closed,2007-01-01,2007-06-07,2007-06-07,0.43,0.43,2.0,2.0,6,1,13000000,1,TX,software,0,0,1,0,0,4.0,1,4000,157,157,Software,High
Massachusetts,42.558426,-71.268947,Billerica,Nexx Systems,acquired,2001-01-01,2005-09-29,2009-12-14,4.75,8.96,5.0,5.0,10,3,15247925,1,MA,semiconductor,0,0,0,0,1,1.5,1,4001,1732,3269,Software,High
New York,40.73901,-73.997259,New York,Game Trust,acquired,2002-01-01,2005-06-01,2005-11-15,3.42,3.87,7.75,7.75,3,2,9000000,1,NY,software,1,0,0,1,0,4.0,1,4003,1247,1414,Software,Medium
Washington,47.614422,-122.192337,Bellevue,Blade Games World,closed,2004-02-01,2009-04-17,2009-11-20,5.21,5.81,6.67,7.17,5,2,5926462,2,WA,games_video,1,0,0,0,0,1.5,0,4004,1902,2119,Software,Medium
Texas,30.387275,-97.759511,Austin,itzbig,closed,2006-06-01,2007-02-27,2007-02-27,0.74,0.74,1.17,3.92,9,1,4000000,2,TX,search,0,0,1,0,0,2.0,1,4006,271,271,Software,Medium
Washington,47.603832,-122.330062,Seattle,Dashwire,acquired,2006-08-11,2009-01-31,2010-12-28,2.48,4.38,3.39,4.99,10,3,5056559,2,WA,mobile,1,0,1,0,0,1.67,1,4007,904,1600,software,Medium
Missouri,39.78373,-100.445882,St. Louis,Mobile Armor,acquired,2002-01-01,2007-06-14,2010-03-03,5.45,8.17,7.5,7.5,5,4,9000000,1,MO,security,1,0,1,0,0,2.0,1,4008,1990,2983,Service,Medium
California,37.779281,-122.419236,San Francisco,HipChat,acquired,2009-09-01,2010-08-10,2010-08-10,0.94,0.94,1.5,3.82,4,1,100000,2,CA,messaging,0,1,0,0,0,3.0,1,4009,343,343,Software,Low
Massachusetts,42.485093,-71.43284,Acton,Tatara Systems,acquired,2001-01-01,2004-01-20,2010-06-22,3.05,9.48,1.0,1.0,4,5,33000000,1,MA,mobile,1,0,0,1,1,2.0,1,4010,1114,3459,software,High
New York,40.750519,-73.993494,New York,Venmo,acquired,2009-04-04,2010-05-07,2011-08-01,1.09,2.33,2.83,4.69,8,2,1200000,2,NY,mobile,0,1,1,0,0,6.0,1,4011,398,849,software,Low
Texas,30.409765000000004,-97.75101,Austin,NextIO,closed,2003-01-01,2005-01-11,2012-05-17,2.03,9.38,9.01,9.01,10,4,49600000,1,TX,hardware,0,0,0,1,1,2.67,1,4012,741,3424,Hardware,High
California,37.761795500000005,-122.4092704,San Francisco,Xoopit,acquired,2004-01-01,2006-12-01,2008-04-02,2.92,4.25,2.0,7.17,4,2,6500000,3,CA,web,0,0,1,0,0,7.0,1,4013,1065,1553,Software,Medium
Massachusetts,42.337041,-71.209221,Newton,Zeo,closed,2003-12-01,2009-12-15,2012-05-03,6.04,8.43,7.0,9.48,15,5,26138500,3,MA,analytics,0,0,0,0,1,3.0,1,4014,2206,3076,Software,High
Massachusetts,42.49173,-71.28179499999999,Bedford,Reveal Imaging Technologies,acquired,2002-10-01,2005-01-01,2008-03-28,2.25,5.49,0.25,0.25,4,2,25300000,1,MA,security,1,0,0,1,0,3.5,1,4015,823,2005,Service,High
New York,40.730646,-73.986614,New York,BuyWithMe,acquired,2009-03-01,2010-01-20,2011-06-01,0.89,2.25,2.66,2.75,21,4,36500000,3,NY,ecommerce,0,0,1,1,1,1.5,1,4016,325,822,Software,High
Massachusetts,42.493447,-71.514104,Boxborough,Digital Reef,acquired,2006-01-01,2006-01-01,2008-10-01,0.0,2.75,3.33,5.24,9,2,20000000,2,MA,enterprise,0,0,1,1,0,1.0,1,4017,0,1004,Software,High
Massachusetts,42.537592,-71.51201,Littleton,Akorri Networks,acquired,2005-01-01,2005-05-05,2010-03-23,0.34,5.22,3.0,6.03,5,4,48730000,3,MA,software,1,0,1,1,1,3.0,1,4018,124,1907,Software,High
Minnesota,44.96659,-93.331943,Golden Valley,Kardia Health Systems,closed,2006-01-01,2007-01-01,2008-01-01,1.0,2.0,3.25,3.25,2,2,18400000,1,MN,enterprise,1,0,0,0,0,1.0,0,4019,365,730,Software,High
California,37.788482,-122.409173,San Francisco,Kyte,acquired,2006-12-01,2007-07-01,2012-03-01,0.58,5.25,3.09,4.17,11,4,23350000,2,CA,games_video,0,1,1,1,0,3.0,1,4020,212,1917,Software,High
New York,40.730646,-73.986614,New York,Thwapr,closed,2007-01-01,2009-01-01,2010-01-01,2.0,3.0,2.09,4.07,7,2,2000000,3,NY,photo_video,1,1,0,0,0,3.0,0,4021,731,1096,Software,Low
Washington,47.603832,-122.330062,Seattle,StartupDigest,acquired,2009-11-16,2011-03-09,2011-03-09,1.31,1.31,1.31,2.88,11,1,200000,3,WA,news,1,0,0,0,0,1.0,0,4022,478,478,Service,Low
North Carolina,35.996653,-78.90180500000001,Durham,Hatteras Networks,acquired,2000-01-01,2005-06-08,2006-06-01,5.44,6.42,6.01,6.01,26,2,36000000,1,NC,software,1,0,0,0,0,3.5,1,4023,1985,2343,Software,High
California,32.833501,-117.26162,La Jolla,Ortiva Wireless,acquired,2004-01-01,2005-02-01,2011-10-04,1.09,7.76,6.88,6.88,9,5,40000000,1,CA,mobile,1,0,1,1,1,4.0,1,4024,397,2833,software,High
California,37.658313,-122.391032,South San Francisco,iCurrent,acquired,2006-01-01,2008-08-01,2008-08-01,2.58,2.58,2.0,2.0,5,1,3000000,1,CA,web,0,0,1,0,0,1.0,1,4025,943,943,Software,Medium
Massachusetts,42.504817,-71.195611,Burlington,Digit Wireless,closed,2000-01-01,2005-03-14,2008-02-11,5.2,8.12,8.01,8.01,2,2,10000000,1,MA,public_relations,1,0,0,0,1,2.5,1,4026,1899,2963,Service,Medium
California,37.566009,-122.321646,San Mateo,XDN/3Crowd Technologies,acquired,2010-01-01,2009-12-22,2012-07-01,-0.03,2.5,0.92,2.42,12,3,7289000,3,CA,enterprise,1,0,1,0,0,2.33,1,4027,-10,912,Software,Medium
California,37.755068,-122.418026,San Francisco,about.me,acquired,2013-02-05,2013-02-05,2013-02-05,0.0,0.0,-1.8,-0.1,21,1,5675000,2,CA,web,1,0,0,0,0,4.0,1,4028,0,0,Software,Medium
California,37.314002,-121.932365,San Jose,41st Parameter,acquired,2004-01-01,2006-05-08,2012-04-11,2.35,8.28,1.0,8.28,16,4,38064570,2,CA,security,1,0,0,1,1,3.0,1,4029,858,3023,Service,High
California,37.779281,-122.419236,San Francisco,Flowtown,acquired,2009-02-01,2010-08-25,2010-08-25,1.56,1.56,1.24,1.77,6,1,750000,3,CA,analytics,0,1,0,0,0,9.0,1,4030,570,570,Software,Low
North Carolina,35.986906,-78.896718,Durham,EvoApp,closed,2009-01-01,2010-10-15,2012-04-20,1.79,3.3,2.08,2.33,8,3,3352194,2,NC,analytics,0,1,1,0,0,9.5,0,4031,652,1205,Software,Medium
Massachusetts,42.599814,-71.367284,Chelmsford,Desktone,acquired,2006-01-01,2007-07-30,2011-12-16,1.58,5.96,4.42,4.42,6,5,25413298,1,MA,network_hosting,1,0,1,1,0,3.0,1,4033,575,2175,Software,High
California,37.779281,-122.419236,San Francisco,Hello Chair,closed,2006-01-01,2007-06-01,2010-04-12,1.41,4.28,1.33,5.18,5,2,889999,2,CA,mobile,1,1,0,0,0,3.5,1,4034,516,1562,software,Low
New York,40.934803,-73.901839,Yonkers,Jodange,closed,2007-01-01,2009-04-27,2009-04-27,2.32,2.32,1.0,1.25,1,1,1200000,2,NY,web,0,1,0,0,0,4.0,0,4035,847,847,Software,Low
California,33.570171,-117.710676,Aliso Viejo,Gaikai,acquired,2008-11-01,2010-01-05,2011-07-20,1.18,2.72,2.52,3.67,21,3,45039999,3,CA,games_video,0,0,1,1,1,3.67,1,4036,430,991,Software,High
Washington,47.63609,-122.327028,Seattle,Azaleos,acquired,2004-05-11,2007-11-06,2007-11-06,3.49,3.49,5.66,8.34,10,1,10000000,3,WA,enterprise,0,0,0,0,1,2.0,1,4037,1274,1274,Software,Medium
California,37.504764,-122.259568,Sunnyvale,Cotendo,acquired,2008-01-01,2008-01-01,2011-06-15,0.0,3.45,2.02,3.98,9,4,36000000,3,CA,software,0,0,1,1,1,3.0,1,4039,0,1261,Software,High
California,37.440682,-122.123103,Palo Alto,Nicira Networks,acquired,2007-01-01,2009-06-25,2011-02-03,2.48,4.09,4.75,6.31,13,4,41815432,2,CA,network_hosting,0,0,1,1,1,2.0,1,4040,906,1494,Software,High
California,37.440682,-122.123103,Palo Alto,Nuvosun,acquired,2008-01-01,2010-01-08,2011-08-05,2.02,3.59,0.0,0.0,2,2,17459444,1,CA,cleantech,1,0,0,0,0,1.0,0,4041,738,1312,Business,High
Connecticut,28.511540000000004,-81.314841,New Haven,Helix Therapeutics,closed,2006-01-01,2010-01-11,2010-11-23,4.03,4.9,4.9,4.9,3,2,3100000,1,CT,biotech,1,0,0,0,0,1.5,1,4042,1471,1787,software,Medium
California,37.778613,-122.395289,San Mateo,GuardianEdge Technologies,acquired,2002-01-01,2005-06-06,2007-07-23,3.43,5.56,7.84,7.84,10,3,19500000,1,CA,software,0,0,1,1,0,3.33,1,4043,1252,2029,Software,High
Oregon,45.522894,-122.989827,Hillsboro,Spectrawatt,closed,2008-01-01,2010-01-12,2010-01-12,2.03,2.03,0.0,0.0,1,1,41400000,1,OR,cleantech,1,0,0,0,0,3.0,1,4044,742,742,Business,High
Texas,30.280147999999997,-97.749908,Austin,MPOWER Mobile,closed,2005-01-01,2009-10-28,2009-10-28,4.82,4.82,0.25,0.25,1,1,5000000,1,TX,mobile,1,0,0,0,0,1.0,1,4045,1761,1761,software,Medium
New York,40.730646,-73.986614,New York,Storm Exchange,closed,2006-04-01,2006-12-01,2008-03-04,0.67,1.93,0.0,0.0,2,2,10800000,1,NY,enterprise,1,0,1,0,0,2.0,1,4046,244,703,Software,Medium
California,37.45604,-122.165399,Menlo Park,Krugle,acquired,2006-01-01,2006-05-31,2006-05-31,0.41,0.41,0.0,2.53,10,1,6100000,2,CA,search,0,0,0,1,0,4.0,1,4047,150,150,Software,Medium
Virginia,38.969532,-77.385948,Herndon,NetWitness,acquired,2006-01-01,2010-01-14,2010-01-14,4.04,4.04,0.75,0.75,12,1,5689647,1,VA,software,0,0,0,1,0,1.0,1,4048,1474,1474,Software,Medium
California,37.779281,-122.419236,San Francisco,Pure Digital Technologies,acquired,2001-09-01,2004-01-01,2008-08-18,2.33,6.97,4.0,8.3,11,3,68200000,3,CA,hardware,1,1,0,0,0,4.0,1,4049,852,2543,Hardware,High
California,32.902266,-117.20834,San Diego,Veoh,acquired,2004-01-01,2005-07-01,2008-06-03,1.5,4.42,4.09,9.74,15,4,69750000,4,CA,games_video,0,0,1,1,1,5.0,1,4051,547,1615,Software,High
California,37.390704,-122.03039,Sunnyvale,SiBEAM,acquired,2004-12-01,2004-12-01,2010-03-09,0.0,5.27,3.83,4.09,14,6,113750000,2,CA,mobile,1,1,1,1,1,2.17,1,4052,0,1924,software,High
California,37.404788,-121.940842,San Jose,C2 Microsystems,closed,2004-01-01,2009-10-12,2009-10-12,5.78,5.78,2.0,2.0,1,1,10000000,1,CA,hardware,1,0,0,0,0,3.0,1,4053,2111,2111,Hardware,Medium
California,37.779281,-122.419236,San Francisco,EmSense,closed,2004-01-01,2009-11-03,2010-12-10,5.84,6.95,5.92,6.38,6,2,13000000,2,CA,hardware,1,0,0,0,1,2.0,1,4054,2133,2535,Hardware,High
Illinois,41.808458,-88.073008,Lisle,Univa UD,acquired,2004-05-10,2005-08-01,2010-03-23,1.23,5.87,3.65,6.7,4,4,33000000,2,IL,software,1,0,1,1,1,5.33,1,4055,448,2143,Software,High
Illinois,41.875555,-87.624421,Chicago,Media Chaperone,closed,2009-01-01,2010-01-14,2011-02-24,1.04,2.15,1.58,1.58,2,2,1050000,1,IL,web,1,0,0,0,0,1.0,0,4056,378,784,Software,Low
California,37.424298,-122.139809,Palo Alto,Immunet Corporation,acquired,2008-07-01,2009-11-01,2009-11-01,1.34,1.34,1.35,1.35,3,1,2000000,1,CA,software,0,0,1,0,0,2.0,1,4057,488,488,Software,Low
New York,40.730646,-73.986614,New York,Vizibility,acquired,2009-07-01,2010-03-24,2013-02-06,0.73,3.61,1.59,4.1,5,5,4705910,3,NY,mobile,1,1,0,0,0,3.0,1,4058,266,1316,software,Medium
California,37.491356,-122.228843,Menlo Park,Flock,acquired,2005-01-01,2005-01-01,2008-05-21,0.0,3.39,5.4,8.71,17,5,28300000,4,CA,web,0,1,1,1,1,2.0,1,4059,0,1236,Software,High
California,37.779281,-122.419236,San Francisco,Cohuman,acquired,2009-10-09,2009-09-09,2011-01-01,-0.08,1.23,0.32,1.3,4,2,1400000,2,CA,enterprise,0,1,0,0,0,3.0,0,4060,-30,449,Software,Low
California,37.8093381,-122.4166061,San Francisco,VoxPop Network Corporation,acquired,2006-08-01,2007-05-01,2009-05-01,0.75,2.75,1.58,4.53,5,2,3500000,2,CA,games_video,0,0,1,1,0,3.0,1,4061,273,1004,Software,Medium
Pennsylvania,40.206775,-75.099616,Warminster,MobileMD,acquired,2005-01-01,2010-01-31,2010-01-31,5.08,5.08,5.0,5.57,4,1,4700000,2,PA,health,0,0,1,0,0,1.0,0,4062,1856,1856,Service,Medium
California,37.779281,-122.419236,San Francisco,PlaySay,acquired,2008-04-04,2008-09-01,2011-01-24,0.41,2.81,2.95,4.96,3,3,820000,3,CA,education,0,1,0,0,0,1.0,1,4063,150,1025,Service,Low
California,34.044939,-118.419067,Los Angeles,Shopflick,acquired,2007-07-01,2008-03-15,2008-07-01,0.71,1.0,1.92,5.82,16,2,8000000,3,CA,ecommerce,0,1,1,0,0,1.5,1,4064,258,366,Software,Medium
California,37.779396000000006,-122.4184,San Francisco,MogoTix,closed,2009-12-01,2010-08-02,2010-08-02,0.67,0.67,0.08,0.08,2,1,115000,1,CA,mobile,0,1,0,0,0,4.0,1,4065,244,244,software,Low
California,37.288136,-121.79765,San Jose,Taggstr,closed,2009-07-01,2010-04-07,2010-04-07,0.77,0.77,0.0,0.0,1,1,50000,1,CA,messaging,0,1,0,0,0,1.0,0,4066,280,280,Software,Low
California,37.320309,-122.05004,Cupertino,Cloud.com,acquired,2008-01-01,2010-01-01,2010-01-01,2.0,2.0,3.66,4.08,12,1,11000000,2,CA,enterprise,0,0,0,1,0,3.0,1,4067,731,731,Software,Medium
California,37.386778,-121.966277,Santa Clara,StorSimple,acquired,2009-01-01,2009-06-01,2011-06-23,0.41,2.47,3.0,3.0,19,3,31500000,1,CA,enterprise,0,0,1,1,1,3.33,1,4068,151,903,Software,High
California,37.320309,-122.05004,Cupertino,Neterion,acquired,2001-01-01,2006-02-24,2006-02-24,5.15,5.15,4.0,4.0,6,1,6480000,1,CA,public_relations,0,0,0,0,0,3.0,1,4069,1880,1880,Service,Medium
California,37.758229,-122.439512,San Francisco,Crowd Factory,acquired,2009-01-01,2011-01-26,2011-01-26,2.07,2.07,2.58,4.37,6,1,6500000,3,CA,advertising,1,0,0,0,0,3.0,1,4071,755,755,Service,Medium
California,37.440682,-122.123103,Palo Alto,Moonshoot,closed,2007-01-01,2010-02-18,2012-04-01,3.13,5.25,3.13,3.54,6,2,6760000,2,CA,web,1,0,0,0,0,1.5,1,4072,1144,1917,Software,Medium
Massachusetts,42.504817,-71.195611,Burlington,Certeon,closed,2003-01-01,2007-07-16,2012-05-01,4.54,9.34,2.0,2.0,2,2,19000000,1,MA,software,1,0,0,1,0,3.5,1,4074,1657,3408,Software,High
New York,40.750519,-73.993494,New York,SkillSlate,acquired,2009-01-01,2010-10-20,2010-10-20,1.8,1.8,1.92,1.92,8,1,1100000,1,NY,web,0,1,0,0,0,8.0,1,4075,657,657,Software,Low
California,32.901049,-117.192656,San Diego,ecoATM,acquired,2008-08-02,2010-02-17,2013-02-06,1.55,4.52,1.66,4.92,6,4,71400000,3,CA,cleantech,1,0,1,0,0,2.67,1,4076,564,1649,Business,High
California,37.779281,-122.419236,San Francisco,PeerPong,closed,2006-01-01,2010-02-09,2010-02-09,4.11,4.11,3.92,4.53,6,1,2800000,2,CA,web,1,0,0,0,0,4.0,1,4077,1500,1500,Software,Medium
California,37.779281,-122.419236,San Francisco,Adura Technologies,acquired,2008-01-01,2008-10-16,2012-04-26,0.79,4.32,3.98,3.98,5,3,25500000,1,CA,cleantech,0,0,1,1,0,2.67,1,4078,289,1577,Business,High
Massachusetts,42.3751,-71.105616,Cambridge,Allurent,acquired,2005-01-01,2010-02-22,2010-02-22,5.15,5.15,2.0,2.0,4,1,2000000,1,MA,web,1,0,0,0,0,1.0,1,4079,1878,1878,Software,Low
Colorado,39.568064,-104.977831,Centennial,Internet Pawn,closed,2009-01-01,2010-05-05,2013-08-27,1.34,4.65,1.36,1.38,0,5,7228704,2,CO,finance,1,0,1,0,0,2.0,1,4080,489,1699,Service,Medium
California,37.416597,-122.154064,Palo Alto,Qlusters,closed,2001-01-01,2007-08-08,2007-08-08,6.6,6.6,4.0,4.0,3,1,10360000,1,CA,other,0,0,0,0,1,5.0,1,4081,2410,2410,Business,Medium
California,37.320309,-122.05004,Cupertino,Solidcore Systems,acquired,2002-01-01,2005-02-17,2007-04-25,3.13,5.32,6.0,6.0,5,3,40000000,1,CA,software,0,0,0,1,1,3.33,1,4082,1143,1940,Software,High
Massachusetts,42.479262,-71.152277,Woburn,Octavian,closed,2003-01-01,2005-06-01,2007-10-10,2.42,4.78,4.0,4.0,2,2,15000000,1,MA,software,0,0,1,1,0,2.5,1,4083,882,1743,Software,High
California,37.391642,-122.09393500000002,Mountain View,TimeBridge,acquired,2005-05-01,2005-07-05,2009-05-11,0.18,4.03,3.67,7.24,6,3,12400000,4,CA,web,1,0,1,1,0,1.67,1,4084,65,1471,Software,High
Massachusetts,42.37564,-71.2358,Waltham,Q1 Labs,acquired,2001-01-01,2007-01-01,2007-01-01,6.0,6.0,4.0,10.07,6,1,9000000,2,MA,software,0,0,0,0,0,5.0,1,4085,2191,2191,Software,Medium
California,37.78227879999999,-122.392978,San Francisco,Hitpost,acquired,2009-04-01,2010-01-01,2012-04-26,0.75,3.07,3.92,4.5,16,3,2000000,2,CA,sports,0,1,0,0,0,3.67,1,4086,275,1121,Service,Low
California,37.779281,-122.419236,San Francisco,RentJuice,acquired,2008-01-01,2010-03-04,2011-01-31,2.17,3.08,3.09,4.78,7,3,6693782,3,CA,real_estate,1,0,0,0,0,1.67,1,4087,793,1126,Business,Medium
New York,40.730646,-73.986614,New York,Go Try It On,acquired,2009-12-01,2010-11-04,2012-11-13,0.93,2.95,0.83,2.74,2,3,3750000,3,NY,fashion,0,1,1,0,0,2.0,1,4088,338,1078,Business,Medium
California,37.779281,-122.419236,San Francisco,Instagram,acquired,2010-03-01,2010-03-05,2012-04-05,0.01,2.1,3.09,3.78,12,3,57500000,3,CA,photo_video,0,1,1,1,0,4.0,1,4089,4,766,Software,High
New York,40.729839,-73.991781,New York,Feedtrace,acquired,2009-08-10,2010-03-01,2010-03-01,0.56,0.56,-0.02,1.93,3,1,130000,2,NY,web,0,1,0,0,0,1.0,0,4090,203,203,Software,Low
Washington,47.635354,-122.340459,Seattle,AdXpose,acquired,2005-01-01,2007-02-01,2011-04-04,2.08,6.26,4.58,6.59,7,3,22800000,2,WA,advertising,0,0,1,1,1,1.33,1,4091,761,2284,Service,High
New York,40.74929,-73.981328,New York,MyNines,closed,2009-08-01,2010-04-19,2010-04-19,0.72,0.72,0.75,2.01,2,1,500000,2,NY,ecommerce,0,1,0,0,0,1.0,1,4092,261,261,Software,Low
New York,40.729839,-73.991781,New York,Stickybits,closed,2009-01-01,2010-03-09,2010-05-19,1.18,1.38,1.33,3.11,7,2,1900000,2,NY,web,0,1,1,0,0,2.5,1,4093,432,503,Software,Low
California,34.054935,-118.244476,Los Angeles,Mail.com Media Corporation,closed,2004-01-01,2008-10-21,2008-10-21,4.81,4.81,6.6,6.72,4,1,35000000,2,CA,web,0,0,0,0,0,3.0,1,4095,1755,1755,Software,High
Connecticut,39.364504,-84.247556,Westport,Advanced BioHealing,acquired,2003-01-01,2005-11-21,2007-02-27,2.89,4.16,7.01,8.35,4,2,33500000,2,CT,biotech,0,0,0,1,1,3.5,1,4096,1055,1518,software,High
California,37.779281,-122.419236,San Francisco,Loyalty Lab,acquired,2003-01-01,2005-03-22,2010-04-29,2.22,7.33,7.01,7.01,4,3,11000000,1,CA,software,1,1,0,1,0,1.67,1,4098,811,2675,Software,Medium
California,37.551882,-122.313472,San Mateo,A Bit Lucky,acquired,2009-10-01,2010-03-15,2011-03-25,0.45,1.48,0.25,1.47,5,2,10312103,2,CA,games_video,1,0,0,0,0,6.0,1,4099,165,540,Software,Medium
Virginia,38.958402,-77.357974,Reston,Defywire,closed,2003-01-01,2005-04-26,2007-03-27,2.32,4.24,-0.33,-0.33,2,2,10600000,1,VA,mobile,1,0,0,1,0,3.0,1,4100,846,1546,software,Medium
California,37.386778,-121.966277,Santa Clara,Jacent Technologies,closed,2001-01-01,2005-06-15,2007-03-19,4.45,6.21,0.0,0.0,2,2,13700000,1,CA,software,1,0,0,1,0,4.0,1,4101,1626,2268,Software,High
Colorado,40.0186313,-105.2764361,Boulder,Collective Intellect,acquired,2005-01-01,2006-02-01,2012-12-07,1.08,7.94,3.0,7.43,10,6,15324624,3,CO,enterprise,1,1,1,1,0,2.5,1,4102,396,2897,Software,High
Massachusetts,42.504817,-71.195611,Burlington,Vela Systems,acquired,2005-01-01,2006-05-01,2010-09-02,1.33,5.67,2.5,5.67,4,3,12000000,2,MA,software,1,0,1,1,0,2.67,1,4103,485,2070,Software,High
California,37.566042,-122.322954,San Francisco,Apture,acquired,2007-06-01,2007-07-01,2009-03-17,0.08,1.79,3.17,4.45,10,2,4600000,3,CA,web,0,1,1,0,0,2.0,1,4106,30,655,Software,Medium
California,37.288326,-121.945633,Campbell,Forrst,acquired,2010-01-25,2011-03-24,2011-03-24,1.16,1.16,-0.07,2.96,3,1,205000,3,CA,web,0,1,0,0,0,7.0,1,4107,423,423,Software,Low
Washington,47.682233,-122.135521,Redmond,Sampa,closed,2005-03-01,2007-08-01,2008-04-02,2.42,3.09,-0.16,3.97,3,2,1310000,4,WA,web,0,1,0,0,0,1.0,0,4108,883,1128,Software,Low
Texas,30.409765000000004,-97.75101,Austin,Movero Technology,acquired,2003-01-01,2007-06-14,2010-03-23,4.45,7.23,7.01,7.01,5,2,5992316,1,TX,enterprise,1,0,1,0,0,2.0,0,4109,1625,2638,Software,Medium
Connecticut,39.364504,-84.247556,Westport,Yamisee,closed,2010-01-01,2010-03-24,2010-12-15,0.22,0.95,0.58,1.07,2,2,700000,2,CT,web,0,1,0,0,0,2.5,0,4113,82,348,Software,Low
California,37.440682,-122.123103,Palo Alto,Netli,acquired,2000-01-01,2006-02-13,2006-02-13,6.12,6.12,6.01,6.01,9,1,18000000,1,CA,network_hosting,1,0,0,0,0,7.0,1,4114,2235,2235,Software,High
Washington,47.603832,-122.330062,Seattle,TappIn,acquired,2009-01-01,2010-03-26,2011-10-06,1.23,2.76,2.0,2.93,6,2,2293122,3,WA,enterprise,0,0,1,0,0,1.0,0,4115,449,1008,Software,Medium
California,37.779281,-122.419236,San Francisco,Crowdcast,acquired,2007-01-01,2010-06-10,2010-06-10,3.44,3.44,4.0,5.72,6,1,6000000,2,CA,software,0,0,1,0,0,2.0,1,4116,1256,1256,Software,Medium
New York,40.73901,-73.997259,New York,Entertainment Media Works,closed,2004-07-01,2007-02-26,2007-02-26,2.66,2.66,0.0,0.0,1,1,4000000,1,NY,software,0,0,0,1,0,1.0,1,4117,970,970,Software,Medium
Massachusetts,42.354023,-71.05809599999999,Boston,FlipKey,acquired,2007-01-01,2007-12-01,2008-08-20,0.92,1.64,4.85,6.09,7,2,500000,2,MA,web,0,1,1,0,0,2.0,0,4118,334,597,Software,Low
Nevada,35.96544,-115.106579,Henderson,Trooval,closed,2008-09-01,2010-04-07,2010-11-05,1.6,2.18,0.08,0.08,2,2,2387481,1,NV,analytics,1,0,0,0,0,1.0,1,4120,583,795,Software,Medium
California,37.36883,-122.03635,Sunnyvale,IPLocks,acquired,2002-01-01,2006-06-14,2006-06-14,4.45,4.45,2.0,2.0,3,1,15400000,1,CA,software,0,0,0,0,0,1.0,0,4121,1625,1625,Software,High
Illinois,41.875555,-87.624421,Chicago,BridgePort Networks,acquired,2002-01-01,2006-11-03,2006-11-03,4.84,4.84,1.0,1.0,3,1,13000000,1,IL,software,0,0,0,0,1,4.0,1,4123,1767,1767,Software,High
Massachusetts,42.37564,-71.2358,Waltham,CentrePath,acquired,2000-01-01,2005-09-06,2006-04-24,5.68,6.32,5.01,5.01,4,2,15050000,1,MA,software,1,0,0,0,1,2.5,1,4124,2075,2305,Software,High
California,33.685697,-117.825982,Irvine,Integrien,acquired,2001-01-01,2005-05-16,2010-05-11,4.37,9.36,4.0,9.36,5,3,24510540,2,CA,enterprise,1,0,1,1,0,2.67,1,4125,1596,3417,Software,High
Colorado,40.0186731,-105.2762236,Boulder,Socialthing,acquired,2007-05-18,2007-08-01,2007-10-23,0.21,0.43,0.47,2.95,6,2,415000,2,CO,network_hosting,0,1,0,0,0,1.0,1,4128,75,158,Software,Low
California,34.054935,-118.244476,Los Angeles,NextMedium,closed,2004-01-01,2005-02-01,2006-07-24,1.09,2.56,4.0,4.0,7,2,9500000,1,CA,software,0,0,1,1,0,2.5,1,4129,397,935,Software,Medium
California,37.779281,-122.419236,San Francisco,Sponge,acquired,2010-01-01,2010-04-19,2010-04-19,0.3,0.3,1.59,1.67,3,1,400000,2,CA,web,0,1,0,0,0,1.0,1,4131,108,108,Software,Low
California,37.680766,-122.399971,Brisbane,SARcode Bioscience,acquired,2006-01-01,2006-12-01,2011-07-18,0.92,5.55,5.0,5.0,9,2,73000000,1,CA,biotech,1,0,0,1,0,3.0,1,4132,334,2024,software,High
California,37.54827,-121.988572,Fremont,Mendocino Software,closed,2003-01-01,2005-09-12,2007-01-01,2.7,4.0,1.0,1.0,2,2,19700000,1,CA,software,1,0,0,1,0,4.0,1,4133,985,1461,Software,High
California,37.748676,-122.415813,San Francisco,Aardvark,acquired,2007-07-01,2007-01-01,2008-10-01,-0.5,1.25,2.17,4.6,21,2,6000000,2,CA,web,0,1,1,0,0,4.0,1,4134,-181,458,Software,Medium
New Jersey,40.296222,-74.050972,Eatontown,CebaTech,closed,2004-01-01,2005-04-26,2006-07-21,1.32,2.55,4.0,4.0,4,2,8500000,1,NJ,software,0,0,0,1,1,2.0,0,4135,481,932,Software,Medium
California,40.010492,-105.276843,Palo Alto,Filtrbox,acquired,2007-04-01,2007-08-01,2009-02-17,0.33,1.88,-0.08,5.24,3,3,1915000,4,CA,web,0,1,1,0,0,2.0,1,4136,122,688,Software,Low
California,39.762314,-104.982256,Burlingame,Brightkite,acquired,2007-01-01,2007-08-01,2009-07-06,0.58,2.51,0.59,4.97,9,3,1415000,4,CA,social,1,1,0,0,0,1.0,1,4137,212,917,Software,Low
California,37.779281,-122.419236,San Francisco,Rapportive,acquired,2010-01-01,2010-08-02,2010-08-02,0.58,0.58,0.28,3.7,6,2,1000000,2,CA,messaging,0,1,0,0,0,8.5,1,4138,213,213,Software,Low
Washington,39.78373,-100.445882,Seattle,Off & Away,acquired,2009-12-01,2010-05-03,2010-10-21,0.42,0.89,0.08,1.86,3,2,3250000,3,WA,travel,1,0,1,0,0,1.0,1,4139,153,324,Service,Medium
Illinois,41.875555,-87.624421,Chicago,MyCabbage,closed,2010-03-01,2011-03-24,2012-08-23,1.06,2.48,0.0,1.31,1,2,950000,2,IL,mobile,1,0,1,0,0,3.0,1,4140,388,906,software,Low
New York,40.730646,-73.986614,New York,easy2comply (Dynasec),acquired,2002-01-01,2007-10-02,2007-10-02,5.75,5.75,8.01,9.84,4,1,1000000,2,NY,software,0,0,1,0,0,3.0,1,4141,2100,2100,Software,Low
California,37.785053000000005,-122.287295,Chicago,Braintree,acquired,2007-10-01,2011-06-29,2012-09-17,3.75,4.97,4.68,4.84,10,2,69000000,2,CA,software,0,0,1,1,0,3.5,1,4142,1367,1813,Software,High
California,37.7893215,-122.4013624,San Francisco,Serious Business,acquired,2008-02-01,2008-04-25,2008-04-25,0.23,0.23,0.92,3.96,9,1,4000000,2,CA,games_video,1,0,0,0,0,1.0,1,4143,84,84,Software,Medium
California,34.054935,-118.244476,Los Angeles,Giiv,closed,2009-01-01,2009-01-01,2010-06-01,0.0,1.41,1.41,1.41,1,2,3350000,1,CA,messaging,0,1,1,0,0,2.5,1,4145,0,516,Software,Medium
California,37.566009,-122.321646,San Mateo,Offermatic,closed,2010-02-01,2010-12-01,2011-03-09,0.83,1.1,1.1,1.16,6,2,4500000,2,CA,web,0,1,1,0,0,3.0,1,4146,303,401,Software,Medium
Utah,40.233844,-111.658534,Provo,Tipping Bucket,closed,2009-04-08,2009-04-01,2010-03-01,-0.02,0.9,1.06,1.06,4,2,72000,1,UT,enterprise,0,1,0,0,0,1.0,0,4147,-7,327,Software,Low
California,37.404788,-121.940842,San Jose,Infineta Systems,closed,2008-01-01,2010-05-07,2011-06-06,2.35,3.43,2.36,4.0,4,2,30000000,2,CA,software,0,0,1,1,0,2.5,1,4148,857,1252,Software,High
Massachusetts,42.504817,-71.195611,Burlington,Airwide Solutions,acquired,2004-01-01,2006-01-25,2006-01-25,2.07,2.07,-1.92,-1.92,3,1,25000000,1,MA,software,0,0,0,0,0,5.0,1,4149,755,755,Software,High
New York,40.759089,-73.987573,New York,SpinTheCam,closed,2010-02-12,2010-01-01,2010-01-01,-0.12,-0.12,0.05,0.05,1,1,150000,1,NY,games_video,0,1,0,0,0,1.0,0,4150,-42,-42,Software,Low
California,37.386778,-121.966277,Santa Clara,Atrica,closed,2000-01-01,2006-04-05,2006-04-05,6.26,6.26,6.01,6.01,10,1,22200000,1,CA,public_relations,0,0,0,0,0,9.0,1,4151,2286,2286,Service,High
Texas,32.997114,-96.676137,Richardson,Navini Networks,acquired,2000-01-01,2005-08-10,2006-06-21,5.61,6.47,4.0,4.0,3,2,30920000,1,TX,public_relations,1,0,0,0,0,3.5,1,4152,2048,2363,Service,High
California,37.629393,-122.424975,San Bruno,Adify,acquired,2006-08-08,2006-08-01,2007-04-18,-0.02,0.69,2.46,3.4,21,2,27000000,3,CA,advertising,0,0,1,1,0,3.0,1,4153,-7,253,Service,High
Utah,40.767013,-111.890431,Salt Lake City,People to Remember,closed,2010-04-01,2010-04-01,2010-04-01,0.0,0.0,0.0,0.0,2,1,25000,1,UT,ecommerce,0,1,0,0,0,1.0,0,4154,0,0,Software,Low
California,37.452992,-122.185098,Menlo Park,Center'd,closed,2006-01-01,2007-02-01,2011-05-03,1.08,5.34,-0.62,4.61,8,5,10400000,2,CA,web,1,1,1,0,0,1.75,1,4155,396,1948,Software,Medium
Illinois,41.940611,-87.835972,Chicago,NeuroTherapeutics Pharma,closed,2006-01-01,2010-05-20,2011-12-15,4.38,5.96,5.5,5.5,5,2,55000000,1,IL,biotech,1,0,0,1,0,4.0,1,4156,1600,2174,software,High
California,37.32052,-121.948399,San Jose,BlueLithium,acquired,2004-01-01,2005-02-01,2005-02-01,1.09,1.09,5.1,7.39,15,1,11500000,2,CA,advertising,0,0,1,0,0,2.0,1,4157,397,397,Service,High
California,37.814202,-122.477959,Menlo Park,Syncplicity,acquired,2008-11-03,2008-10-31,2008-10-31,-0.01,-0.01,2.97,3.7,12,1,2350000,3,CA,enterprise,0,0,1,0,0,2.0,1,4158,-3,-3,Software,Medium
New Jersey,40.728158,-74.077642,Jersey City,Quidsi,acquired,2005-01-01,2006-09-01,2010-04-20,1.67,5.3,5.84,8.35,27,6,78500000,3,NJ,ecommerce,0,0,1,1,1,3.4,1,4159,608,1935,Software,High
Massachusetts,42.387597,-71.099497,Somerville,Loudcaster,closed,2009-08-01,2009-08-01,2010-03-01,0.0,0.58,0.0,0.0,1,2,53000,1,MA,web,0,1,0,0,0,1.0,1,4160,0,212,Software,Low
California,40.234451,-111.658656,San Francisco,Zinch,acquired,2007-02-01,2007-12-01,2009-10-20,0.83,2.72,4.25,4.79,17,2,5000000,2,CA,web,1,1,0,0,0,1.0,1,4161,303,992,Software,Medium
California,37.427235,-122.145783,Palo Alto,Doostang,acquired,2005-06-01,2007-02-01,2010-02-05,1.67,4.68,2.92,6.12,14,3,5750000,4,CA,web,1,1,1,0,0,1.0,1,4162,610,1710,Software,Medium
Massachusetts,42.360253,-71.058291,Boston,AisleBuyer,acquired,2009-01-01,2010-11-23,2011-06-13,1.89,2.45,2.0,3.28,4,2,11500000,3,MA,mobile,0,0,0,0,0,1.0,1,4163,691,893,software,High
Massachusetts,42.360253,-71.058291,Boston,Locately,acquired,2008-07-01,2010-08-01,2012-07-07,2.08,4.02,2.5,2.5,5,5,1178000,1,MA,software,0,1,0,0,0,5.0,1,4165,761,1467,Software,Low
California,37.626166,-122.411025,San Bruno,SocialShield,acquired,2009-09-01,2010-10-05,2010-10-05,1.09,1.09,1.61,2.17,6,1,10000000,2,CA,software,0,0,1,0,0,7.0,1,4166,399,399,Software,Medium
California,37.406914,-122.09037,Mountain View,Clever Sense,acquired,2008-04-11,2010-06-17,2011-08-01,2.18,3.31,2.73,3.54,6,2,2000000,2,CA,web,1,0,1,0,0,1.5,1,4167,797,1207,Software,Low
California,37.388869,-122.072353,Mountain View,TouristEye,acquired,2010-02-01,2010-02-01,2012-11-06,0.0,2.76,1.16,1.16,4,3,475000,1,CA,travel,0,1,0,0,0,4.0,0,4168,0,1009,Service,Low
California,39.78373,-100.445882,Pleasanton,QuantaLife,acquired,2008-01-01,2010-12-13,2011-07-22,2.95,3.56,0.0,0.0,3,2,20757182,1,CA,biotech,0,0,0,1,0,1.0,1,4169,1077,1298,software,High
California,37.406914,-122.09037,Mountain View,Skyrider,closed,2003-01-01,2006-10-23,2008-03-05,3.81,5.18,1.75,3.59,2,2,17000000,2,CA,software,1,0,0,0,1,3.0,1,4170,1391,1890,Software,High
California,37.779281,-122.419236,San Francisco,Opzi,closed,2010-05-01,2010-01-01,2010-09-01,-0.33,0.34,0.41,0.87,5,2,1015000,2,CA,games_video,0,1,0,0,0,5.0,1,4171,-120,123,Software,Low
New York,40.730646,-73.986614,New York,SinglePlatform,acquired,2010-01-01,2010-09-29,2011-08-01,0.74,1.58,1.28,3.0,10,3,4575000,3,NY,web,0,1,1,0,0,5.0,1,4172,271,577,Software,Medium
Washington,47.579208,-122.155668,Bellevue,Zango,closed,1999-01-01,2004-03-01,2006-06-01,5.17,7.42,7.52,10.79,12,2,40000000,2,WA,games_video,0,0,1,0,0,1.0,0,4173,1886,2708,Software,High
California,37.440682,-122.123103,Palo Alto,Network Chemistry,closed,2002-01-01,2005-04-14,2005-04-14,3.28,3.28,4.0,4.0,6,1,6000000,1,CA,software,0,0,1,0,0,2.0,1,4174,1199,1199,Software,Medium
California,33.685697,-117.825982,Irvine,PayDivvy,acquired,2009-03-06,2009-01-15,2012-04-27,-0.14,3.15,-2.09,4.41,3,3,1310000,4,CA,social,0,1,0,0,0,1.0,0,4175,-50,1148,Software,Low
California,34.018275,-118.495025,Santa Monica,Docstoc,acquired,2007-08-01,2007-11-01,2008-04-28,0.25,0.74,4.21,6.35,22,2,4000000,4,CA,web,0,0,1,1,0,3.0,1,4177,92,271,Software,Medium
New York,40.730646,-73.986614,New York,XGraph,acquired,2008-10-01,2010-07-07,2010-07-07,1.76,1.76,0.0,3.08,5,1,3750000,2,NY,analytics,0,0,1,0,0,1.0,1,4178,644,644,Software,Medium
California,37.3965713,-122.0836937,Mountain View,Nimbula,acquired,2008-01-01,2010-06-23,2010-08-23,2.48,2.64,3.42,5.2,8,2,20750000,3,CA,enterprise,0,0,1,1,0,2.0,1,4179,904,965,Software,High
Massachusetts,42.372912,-71.118999,Cambridge,Vlingo,acquired,2006-06-01,2006-12-01,2009-09-16,0.5,3.3,2.07,7.0,18,3,26500000,4,MA,mobile,1,0,1,1,0,2.0,1,4180,183,1203,software,High
California,37.5783263,-122.3485679,Burlingame,OpenFeint,acquired,2008-01-01,2010-10-21,2010-10-21,2.81,2.81,3.0,4.65,6,1,3000000,2,CA,games_video,1,0,0,0,0,1.0,1,4181,1024,1024,Software,Medium
California,37.779281,-122.419236,San Francisco,Storify,acquired,2009-12-11,2009-07-01,2011-02-03,-0.45,1.15,3.06,3.75,14,3,2023000,2,CA,web,0,1,1,0,0,1.33,1,4182,-163,419,Software,Low
California,37.779281,-122.419236,San Francisco,1000memories,acquired,2010-07-01,2010-01-01,2011-02-16,-0.5,0.63,0.59,3.01,8,2,2535000,2,CA,web,0,1,1,0,0,5.0,1,4183,-181,230,Software,Medium
California,37.09024,-95.712891,San Francisco,DotBlu,closed,2007-01-01,2007-01-01,2008-12-16,0.0,1.96,2.81,2.86,3,2,2250000,2,CA,web,0,1,1,0,0,2.5,1,4184,0,715,Software,Medium
California,38.057107,-122.513742,San Rafael,ClairMail,acquired,2004-01-01,2005-08-24,2010-10-04,1.65,6.76,5.61,7.36,25,3,34100000,3,CA,finance,0,0,1,1,0,3.5,1,4186,601,2468,Service,High
Texas,30.280147999999997,-97.749908,Austin,Hurricane Party,closed,2010-05-01,2010-05-01,2010-05-01,0.0,0.0,0.27,0.86,5,1,20000,2,TX,mobile,0,1,0,0,0,1.0,0,4187,0,0,software,Low
California,37.775228000000006,-122.39963,San Francisco,Simple Star,acquired,2001-01-01,2003-08-01,2005-08-10,2.58,4.61,0.58,10.22,3,2,7100000,3,CA,web,0,1,1,0,0,1.5,1,4188,942,1682,Software,Medium
New York,40.750519,-73.993494,New York,Panvidea,acquired,2007-01-01,2010-03-19,2010-03-19,3.21,3.21,3.0,4.62,5,1,2700000,2,NY,games_video,0,0,1,0,0,2.0,1,4190,1173,1173,Software,Medium
Texas,30.280147999999997,-97.749908,Austin,MapMyFitness,acquired,2007-02-08,2007-01-01,2013-06-19,-0.1,6.36,5.48,6.77,13,5,23500000,3,TX,health,1,0,1,1,1,1.75,1,4191,-38,2323,Service,High
New York,40.750519,-73.993494,New York,Fondu,acquired,2010-02-01,2011-11-01,2011-11-01,1.75,1.75,1.0,2.11,4,1,575000,2,NY,web,0,1,0,0,0,6.0,0,4192,638,638,Software,Low
California,37.4049731,-122.0323525,Sunnyvale,Efficient Frontier,acquired,2002-01-01,2006-08-31,2006-08-31,4.67,4.67,8.74,10.22,25,1,6000000,4,CA,advertising,0,0,0,0,1,3.0,1,4194,1703,1703,Service,Medium
California,37.524421999999994,-122.265869,Belmont,sezmi,acquired,2007-01-01,2007-08-01,2011-11-07,0.58,4.85,0.91,5.42,10,5,78573646,4,CA,games_video,0,0,1,1,1,4.33,1,4195,212,1771,Software,High
California,37.409147,-122.01546299999998,Sunnyvale,VirtualLogix,acquired,2002-01-01,2004-01-01,2010-01-12,2.0,8.04,6.59,6.59,9,4,29288979,1,CA,software,1,0,1,1,1,2.67,1,4196,730,2933,Software,High
Massachusetts,42.471720399999995,-71.26214350000001,Lexington,Coradiant,acquired,2000-01-01,2005-08-22,2005-08-22,5.64,5.64,8.01,11.33,9,1,12700000,2,MA,public_relations,0,0,0,0,0,4.0,1,4197,2060,2060,Service,High
California,37.534538,-122.252466,Redwood City,PacketHop,closed,2002-01-01,2005-08-08,2005-08-08,3.6,3.6,3.0,3.0,2,1,10000000,1,CA,public_relations,0,0,0,0,1,4.0,1,4198,1315,1315,Service,Medium
California,37.779281,-122.419236,San Francisco,AdGrok,acquired,2010-05-01,2010-05-01,2011-03-07,0.0,0.85,0.09,2.96,3,2,470000,3,CA,advertising,0,1,0,0,0,2.5,1,4199,0,310,Service,Low
California,37.793147999999995,-122.402567,San Francisco,Wesabe,closed,2005-12-01,2007-02-01,2007-06-01,1.17,1.5,0.08,5.39,3,2,4700000,4,CA,web,0,1,1,0,0,1.5,1,4200,427,547,Software,Medium
New York,40.650104,-73.94958199999999,Brooklyn,MakerBot,acquired,2009-01-01,2011-08-23,2011-08-23,2.64,2.64,4.1,4.93,6,1,10000000,2,NY,hardware,1,0,0,0,0,6.0,1,4201,964,964,Hardware,Medium
California,34.048857,-118.251343,El Segundo,Sometrics,acquired,2007-09-01,2008-05-14,2009-10-16,0.7,2.13,2.4,4.05,10,3,5550000,4,CA,games_video,0,0,1,1,0,3.0,1,4202,256,776,Software,Medium
California,37.78699829999999,-122.400893,San Francisco,Kima Labs,acquired,2010-01-01,2010-08-01,2010-08-01,0.58,0.58,0.0,2.13,3,1,770000,3,CA,mobile,0,1,0,0,0,6.0,1,4203,212,212,software,Low
Texas,30.409765000000004,-97.75101,Austin,Smooth-Stone,closed,2008-01-01,2010-08-16,2010-08-16,2.62,2.62,2.87,4.3,1,1,48000000,3,TX,cleantech,1,0,0,0,0,5.0,1,4204,958,958,Business,High
Illinois,41.800255,-88.149362,Naperville,Cartavi,acquired,2009-01-01,2012-11-13,2012-11-13,3.87,3.87,3.83,4.09,7,1,1226270,2,IL,enterprise,0,1,0,0,0,1.0,1,4205,1412,1412,Software,Low
California,37.391642,-122.09393500000002,Mountain View,Runa,acquired,2009-01-01,2010-08-16,2012-11-02,1.62,3.84,2.0,4.75,11,2,10200000,2,CA,advertising,1,1,0,0,0,1.5,1,4206,592,1401,Service,Medium
California,37.316653,-122.05074,Cupertino,Parascale,acquired,2005-01-01,2008-06-23,2008-06-23,3.48,3.48,3.68,5.63,8,1,11370000,3,CA,network_hosting,0,0,1,0,0,2.0,1,4207,1269,1269,Software,Medium
New York,40.750519,-73.993494,New York,Exclusively.in,acquired,2010-01-01,2010-11-03,2011-05-29,0.84,1.41,1.64,1.64,4,2,18800000,1,NY,fashion,0,0,1,1,0,2.5,1,4208,306,513,Business,High
New York,40.730646,-73.986614,New York,GroupMe,acquired,2010-05-01,2010-08-25,2011-01-04,0.32,0.68,0.79,2.85,16,2,11450000,3,NY,messaging,0,1,0,1,0,8.5,1,4209,116,248,Software,High
Oregon,39.78373,-100.445882,Portland,AppFog,acquired,2010-08-01,2011-01-01,2011-08-10,0.42,1.02,0.77,2.17,10,2,9800000,4,OR,enterprise,0,0,1,1,0,4.5,1,4210,153,374,Software,Medium
Massachusetts,42.479262,-71.152277,Woburn,WAY Systems,acquired,2002-01-01,2005-10-03,2005-10-03,3.76,3.76,-1.0,8.67,2,1,22000000,3,MA,mobile,0,0,0,0,1,4.0,1,4211,1371,1371,software,High
Minnesota,44.912723,-93.499059,Minnetonka,Jobs2Web,acquired,2003-01-01,2004-01-01,2006-01-21,1.0,3.06,5.42,5.42,3,2,5550000,1,MN,web,0,1,1,0,0,1.0,1,4212,365,1116,Software,Medium
New York,40.650104,-73.94958199999999,Brooklyn,Wanderfly,acquired,2009-08-01,2009-08-01,2011-02-01,0.0,1.5,1.58,3.17,7,2,1400000,2,NY,travel,0,1,1,0,0,6.0,1,4213,0,549,Service,Low
California,37.785792,-122.405081,San Francisco,Transpera,acquired,2007-01-01,2007-07-23,2010-06-02,0.56,3.42,3.42,4.1,14,4,19540002,3,CA,mobile,1,0,1,1,1,4.33,1,4214,203,1248,software,High
New York,40.7394115,-73.9895748,New York,Fashism,closed,2009-01-01,2010-11-19,2010-11-19,1.88,1.88,1.66,3.02,5,1,1000000,3,NY,fashion,0,0,1,0,0,7.0,1,4215,687,687,Business,Low
California,37.391642,-122.09393500000002,Mountain View,Wander (f. YongoPal),closed,2010-01-01,2010-04-01,2011-01-01,0.25,1.0,1.16,1.16,3,5,185000,1,CA,mobile,1,1,0,0,0,2.0,1,4216,90,365,software,Low
California,37.5068854,-122.2475729,San Carlos,Aster Data Systems,acquired,2005-07-01,2005-11-01,2010-09-22,0.34,5.23,4.17,5.72,13,4,53000000,3,CA,analytics,0,1,1,1,1,4.5,1,4217,123,1909,Software,High
California,37.848641,-122.289498,Emeryville,Fliqz,acquired,2005-05-10,2006-01-01,2009-01-01,0.65,3.65,3.65,5.79,9,3,12200000,2,CA,games_video,0,0,1,1,1,2.0,1,4218,236,1332,Software,High
Pennsylvania,40.364273,-74.951278,New Hope,"MeetMe, Inc.",acquired,2005-04-01,2007-01-29,2008-07-29,1.83,3.33,3.27,7.63,16,2,17100000,4,PA,web,0,0,1,1,0,2.5,1,4219,668,1215,Software,High
Massachusetts,42.37564,-71.2358,Waltham,RippleFunction,closed,2010-03-01,2010-05-01,2010-05-01,0.17,0.17,0.59,0.59,3,1,20000,1,MA,advertising,0,1,0,0,0,1.0,0,4220,61,61,Service,Low
Massachusetts,42.49173,-71.28179499999999,Bedford,Sionex,closed,2001-01-01,2005-12-07,2005-12-07,4.93,4.93,0.0,0.0,2,1,12000000,1,MA,hardware,0,0,0,0,1,4.0,1,4221,1801,1801,Hardware,High
Massachusetts,42.363567,-71.091189,Cambridge,Sirtris Pharmaceuticals,acquired,2004-01-01,2004-01-01,2006-04-19,0.0,2.3,0.0,0.0,10,4,82000000,1,MA,biotech,0,0,1,1,1,4.33,1,4222,0,839,software,High
Florida,26.260146,-80.198088,Coconut Creek,UniversityLyfe,closed,2008-01-01,2008-07-01,2008-07-01,0.5,0.5,0.0,0.0,1,1,500000,1,FL,network_hosting,0,0,0,0,0,1.0,0,4223,182,182,Software,Low
New York,40.729839,-73.991781,New York,Qwiki,acquired,2009-10-01,2010-07-10,2011-03-31,0.77,1.5,-0.59,3.75,14,3,10500000,3,NY,photo_video,1,0,1,0,0,6.33,1,4224,282,546,Software,Medium
California,37.779281,-122.419236,San Francisco,OneTrueFan,acquired,2010-07-01,2010-09-01,2010-09-01,0.17,0.17,0.66,1.58,8,1,1200000,2,CA,web,0,1,0,0,0,7.0,1,4225,62,62,Software,Low
California,37.388869,-122.072353,Mountain View,Votizen,acquired,2009-03-19,2010-09-23,2012-02-24,1.52,2.94,2.64,3.82,6,2,2250000,2,CA,web,1,0,0,0,0,8.5,1,4226,553,1072,Software,Medium
New York,37.09024,-95.712891,New York,SpiralFrog,closed,2004-01-01,2006-01-01,2007-12-01,2.0,3.92,3.0,5.22,8,3,45000000,3,NY,games_video,0,0,1,0,0,1.0,0,4227,731,1430,Software,High
California,37.384756,-122.087712,Burlingame,Zecter,acquired,2007-06-01,2007-06-01,2009-12-14,0.0,2.54,3.77,5.92,9,3,2515000,3,CA,network_hosting,1,1,1,0,0,1.67,1,4228,0,927,Software,Medium
California,40.020102,-105.250512,San Francisco,Sidecar.me,closed,2010-05-01,2010-01-01,2011-02-28,-0.33,0.83,-0.25,0.83,4,2,5100000,3,CA,network_hosting,0,1,1,0,0,2.0,1,4229,-120,303,Software,Medium
Texas,30.269004,-97.740395,Austin,OtherInbox,acquired,2008-01-01,2008-01-01,2010-09-20,0.0,2.72,1.0,5.95,4,4,3800000,4,TX,messaging,0,1,1,0,0,4.75,1,4230,0,993,Software,Medium
California,37.573045,-122.2823,Foster City,Encentuate,acquired,2001-01-01,2005-03-22,2005-03-22,4.22,4.22,3.0,3.0,6,1,16000000,1,CA,software,0,0,0,1,0,3.0,1,4231,1541,1541,Software,High
New York,40.7908157,-73.9722939,New York,Tutorspree,closed,2010-09-01,2011-12-20,2013-02-18,1.3,2.47,0.0,2.47,3,2,1800000,2,NY,education,1,1,0,0,0,5.0,1,4232,475,901,Service,Low
New York,40.73901,-73.997259,New York,Savored,acquired,2010-01-01,2010-01-01,2011-01-10,0.0,1.02,2.01,2.73,12,2,3750000,2,NY,hospitality,0,1,1,0,0,4.0,1,4234,0,374,Service,Medium
Oregon,45.520247,-122.674195,Portland,Geoloqi,acquired,2010-04-20,2011-07-14,2011-07-14,1.23,1.23,2.39,2.55,10,1,350000,2,OR,enterprise,0,1,0,0,0,4.0,0,4235,450,450,Software,Low
Ohio,39.96226,-83.00070600000001,Columbus,Dormzy,closed,2010-05-01,2010-05-01,2010-05-01,0.0,0.0,0.0,0.0,2,1,250000,1,OH,ecommerce,0,1,0,0,0,1.0,0,4236,0,0,Software,Low
New York,40.730646,-73.986614,New York City,Hashable,closed,2010-01-01,2010-11-22,2010-11-22,0.89,0.89,1.33,2.53,15,1,4000000,2,NY,mobile,0,0,1,0,0,3.0,1,4237,325,325,software,Medium
California,37.779281,-122.419236,San Francisco,MoPub,acquired,2010-09-09,2010-09-01,2012-09-20,-0.02,2.03,2.32,3.16,11,4,18500000,3,CA,mobile,0,1,1,1,0,2.25,1,4238,-8,742,software,High
Washington,47.614422,-122.192337,Bellevue,MessageGate,closed,2001-01-01,2005-04-18,2005-04-18,4.3,4.3,5.0,5.0,3,1,5000000,1,WA,software,1,0,0,0,0,5.0,1,4239,1568,1568,Software,Medium
California,32.833501,-117.26162,La Jolla,Nettle,closed,2010-10-04,2011-08-11,2011-08-11,0.85,0.85,0.0,2.94,3,1,500000,3,CA,web,0,1,0,0,0,3.0,1,4240,311,311,Software,Low
Washington,39.78373,-100.445882,Seattle,Appature,acquired,2007-01-01,2009-12-07,2012-07-13,2.93,5.53,3.92,6.2,6,2,9600000,2,WA,enterprise,0,0,1,0,0,3.0,1,4241,1071,2020,Software,Medium
California,37.779281,-122.419236,San Francisco,Typekit,acquired,2008-01-01,2009-06-24,2010-10-04,1.48,2.76,2.75,5.33,8,2,2050000,2,CA,web,1,0,0,0,0,4.5,1,4242,540,1007,Software,Medium
California,34.050451,-118.437775,Los Angeles,Diversion,closed,2010-05-01,2010-10-18,2011-07-22,0.47,1.22,0.0,1.22,5,2,300000,2,CA,games_video,0,1,0,1,0,2.0,1,4243,170,447,Software,Low
California,37.390918,-122.080843,Mountain View,Skyfire Labs,acquired,2006-04-01,2007-06-01,2012-10-12,1.17,6.54,4.81,6.88,20,5,40800000,3,CA,enterprise,0,0,1,1,1,3.4,1,4245,426,2386,Software,High
California,33.133524,-117.254593,Carlsbad,Aptera,closed,2003-01-01,2008-07-25,2011-07-13,5.57,8.53,5.61,7.84,3,3,36300000,2,CA,automotive,1,0,0,0,1,1.5,1,4246,2032,3115,Service,High
California,37.662431,-121.874679,Pleasanton,Agistics,acquired,2005-01-01,2005-11-10,2005-11-10,0.86,0.86,1.0,1.0,4,1,2000000,1,CA,software,0,0,1,0,0,1.0,1,4247,313,313,Software,Low
California,37.424298,-122.139809,Palo Alto,CafeBots,closed,2010-01-01,2010-10-21,2010-10-21,0.8,0.8,0.0,1.41,5,1,5000000,2,CA,web,0,0,1,0,0,1.0,1,4248,293,293,Software,Medium
California,37.782101,-122.389519,San Francisco,Jambool,acquired,2006-08-01,2008-08-01,2009-08-17,2.0,3.05,3.58,5.48,9,2,6000000,2,CA,finance,0,0,1,1,0,2.5,1,4249,731,1112,Service,Medium
California,37.4233896,-122.08995120000002,Mountain View,Jajah,acquired,2005-01-01,2006-03-01,2009-03-01,1.16,4.16,3.0,8.92,19,4,33000000,4,CA,mobile,0,0,1,1,1,1.33,1,4250,424,1520,software,High
Massachusetts,42.360253,-71.058291,Boston,Localocracy,acquired,2009-01-01,2009-05-01,2011-02-04,0.33,2.09,1.33,2.75,4,3,172500,2,MA,web,0,1,0,0,0,1.0,0,4251,120,764,Software,Low
California,37.779281,-122.419236,San Francisco,Blue Buzz Network,closed,2006-01-01,2010-07-13,2010-07-13,4.53,4.53,5.53,5.53,1,1,1310000,1,CA,news,1,0,0,0,0,4.0,1,4254,1654,1654,Service,Low
Washington,39.78373,-100.445882,Seattle,Kiha Software,closed,2008-01-01,2010-10-28,2010-10-28,2.82,2.82,0.0,2.82,1,1,20000000,2,WA,software,0,0,1,0,0,1.0,0,4255,1031,1031,Software,High
Washington,47.603832,-122.330062,Seattle,World Blender,closed,2010-01-01,2010-11-01,2010-11-01,0.83,0.83,0.67,0.67,3,1,12000,1,WA,games_video,0,1,0,0,0,1.0,1,4256,304,304,Software,Low
California,37.388869,-122.072353,Mountain View,Cloudmeter,acquired,2007-04-01,2012-04-27,2012-04-27,5.08,5.08,4.76,6.05,7,1,5000000,2,CA,enterprise,0,0,1,0,0,1.0,0,4257,1853,1853,Software,Medium
California,37.445586,-122.161929,Palo Alto,Particle Code,acquired,2010-05-01,2010-06-30,2010-06-30,0.16,0.16,1.48,1.48,3,1,3000000,1,CA,software,1,0,0,0,0,1.0,0,4258,60,60,Software,Medium
California,34.01695,-118.451933,Santa Monica,TeleFlip,closed,2004-01-01,2006-08-01,2008-01-01,2.58,4.0,2.03,4.62,5,2,4900000,3,CA,mobile,0,0,1,1,0,1.0,1,4259,943,1461,software,Medium
Kentucky,38.046407,-84.497039,Lexington,AwesomeTouch,acquired,2010-07-26,2010-04-30,2011-06-01,-0.24,0.85,0.9,0.9,3,4,59700,1,KY,software,0,1,0,0,0,1.0,1,4260,-87,310,Software,Low
Washington,47.603832,-122.330062,Seattle,Thinkfuse,acquired,2010-08-01,2010-11-01,2011-03-24,0.25,0.64,1.27,1.75,6,2,532000,2,WA,enterprise,0,1,0,0,0,5.0,1,4261,92,235,Software,Low
Massachusetts,42.358822,-71.104329,Cambridge,LocaModa,acquired,2007-01-01,2007-09-18,2011-03-25,0.71,4.23,2.67,3.06,8,3,7900000,2,MA,advertising,0,0,1,0,0,2.0,0,4262,260,1544,Service,Medium
California,38.223032,-122.261642,Napa,Inertia Beverage Group,closed,2004-10-22,2007-04-02,2012-01-01,2.44,7.2,-2.06,6.88,6,3,25500100,3,CA,software,1,0,0,1,0,2.5,1,4263,892,2627,Software,High
California,32.721834,-117.161797,San Diego,Flud,closed,2010-10-01,2011-04-13,2012-09-01,0.53,1.92,2.25,2.98,12,3,2100000,2,CA,enterprise,1,1,0,0,0,4.0,1,4264,194,701,Software,Medium
California,37.41924,-122.208414,Menlo Park,Gamook,closed,2008-01-01,2008-03-16,2008-03-16,0.21,0.21,0.16,0.16,1,1,1500000,1,CA,games_video,0,0,1,0,0,1.0,1,4265,75,75,Software,Low
Colorado,40.011355,-105.274166,Boulder,Standing Cloud,acquired,2009-01-01,2009-01-01,2012-06-21,0.0,3.47,0.0,1.91,4,5,10000003,2,CO,enterprise,1,0,1,1,0,1.5,1,4266,0,1267,Software,Medium
California,33.831671,-118.315766,Torrance,DotSpots,closed,2007-09-01,2007-09-01,2007-09-01,0.0,0.0,0.33,3.22,5,1,300000,4,CA,public_relations,0,1,0,0,0,2.0,0,4267,0,0,Service,Low
California,37.779281,-122.419236,San Francisco,Lionside,acquired,2009-01-01,2010-11-19,2010-11-19,1.88,1.88,1.33,2.95,6,1,1600000,2,CA,games_video,0,0,1,0,0,3.0,1,4268,687,687,Software,Low
California,37.4210225,-122.1377411,Palo Alto,GoPollGo,acquired,2011-01-01,2011-07-27,2011-07-27,0.57,0.57,0.57,2.35,5,1,425000,3,CA,web,0,1,0,0,0,2.0,1,4269,207,207,Software,Low
Virginia,39.001619,-77.403201,Sterling,ZipList,acquired,2010-01-01,2010-01-01,2010-11-24,0.0,0.9,2.0,2.68,9,2,4500000,2,VA,web,0,0,1,1,0,2.0,1,4270,0,327,Software,Medium
New York,40.728425,-73.999882,New York,Jumo,acquired,2010-02-01,2010-11-01,2010-11-01,0.75,0.75,1.03,2.5,5,1,3500000,2,NY,social,0,0,0,0,0,2.0,1,4271,273,273,Software,Medium
California,37.796164000000005,-122.420903,San Francisco,StartForce,acquired,2006-04-01,2007-09-01,2008-11-08,1.42,2.61,1.75,2.22,5,2,6000000,2,CA,web,0,0,1,1,0,2.0,1,4273,518,952,Software,Medium
California,37.36883,-122.03635,Sunnyvale,PasswordBank,acquired,2008-01-01,2008-03-01,2009-07-01,0.16,1.5,3.16,5.55,6,2,3500000,2,CA,software,0,1,1,0,0,1.0,0,4274,60,547,Software,Medium
Maryland,39.116333,-77.18130699999999,Bethesda,Intelliworks,acquired,2004-12-01,2005-02-14,2009-04-24,0.21,4.4,3.42,3.42,6,4,22250000,1,MD,enterprise,0,0,1,1,1,2.5,1,4275,75,1605,Software,High
California,37.835676,-122.263548,Oakland,Slipstream,closed,2010-06-01,2010-08-31,2010-08-31,0.25,0.25,0.0,0.78,1,1,20000,2,CA,web,0,1,0,0,0,1.0,0,4276,91,91,Software,Low
California,37.558245,-122.302654,San Mateo,Yield Software,acquired,2007-01-01,2008-06-04,2008-06-04,1.42,1.42,1.0,1.0,7,1,6000000,1,CA,advertising,0,0,0,1,0,2.0,1,4278,520,520,Service,Medium
New York,40.73901,-73.997259,NY,Lifestander,closed,2010-09-01,2010-10-02,2010-10-02,0.08,0.08,0.0,0.0,1,1,31000,1,NY,web,0,1,0,0,0,2.0,0,4279,31,31,Software,Low
Massachusetts,42.3729,-71.24847199999999,Waltham,Quattro Wireless,acquired,2006-10-01,2007-05-01,2009-03-17,0.58,2.46,2.5,5.09,17,3,28300000,4,MA,advertising,0,0,1,1,1,1.67,1,4280,212,898,Service,High
California,37.779281,-122.419236,San Francisco,Weatherista,closed,2010-08-16,2010-08-15,2010-08-15,-0.0,-0.0,0.04,0.04,2,1,500000,1,CA,web,0,1,0,0,0,1.0,0,4281,-1,-1,Software,Low
New York,40.7445343,-73.98740079999999,New York,BBE,acquired,2004-04-01,2008-01-01,2008-01-01,3.75,3.75,5.54,6.76,7,1,10000000,3,NY,advertising,0,0,1,0,0,1.0,0,4282,1370,1370,Service,Medium
California,37.444332,-122.161018,Palo Alto,Tapulous,acquired,2008-02-01,2008-01-01,2008-12-08,-0.08,0.85,1.58,2.88,13,4,2800000,3,CA,mobile,1,0,0,0,0,2.67,1,4283,-31,311,software,Medium
California,34.019657,-118.487549,Santa Monica,ServiceMesh,acquired,2008-01-01,2011-11-16,2011-11-16,3.88,3.88,3.0,5.83,9,1,15000000,2,CA,enterprise,1,0,0,0,0,1.0,1,4284,1415,1415,Software,High
California,37.2399312,-121.9609305,Los Gatos,Tribe,acquired,2003-01-01,2006-02-24,2006-02-24,3.15,3.15,0.0,6.61,6,1,3050000,3,CA,web,0,0,0,1,0,3.0,1,4285,1150,1150,Software,Medium
New York,40.750519,-73.993494,New York,Visual Revenue,acquired,2010-03-01,2011-07-28,2012-01-26,1.41,1.91,-0.16,1.84,5,2,2212000,2,NY,analytics,0,1,1,0,0,3.0,1,4287,514,696,Software,Medium
Illinois,42.048203,-88.03156899999999,Itasca,Accertify,acquired,2007-03-01,2008-06-03,2010-05-04,1.26,3.18,2.84,2.84,6,2,4700000,1,IL,security,1,0,1,0,0,1.0,1,4288,460,1160,Service,Medium
California,34.098242,-118.35697,Los Angeles,Bevvy,closed,2011-01-08,2011-05-20,2011-05-20,0.36,0.36,0.38,0.54,9,1,100000,3,CA,ecommerce,0,1,0,0,0,1.0,0,4289,132,132,Software,Low
California,37.78192670000001,-122.3932389,San Francisco,Socialcast,acquired,2005-06-01,2009-04-06,2010-03-31,3.85,4.83,4.96,7.26,18,3,9400000,3,CA,enterprise,0,1,1,1,0,1.5,1,4290,1405,1764,Software,Medium
California,32.901049,-117.192656,San Diego,Plixi,acquired,2009-03-18,2010-03-30,2010-03-30,1.03,1.03,1.46,2.21,5,1,2600000,2,CA,web,0,0,1,0,0,4.0,1,4291,377,377,Software,Medium
California,37.779281,-122.419236,San Francisco,Inhale Digital,closed,2010-08-01,2010-08-01,2012-04-01,0.0,1.67,0.04,0.04,2,2,1300000,1,CA,games_video,1,1,0,0,0,1.0,1,4292,0,609,Software,Low
California,37.779281,-122.419236,San Francisco,Servio,acquired,2009-04-30,2010-08-13,2013-03-06,1.29,3.85,1.39,4.24,11,2,9356180,4,CA,analytics,0,0,1,1,0,1.5,1,4293,470,1406,Software,Medium
California,37.4027811,-122.1441615,Palo Alto,Hyperic,acquired,2004-01-01,2006-05-10,2007-06-05,2.36,3.43,3.0,5.34,4,2,9900000,2,CA,software,0,0,1,1,0,2.0,1,4294,860,1251,Software,Medium
California,42.35888,-71.05682,San Diego,Bandsintown,acquired,2007-01-01,2009-04-01,2010-01-01,2.25,3.0,4.67,6.7,3,3,375000,3,CA,music,0,1,0,0,0,1.0,0,4295,821,1096,Service,Low
California,37.779281,-122.419236,San Francisco,GreenGoose!,closed,2010-01-01,2011-01-01,2011-02-23,1.0,1.15,0.0,2.0,1,2,1200000,3,CA,hardware,0,1,0,0,0,1.5,1,4296,365,418,Hardware,Low
California,37.433414,-122.128772,Palo Alto,SnapTell,acquired,2006-01-01,2007-06-07,2007-06-07,1.43,1.43,2.35,3.46,5,1,4000000,3,CA,software,0,0,1,0,0,4.0,1,4297,522,522,Software,Medium
California,37.787249,-122.3990501,San Francisco,Pipewise,closed,2010-09-01,2011-02-17,2011-02-17,0.46,0.46,1.28,1.82,16,1,3500000,2,CA,enterprise,0,0,1,0,0,5.0,1,4299,169,169,Software,Medium
California,37.779281,-122.419236,San Francisco,Appstores.com,acquired,2010-05-24,2010-08-01,2011-08-01,0.19,1.19,1.36,1.66,6,2,1155000,2,CA,software,0,1,0,0,0,9.5,1,4300,69,434,Software,Low
Colorado,39.977763,-105.13193,Louisville,NexGen Storage,acquired,2010-01-01,2011-02-07,2011-11-15,1.1,1.87,2.65,2.7,14,2,12010000,2,CO,software,1,0,1,0,0,2.5,1,4301,402,683,Software,High
Colorado,40.011355,-105.274166,Boulder,Precog,acquired,2010-10-25,2011-08-01,2012-05-24,0.77,1.58,1.35,1.68,5,3,2768000,2,CO,analytics,0,1,1,0,0,3.0,1,4302,280,577,Software,Medium
Virginia,38.890838,-77.086146,Arlington,GeoIQ,acquired,2005-07-07,2005-07-01,2010-08-26,-0.02,5.14,3.62,5.13,8,3,11500000,3,VA,analytics,0,0,1,1,1,3.0,1,4303,-6,1876,Software,High
California,34.019657,-118.487549,Santa Monica,BlockBeacon,acquired,2012-01-01,2012-06-21,2012-06-21,0.47,0.47,0.0,0.92,12,1,500000,2,CA,web,0,1,0,0,0,1.0,0,4304,172,172,Software,Low
California,34.147645000000004,-118.144478,Pasadena,Loud3r,closed,2007-09-01,2009-06-05,2009-12-28,1.76,2.33,0.88,3.03,12,2,3529175,3,CA,web,1,0,1,0,0,1.0,0,4305,643,849,Software,Medium
Massachusetts,42.358956,-71.054776,Boston,Swaptree Inc.,closed,2010-01-01,2006-07-01,2010-05-25,-3.51,0.39,-0.94,0.08,5,3,11300000,2,MA,web,1,0,0,1,1,1.0,1,4307,-1280,144,Software,Medium
California,37.510805,-122.203744,Mountain View,SpikeSource,acquired,2004-01-01,2005-05-01,2008-04-07,1.33,4.27,4.33,4.33,1,4,68000000,1,CA,software,0,0,1,1,1,3.5,1,4308,486,1558,Software,High
Massachusetts,42.504817,-71.195611,Burlington,DynamicOps,acquired,2008-01-01,2011-02-28,2011-09-09,3.16,3.69,3.0,4.5,6,2,16300000,2,MA,enterprise,0,0,0,1,0,2.0,1,4309,1154,1347,Software,High
Ohio,39.099909,-84.504243,Cincinnati,Define My Style,closed,2010-02-01,2011-12-02,2011-12-02,1.83,1.83,1.75,1.75,4,1,690000,1,OH,web,0,1,0,0,0,3.0,1,4310,669,669,Software,Low
Nebraska,41.271505700000006,-95.9328698,Omaha,MindMixer,acquired,2010-01-10,2011-03-01,2013-05-01,1.14,3.31,1.06,3.31,3,3,6200000,2,NE,social,0,1,1,1,0,1.67,0,4311,415,1207,Software,Medium
New York,40.643438,-73.886452,New York,Daylife,acquired,2006-04-01,2007-06-01,2009-06-16,1.17,3.21,0.75,2.81,16,2,12300000,3,NY,enterprise,0,0,0,1,1,1.5,1,4312,426,1172,Software,High
California,37.779281,-122.419236,San Francisco,Astrid,acquired,2008-01-01,2012-04-13,2012-04-13,4.28,4.28,2.42,5.52,7,1,400000,2,CA,social,0,1,0,0,0,3.0,1,4313,1564,1564,Software,Low
New York,40.728425,-73.999882,New York,StyleTrek,closed,2010-02-01,2010-02-01,2010-02-01,0.0,0.0,0.33,0.33,2,1,1500000,1,NY,fashion,0,0,0,0,0,6.0,1,4314,0,0,Business,Low
New York,40.650104,-73.94958199999999,Brooklyn,Loosecubes,closed,2010-01-01,2010-01-01,2012-06-05,0.0,2.43,2.43,2.5,8,2,9030000,2,NY,web,0,1,1,0,0,4.0,1,4315,0,886,Software,Medium
California,34.054935,-118.244476,Los Angeles,nprogress,closed,2010-02-01,2011-12-01,2011-12-01,1.83,1.83,1.16,1.16,4,1,1700000,2,CA,social,0,0,0,0,0,7.0,1,4316,668,668,Software,Low
New York,40.74406,-74.004592,New York,Behance,acquired,2006-02-01,2012-05-14,2012-05-14,6.28,6.28,5.75,7.31,15,1,6500000,3,NY,web,0,0,1,0,0,8.0,1,4317,2294,2294,Software,Medium
Pennsylvania,40.039353000000006,-76.307448,Lancaster,FlyCast,closed,2006-01-01,2008-01-01,2009-07-22,2.0,3.56,4.57,4.57,3,2,2100000,1,PA,mobile,1,1,0,0,0,2.0,0,4318,730,1298,software,Medium
California,38.021489,-122.519998,San Rafael,Zep Solar,acquired,2009-01-01,2013-11-20,2013-11-20,4.89,4.89,3.29,3.29,8,1,10571182,1,CA,cleantech,0,0,1,0,0,1.0,0,4319,1784,1784,Business,Medium
California,37.441537,-122.158332,Palo Alto,Color Labs Inc.,closed,2010-08-01,2010-08-01,2011-03-23,0.0,0.64,1.58,3.07,11,2,41000000,2,CA,other,0,0,1,1,0,1.5,1,4320,0,234,Business,High
California,37.465645,-121.932202,Fremont,GrandCentral,acquired,2006-04-01,2006-01-01,2006-01-01,-0.25,-0.25,-0.41,7.45,9,1,4000000,4,CA,mobile,0,0,1,0,0,1.0,0,4321,-90,-90,software,Medium
North Carolina,35.79181,-78.74123,Raleigh,rPath,closed,2005-04-01,2006-01-24,2010-10-22,0.82,5.56,4.56,7.99,8,4,32500000,3,NC,enterprise,0,0,1,1,1,2.75,1,4322,298,2030,Software,High
California,37.779624,-122.391236,San Francisco,imeem,acquired,2003-11-01,2004-09-01,2009-08-01,0.84,5.75,4.98,7.03,13,5,24750000,3,CA,music,1,1,1,1,0,2.4,1,4323,305,2100,Service,High
New York,40.730646,-73.986614,New York,Snapette,acquired,2011-01-01,2011-10-12,2011-10-12,0.78,0.78,0.34,2.49,5,1,1500000,3,NY,fashion,0,0,0,0,0,1.0,0,4325,284,284,Business,Low
California,37.453687,-122.228595,San Mateo,Attributor,acquired,2005-10-01,2006-01-28,2010-06-10,0.33,4.69,3.25,4.69,13,4,25200000,3,CA,software,0,0,1,1,1,4.0,1,4327,119,1713,Software,High
New York,40.73901,-73.997259,New York,Instinctiv,acquired,2007-08-01,2008-06-01,2011-05-05,0.84,3.76,0.9,0.9,5,3,1420698,1,NY,mobile,1,1,0,0,0,2.0,1,4328,305,1373,software,Low
Virginia,38.878040000000006,-77.436151,Chantilly,Fortisphere,closed,2006-01-01,2007-11-19,2007-11-19,1.88,1.88,1.0,1.0,2,1,10000000,1,VA,software,0,0,1,0,0,2.0,1,4329,687,687,Software,Medium
California,37.424298,-122.139809,Palo Alto,Onavo,acquired,2010-01-01,2011-05-01,2012-01-24,1.33,2.06,3.25,3.78,11,2,13000000,2,CA,mobile,0,0,1,1,0,3.0,1,4330,485,753,software,High
California,37.775196,-122.419204,San Francisco,SocialMedia.com,acquired,2007-01-01,2007-09-01,2009-01-29,0.67,2.08,3.03,4.29,23,3,10000000,3,CA,advertising,0,1,1,1,0,2.67,1,4331,243,759,Service,Medium
California,37.36883,-122.03635,Sunnyvale,Bitzer Mobile,acquired,2010-01-01,2011-12-13,2013-01-16,1.95,3.04,2.5,3.87,10,2,6333407,2,CA,software,0,0,1,0,0,2.0,0,4334,711,1111,Software,Medium
California,37.779281,-122.419236,San Francisco,Giftiki,acquired,2009-06-01,2010-08-31,2011-04-20,1.25,1.88,2.25,3.22,4,2,1020000,2,CA,social,0,1,1,0,0,2.5,1,4335,456,688,Software,Low
Oregon,45.520247,-122.674195,Portland,CrowdCompass,acquired,2009-04-01,2011-12-11,2011-12-11,2.7,2.7,3.22,4.0,5,1,1300000,2,OR,mobile,0,0,1,0,0,1.0,0,4336,984,984,software,Low
Texas,30.280147999999997,-97.749908,Austin,CopperEgg Corporation,acquired,2010-06-01,2011-07-12,2012-05-08,1.11,1.94,0.0,1.11,3,2,4100000,2,TX,enterprise,0,0,1,0,0,1.5,1,4337,406,707,Software,Medium
California,37.779281,-122.419236,San Francisco,Solmentum,closed,2009-07-01,2009-07-01,2009-07-01,0.0,0.0,1.25,1.25,4,1,325000,1,CA,cleantech,0,1,0,0,0,4.0,0,4338,0,0,Business,Low
Pennsylvania,40.4282777,-79.971877,Pittsburgh,Sonya Labs,closed,2008-06-01,2008-06-01,2008-06-01,0.0,0.0,-0.42,-0.42,2,1,25000,1,PA,web,0,1,0,0,0,1.0,0,4339,0,0,Software,Low
Washington,47.184901,-122.292141,Puyallup,Million Dollar Earth,closed,2011-03-01,2011-03-07,2011-03-07,0.02,0.02,0.0,0.0,1,1,30000,1,WA,advertising,0,1,0,0,0,2.0,0,4340,6,6,Service,Low
Washington DC,38.894955,-77.03664599999999,Washington,NationalField,acquired,2009-06-12,2012-10-30,2012-10-30,3.39,3.39,-0.03,4.43,4,1,1500000,2,DC,enterprise,1,0,0,0,0,2.0,0,4341,1236,1236,Software,Low
Utah,40.357978,-111.777531,Pleasant Grove,Mozy,acquired,2005-01-01,2005-05-01,2005-05-01,0.33,0.33,3.0,8.48,5,1,1900000,4,UT,public_relations,0,0,1,0,0,3.0,1,4342,120,120,Service,Low
New York,40.750519,-73.993494,New York,Sonar.me,closed,2010-01-01,2012-01-01,2012-01-01,2.0,2.0,1.03,3.16,8,1,200000,3,NY,mobile,0,1,0,0,0,2.0,1,4343,730,730,software,Low
California,37.779281,-122.419236,San Francisco,WooMe,acquired,2000-12-01,2007-04-01,2008-06-12,6.33,7.53,7.17,10.93,8,3,17400000,3,CA,web,0,0,1,1,0,2.33,1,4344,2312,2750,Software,High
California,33.609834,-117.928553,Newport Beach,CatchFree,closed,2010-09-01,2011-01-06,2011-01-06,0.35,0.35,1.58,1.79,9,1,5500000,2,CA,web,0,0,1,0,0,6.0,1,4345,127,127,Software,Medium
California,37.445586,-122.161929,Palo Alto,Viewdle,acquired,2006-01-01,2008-03-01,2010-10-05,2.16,4.76,4.0,6.75,13,3,12000000,2,CA,analytics,1,0,1,1,0,2.0,1,4346,790,1738,Software,High
California,37.779281,-122.419236,San Francisco,Plizy,closed,2010-09-01,2011-05-19,2012-12-13,0.71,2.28,1.95,2.28,5,2,5200000,2,CA,photo_video,1,0,1,0,0,1.0,1,4347,260,834,Software,Medium
Massachusetts,42.362359999999995,-71.099692,Cambridge,MetaCarta,acquired,2001-01-01,2005-09-08,2005-09-08,4.69,4.69,4.16,9.27,12,1,10000000,2,MA,mobile,0,0,0,0,1,7.0,1,4349,1711,1711,software,Medium
New York,40.729839,-73.991781,New York,Tripl,closed,2011-05-17,2011-05-20,2012-07-09,0.01,1.15,-0.02,1.23,5,3,900000,3,NY,social,0,1,0,0,0,1.5,1,4351,3,419,Software,Low
California,37.551441,-122.291435,San Mateo,Adap.tv,acquired,2006-11-01,2007-02-01,2011-03-28,0.25,4.41,3.32,6.79,27,5,48500000,3,CA,advertising,1,1,1,1,1,2.5,1,4352,92,1608,Service,High
California,37.392392,-122.078727,Mountain View,Mint.com,acquired,2006-11-01,2006-10-01,2009-08-12,-0.08,2.78,3.42,6.31,17,5,31775000,2,CA,finance,0,1,1,1,1,4.6,1,4353,-31,1015,Service,High
New York,40.728425,-73.999882,New York,BestVendor,acquired,2011-01-01,2011-03-18,2012-02-01,0.21,1.08,0.16,2.65,3,4,4200000,3,NY,software,0,1,1,0,0,3.0,1,4354,76,396,Software,Medium
California,37.7710177,-122.4025976,San Francisco,Flowgram,closed,2007-06-01,2008-01-31,2008-01-31,0.67,0.67,0.8,5.28,1,1,1300000,3,CA,web,0,1,0,0,0,8.0,1,4355,244,244,Software,Low
Georgia,33.749099,-84.390185,Atlanta,JouleX,acquired,2009-01-01,2011-06-10,2011-06-10,2.44,2.44,2.33,2.44,10,1,17000000,2,GA,enterprise,1,0,0,0,0,5.0,1,4356,890,890,Software,High
New York,40.730646,-73.986614,New York,Lore,acquired,2011-03-01,2011-06-27,2012-04-05,0.32,1.1,0.84,2.04,5,4,12123837,3,NY,education,0,1,1,0,0,4.67,1,4357,118,401,Service,High
California,34.102827000000005,-118.32999,Hollywood,HelpMeRent.com,closed,2010-10-01,2011-08-01,2011-08-01,0.83,0.83,-0.17,1.19,5,1,154000,2,CA,real_estate,0,1,0,0,0,1.0,0,4358,304,304,Business,Low
Massachusetts,42.360253,-71.058291,Boston,Spindle,acquired,2010-12-06,2012-11-16,2012-11-16,1.95,1.95,0.65,0.65,4,1,2300000,1,MA,mobile,1,0,0,0,0,6.0,1,4359,711,711,software,Medium
California,37.779281,-122.419236,San Francisco,Pulse,acquired,2010-05-01,2010-10-06,2011-06-16,0.43,1.13,2.69,3.54,23,2,9800000,2,CA,news,0,1,1,0,0,4.5,1,4360,158,411,Service,Medium
New York,42.961748,-78.870914,Kenmore,TrustDegrees,closed,2011-03-01,2011-04-17,2011-06-09,0.13,0.27,0.31,0.31,5,2,11000,1,NY,web,0,1,0,0,0,1.0,0,4361,47,100,Software,Low
California,33.685697,-117.825982,Irvine,TapIt! by Phunware,acquired,2011-01-01,2011-01-01,2012-04-01,0.0,1.25,2.01,2.67,8,2,550000,2,CA,advertising,0,1,0,0,0,1.0,0,4362,0,456,Service,Low
Washington,47.603832,-122.330062,Seattle,Familiar,acquired,2011-01-01,2011-05-01,2012-09-18,0.33,1.72,0.33,2.78,4,2,1300000,2,WA,photo_video,0,1,0,0,0,3.5,1,4364,120,626,Software,Low
California,37.779281,-122.419236,San Francisco,Giftly,acquired,2010-01-01,2011-03-01,2011-03-01,1.16,1.16,1.92,1.92,3,1,2800000,1,CA,web,0,0,0,0,0,6.0,1,4365,424,424,Software,Medium
California,37.222698,-121.979887,Los Gatos,Eyeona,closed,2011-01-01,2011-10-10,2011-10-10,0.77,0.77,0.31,1.15,3,1,2000000,2,CA,web,0,0,0,0,0,1.0,0,4366,282,282,Software,Low
California,37.36883,-122.03635,Sunnyvale,FlashSoft,acquired,2009-11-25,2011-06-28,2011-06-28,1.59,1.59,1.19,2.55,6,1,3000000,2,CA,software,0,0,1,0,0,2.0,1,4367,580,580,Software,Medium
California,37.371056,-121.920558,San Jose,Ocarina Networks,acquired,2007-02-01,2009-02-25,2009-02-25,2.07,2.07,1.83,3.75,9,1,20000000,2,CA,network_hosting,0,0,0,1,0,3.0,1,4368,755,755,Software,High
Massachusetts,42.296111,-71.238524,Needham,RatePoint,closed,2006-09-01,2007-01-29,2010-08-20,0.41,3.97,4.25,5.77,13,4,24500000,4,MA,software,0,0,1,1,1,2.5,1,4369,150,1449,Software,High
California,37.788653,-122.401333,San Francisco,Involver,acquired,2007-01-01,2008-09-02,2010-10-14,1.67,3.79,4.67,5.68,11,3,11040000,2,CA,software,0,0,1,1,1,2.5,1,4370,610,1382,Software,Medium
Illinois,40.116421,-88.243383,Champaign,Caterva,closed,2008-01-01,2009-12-15,2011-07-06,1.96,3.51,3.5,3.5,1,2,2408500,1,IL,social,0,1,0,0,0,3.0,1,4371,714,1282,Software,Medium
Washington,39.78373,-100.445882,Seattle,Moprise,closed,2010-01-01,2011-07-08,2011-10-07,1.52,1.76,0.75,0.75,6,2,2238055,1,WA,enterprise,1,1,0,0,0,1.0,1,4372,553,644,Software,Medium
Texas,30.270270299999996,-97.742204,Austin,BlackLocus,acquired,2010-01-01,2011-07-01,2011-07-01,1.5,1.5,2.08,2.08,5,1,2500000,1,TX,analytics,0,0,1,0,0,2.0,1,4373,546,546,Software,Medium
Colorado,40.01621,-105.28131,Boulder,OneRiot,acquired,2006-01-01,2006-01-01,2009-08-27,0.0,3.65,3.15,5.31,14,3,27300000,4,CO,advertising,0,0,1,1,1,3.0,1,4374,0,1334,Service,High
Massachusetts,42.485691,-71.19861999999999,Burlington,neoSaej,closed,2006-01-01,2007-03-29,2010-12-21,1.24,4.97,1.0,1.0,1,5,13130000,1,MA,web,1,0,1,0,0,2.0,1,4375,452,1815,Software,High
California,37.548418700000006,-122.3151646,San Mateo,Nearbuy Systems,acquired,2010-04-01,2011-07-21,2012-11-23,1.3,2.65,0.0,3.68,4,3,3282327,2,CA,analytics,1,0,0,0,0,2.0,1,4376,476,967,Software,Medium
New York,40.729839,-73.991781,New York,Dispatch,acquired,2011-05-01,2011-07-01,2011-11-10,0.17,0.53,0.17,2.44,4,2,983000,2,NY,messaging,0,1,0,0,0,6.0,1,4377,61,193,Software,Low
Tennessee,36.16223,-86.774353,Nashville,RentStuff.com,acquired,2010-01-01,2011-05-05,2012-04-12,1.34,2.28,1.0,1.0,3,2,675000,1,TN,web,0,1,0,0,0,1.5,0,4378,489,832,Software,Low
California,34.054935,-118.244476,Los Angeles,MyDoorman,closed,2009-05-01,2011-01-01,2011-01-01,1.67,1.67,1.0,1.76,3,1,100000,2,CA,software,0,1,0,0,0,1.0,0,4379,610,610,Software,Low
California,34.054935,-118.244476,Los Angeles,ItsGoinOn,closed,2010-05-01,2011-01-01,2011-01-01,0.67,0.67,0.0,0.76,3,1,100000,2,CA,games_video,0,1,0,0,0,1.0,0,4380,245,245,Software,Low
California,37.779281,-122.419236,San Francisco,Singly,acquired,2010-12-21,2011-02-01,2012-04-23,0.12,1.34,1.83,2.67,24,2,8950000,2,CA,analytics,0,0,1,0,0,7.0,1,4381,42,489,Software,Medium
Massachusetts,42.375219,-71.056101,Boston,Eons,closed,2005-01-01,2006-04-01,2007-03-01,1.25,2.16,2.0,3.81,14,2,32000000,4,MA,network_hosting,0,0,1,1,0,3.5,1,4382,455,789,Software,High
Washington,47.802184,-122.196307,Bothell,Dexterra,acquired,2000-01-01,2005-08-17,2008-10-02,5.63,8.76,8.5,8.76,9,5,122500000,2,WA,mobile,1,0,0,0,1,5.6,1,4383,2055,3197,software,High
New York,40.757929,-73.985506,NY,5min Media,acquired,2007-01-01,2007-04-01,2009-07-23,0.25,2.56,2.0,4.78,11,3,12800000,2,NY,games_video,0,1,1,1,0,1.5,1,4384,90,934,Software,High
Massachusetts,42.3751,-71.105616,Cambridge,Crashlytics,acquired,2011-02-01,2011-10-13,2012-04-10,0.7,1.19,0.66,2.62,5,2,6000000,3,MA,mobile,0,1,1,0,0,6.0,1,4385,254,434,software,Medium
Pennsylvania,40.0708709,-75.302716,Conshohocken,ShopRunner,acquired,2010-01-01,2013-08-19,2013-08-19,3.63,3.63,1.15,3.78,4,1,75000000,4,PA,ecommerce,1,0,0,0,0,1.0,0,4387,1326,1326,Software,High
California,39.78373,-100.445882,Menlo Park,Parse,acquired,2011-06-01,2011-08-04,2011-11-09,0.18,0.44,1.34,2.27,6,2,7000000,2,CA,enterprise,0,0,1,0,0,8.5,1,4388,64,161,Software,Medium
California,37.786906,-122.397672,San Francisco,Lexy,closed,2006-01-01,2009-03-10,2009-12-24,3.19,3.98,2.54,7.13,4,2,1708000,3,CA,games_video,0,1,0,0,0,1.0,0,4389,1164,1453,Software,Low
Washington,47.578174,-122.212731,Bellevue,Napera Networks,acquired,2006-12-01,2008-11-29,2008-11-29,2.0,2.0,-0.08,3.52,3,1,6000000,2,WA,network_hosting,0,0,1,0,0,1.0,1,4390,729,729,Software,Medium
California,37.451124,-122.16626399999998,Menlo Park,Cuil,closed,2005-01-01,2007-03-01,2008-04-15,2.16,3.29,3.5,7.69,13,2,33000000,4,CA,search,0,0,1,1,0,2.5,1,4391,789,1200,Software,High
Illinois,41.879535,-87.624333,Chicago,FeeFighters,acquired,2009-01-01,2010-05-01,2011-01-12,1.33,2.03,2.0,2.03,5,3,1525000,2,IL,ecommerce,0,1,0,0,0,2.67,1,4392,485,741,Software,Low
California,37.805289,-122.404448,San Francisco,Carbonetworks,closed,2005-01-01,2008-07-01,2008-07-01,3.5,3.5,3.0,3.0,6,1,5000000,1,CA,cleantech,0,0,1,0,0,1.0,1,4393,1277,1277,Business,Medium
California,37.388077,-122.08316,Mountain View,Zing Systems,acquired,2007-06-01,2006-12-01,2007-01-01,-0.5,-0.41,-0.5,5.77,10,2,26000000,4,CA,games_video,0,0,1,0,1,2.5,1,4394,-182,-151,Software,High
Illinois,41.875555,-87.624421,Chicago,Netgamix Inc,closed,2010-09-24,2011-10-15,2012-07-01,1.06,1.77,1.03,1.11,6,3,132885,2,IL,games_video,0,1,0,0,0,1.0,1,4395,386,646,Software,Low
California,37.425359,-122.1389633,Palo Alto,Buysight,acquired,2008-01-01,2008-11-04,2012-03-21,0.84,4.22,0.76,4.93,18,3,24030000,3,CA,advertising,0,0,1,1,0,3.67,1,4397,308,1541,Service,High
California,37.630551,-122.42211299999998,San Bruno,Qumu,acquired,2003-01-01,2006-05-22,2010-09-21,3.39,7.73,3.0,3.0,5,3,24750000,1,CA,software,0,0,0,1,1,5.33,1,4398,1237,2820,Software,High
California,33.581675,-117.726176,Aliso Viejo,DATAllegro,acquired,2003-01-01,2005-05-02,2008-06-17,2.33,5.46,2.0,2.0,4,3,57100000,1,CA,network_hosting,0,0,0,1,1,7.0,1,4399,852,1994,Software,High
California,33.020832,-117.077311,Solana Beach,Metaplace,acquired,2006-07-01,2007-01-01,2010-03-15,0.5,3.71,2.99,4.02,5,3,9400000,4,CA,games_video,1,0,1,1,0,4.0,1,4400,184,1353,Software,Medium
New York,40.755253,-73.992152,New York,Admeld,acquired,2007-10-01,2008-11-10,2010-08-01,1.11,2.84,2.92,4.17,14,3,30000000,3,NY,advertising,0,0,1,1,1,2.67,1,4402,406,1035,Service,High
California,37.551882,-122.313472,San Mateo,SpringSource,acquired,2004-01-01,2007-06-10,2008-06-24,3.44,4.48,6.01,6.28,18,2,25000000,2,CA,software,0,0,1,1,0,2.5,1,4403,1256,1636,Software,High
California,34.090368,-118.393064,West Hollywood,Geni,acquired,2006-06-01,2007-01-01,2009-01-19,0.59,2.64,3.54,6.07,13,3,16500000,4,CA,web,0,0,1,1,1,1.33,1,4404,214,963,Software,High
California,37.559287,-122.302262,Burlingame,Wize,acquired,2006-08-01,2007-01-01,2008-01-01,0.42,1.42,3.93,4.25,3,2,4988000,3,CA,ecommerce,0,0,1,1,0,1.5,1,4405,153,518,Software,Medium
Massachusetts,42.3751,-71.105616,Cambridge,Locu,acquired,2011-01-01,2011-09-07,2012-04-23,0.68,1.31,0.33,2.59,5,2,4600000,2,MA,advertising,0,1,1,0,0,9.0,1,4406,249,478,Service,Medium
New York,40.741178999999995,-73.99318199999999,New York,Hunch,acquired,2007-09-01,2007-11-01,2010-03-12,0.17,2.53,3.15,4.2,17,3,19200000,3,NY,web,0,0,1,1,0,3.0,1,4407,61,923,Software,High
California,37.7705096,-122.4015807,San Francisco,ngmoco,acquired,2008-06-26,2008-07-31,2010-08-11,0.1,2.13,3.01,4.25,19,4,44800000,3,CA,games_video,1,0,1,1,1,2.25,1,4408,35,776,Software,High
Washington,47.59896810000001,-122.33290359999998,Seattle,Local Marketers,closed,2005-01-01,2008-07-31,2008-07-31,3.58,3.58,-1.0,7.59,3,1,4100000,3,WA,web,1,0,0,0,0,1.0,1,4409,1307,1307,Software,Medium
California,37.762184999999995,-122.467269,San Francisco,Consorte Media,acquired,2005-07-01,2007-12-01,2007-12-01,2.42,2.42,2.5,8.4,5,1,7000000,4,CA,web,0,0,0,1,0,2.0,1,4410,883,883,Software,Medium
California,37.780716,-122.39391299999998,San Francisco,CastTV,acquired,2006-01-01,2006-01-01,2007-04-01,0.0,1.25,1.0,5.44,4,2,3100000,4,CA,games_video,0,1,1,0,0,2.0,1,4411,0,455,Software,Medium
Massachusetts,42.364367,-71.078978,Cambridge,Sermo,acquired,2006-01-01,2006-09-01,2011-02-17,0.67,5.13,2.75,6.0,15,4,41000000,2,MA,health,1,0,1,1,1,1.75,1,4412,243,1873,Service,High
Massachusetts,42.391389,-71.270987,Waltham,dynaTrace software,acquired,2005-01-01,2007-02-15,2011-01-07,2.12,6.02,2.0,6.51,5,3,21900000,2,MA,software,1,0,1,1,0,1.67,1,4413,775,2197,Software,High
New York,40.756799,-73.976348,New York,Worklight,acquired,2006-02-01,2006-02-19,2008-04-30,0.05,2.24,4.58,6.0,16,3,17600000,2,NY,mobile,1,0,1,1,0,2.67,1,4414,18,819,software,High
California,37.48413,-122.169472,Santa Clara,Ankeena Networks,acquired,2008-01-01,2008-08-08,2010-03-19,0.6,2.21,1.0,4.87,4,3,31828793,4,CA,software,1,0,1,1,0,2.5,1,4415,220,808,Software,High
New York,40.756054,-73.986951,New York,Salesforce Buddy Media,acquired,2007-09-01,2007-09-01,2011-08-15,0.0,3.96,4.76,5.15,24,5,90000000,3,NY,enterprise,1,0,1,1,1,3.8,1,4417,0,1444,Software,High
California,37.396312,-121.961396,Santa Clara,PlaySpan,acquired,2006-05-01,2007-09-01,2010-08-19,1.34,4.3,2.08,5.84,12,4,46300000,4,CA,games_video,1,0,1,1,1,4.25,1,4418,488,1571,Software,High
California,37.502742,-122.211281,Redwood City,Grouply,acquired,2006-03-01,2007-06-01,2008-01-14,1.25,1.87,4.72,5.1,13,3,2600000,2,CA,network_hosting,0,1,1,0,0,3.67,1,4419,457,684,Software,Medium
California,37.758062,-122.418642,San Francisco,Fluther,acquired,2007-01-01,2009-09-21,2009-09-21,2.72,2.72,0.92,6.31,5,1,600000,3,CA,web,0,1,0,0,0,7.0,1,4420,994,994,Software,Low
California,41.78942,-87.596232,San Francisco,ReTel Technologies,acquired,2007-10-01,2009-08-06,2009-12-02,1.85,2.17,2.17,5.08,4,2,1000000,3,CA,analytics,0,1,0,0,0,4.5,1,4421,675,793,Software,Low
New York,40.740441,-73.993376,New York,ShopWiki,acquired,2005-06-01,2006-07-01,2006-07-01,1.08,1.08,6.0,6.0,12,1,6250000,1,NY,ecommerce,0,0,1,0,0,1.0,0,4422,395,395,Software,Medium
New York,40.73901,-73.997259,New York,DailyBurn,acquired,2007-10-01,2008-05-01,2009-05-26,0.58,1.65,0.63,4.26,6,2,540000,2,NY,web,0,1,0,0,0,2.5,1,4423,213,603,Software,Low
California,37.557637,-122.28571399999998,Palo Alto,Zimbra,acquired,2003-01-01,2006-04-01,2006-04-01,3.25,3.25,3.84,7.9,19,1,14500000,3,CA,enterprise,0,0,0,0,1,9.0,1,4424,1186,1186,Software,High
